isin;acprice;currency;exchange_rate;country;industry;instrument_type;is_covered;defaulted;issuer;maturity;maturity_tranche;issuer_rating;rating;original_rating;region;area;prod_type;level 1 bucket;level 2 bucket;level 3 bucket;level 4 bucket;level 5 bucket;avg_daily_traded_volume;volatility
BRSTNCNTB3B8;4059.8633470000000000;BRL;1.0000000000000000;BR;Governments;BRL NTNB 150830;N;N;GBBR;2030-08-15;t > 7Y;BB;BBB to B;BB;Lat.Amer;LATAM;BOND;BBB to B;t > 7Y;Governments;LATAM;;239357325.5999999900000000;0.0040200000000000
US912810SX72;;;1.0000000000000000;US;Governments;;N;N;;2051-05-15;t > 7Y;AAA;AAA to A;AAA;N.Amer;North America;BOND;AAA to A;t > 7Y;Governments;North America;;;
US91282CBT71;;;1.0000000000000000;US;Governments;;N;N;;2026-03-31;3Y <= t <= 7Y;AAA;AAA to A;AAA;N.Amer;North America;BOND;AAA to A;3Y <= t <= 7Y;Governments;North America;;;
US912810FR42;;;1.0000000000000000;US;Governments;;;;;2025-01-15;t < 3Y;AAA;AAA to A;AAA;N.Amer;North America;BOND;AAA to A;t < 3Y;Governments;North America;;;
BRSTNCLF1RA8;11497.5784000000000000;BRL;1.0000000000000000;BR;Governments;BRL LFT 010324;N;N;GBBR;2024-03-01;t < 3Y;BB;BBB to B;BB;Lat.Amer;LATAM;BOND;BBB to B;t < 3Y;Governments;LATAM;;;0.0001590000000000
US105756BV13;104.4693295999999900;USD;1.0000000000000000;US;Governments;GLOBAL 25 USD;N;N;GBBR;2025-01-07;t < 3Y;AAA;AAA to A;AAA;N.Amer;North America;BOND;AAA to A;t < 3Y;Governments;North America;;;0.0946280000000000
US912828XL95;;;1.0000000000000000;US;Governments;;;;;2025-07-15;3Y <= t <= 7Y;AAA;AAA to A;AAA;N.Amer;North America;BOND;AAA to A;3Y <= t <= 7Y;Governments;North America;;;
BRSTNCNTB3C6;4110.0964759999997000;BRL;1.0000000000000000;BR;Governments;BRL NTNB 150840;N;N;GBBR;2040-08-15;t > 7Y;BB;BBB to B;BB;Lat.Amer;LATAM;BOND;BBB to B;t > 7Y;Governments;LATAM;;66239717.4200000020000000;0.0063600000000000
BRSTNCLF1R82;11504.8381100000010000;BRL;1.0000000000000000;BR;Governments;BRL LFT 010323;N;N;GBBR;2023-03-01;t < 3Y;BB;BBB to B;BB;Lat.Amer;LATAM;BOND;BBB to B;t < 3Y;Governments;LATAM;;;0.0001120000000000
BRSTNCNTF147;1005.4144930000000000;BRL;1.0000000000000000;BR;Governments;BRL NTNF 010123;N;N;GBBR;2023-01-02;t < 3Y;BB;BBB to B;BB;Lat.Amer;LATAM;BOND;BBB to B;t < 3Y;Governments;LATAM;;267549451.0999999900000000;0.0043520000000000
US91282CCP41;;;1.0000000000000000;US;Governments;;N;N;;2026-07-31;3Y <= t <= 7Y;AAA;AAA to A;AAA;N.Amer;North America;BOND;AAA to A;3Y <= t <= 7Y;Governments;North America;;;
US9128284U17;;;1.0000000000000000;US;Governments;;;;;2023-06-30;t < 3Y;AAA;AAA to A;AAA;N.Amer;North America;BOND;AAA to A;t < 3Y;Governments;North America;;;
US912828ZQ64;;;1.0000000000000000;US;Governments;;N;N;;2030-05-15;t > 7Y;AAA;AAA to A;AAA;N.Amer;North America;BOND;AAA to A;t > 7Y;Governments;North America;;;
US912828WU04;;;1.0000000000000000;US;Governments;;;;;2024-07-15;t < 3Y;AAA;AAA to A;AAA;N.Amer;North America;BOND;AAA to A;t < 3Y;Governments;North America;;;
US912828ZY98;;;1.0000000000000000;US;Governments;;N;N;;2023-07-15;t < 3Y;AAA;AAA to A;AAA;N.Amer;North America;BOND;AAA to A;t < 3Y;Governments;North America;;;
BRSTNCNTC0K4;9646.1284130000004000;BRL;1.0000000000000000;BR;Governments;BRL NTNC 010131;;;GBBR;2031-01-01;t > 7Y;BB;BBB to B;BB;Lat.Amer;LATAM;BOND;BBB to B;t > 7Y;Governments;LATAM;;2756818.5200000000000000;0.0075610000000000
US912828Z948;;;1.0000000000000000;US;Governments;;N;N;;2030-02-15;t > 7Y;AAA;AAA to A;AAA;N.Amer;North America;BOND;AAA to A;t > 7Y;Governments;North America;;;
US912810SU34;;;1.0000000000000000;US;Governments;;N;N;;2051-02-15;t > 7Y;AAA;AAA to A;AAA;N.Amer;North America;BOND;AAA to A;t > 7Y;Governments;North America;;;
US91282CAK71;;;1.0000000000000000;US;Governments;;N;N;;2023-09-15;t < 3Y;AAA;AAA to A;AAA;N.Amer;North America;BOND;AAA to A;t < 3Y;Governments;North America;;;
BRSTNCNTB4O9;3974.8849919999998000;BRL;1.0000000000000000;BR;Governments;BRL NTNB 150523;N;N;GBBR;2023-05-15;t < 3Y;BB;BBB to B;BB;Lat.Amer;LATAM;BOND;BBB to B;t < 3Y;Governments;LATAM;;903496307.7000000500000000;0.0027750000000000
BRSTNCNTF1P8;977.0679519999999900;BRL;1.0000000000000000;BR;Governments;BRL NTNF 010127;N;N;GBBR;2027-01-04;3Y <= t <= 7Y;BB;BBB to B;BB;Lat.Amer;LATAM;BOND;BBB to B;3Y <= t <= 7Y;Governments;LATAM;;181173293.0000000000000000;0.0070390000000000
US105756AP53;;;1.0000000000000000;US;Governments;;;;;2040-08-17;t > 7Y;AAA;AAA to A;AAA;N.Amer;North America;BOND;AAA to A;t > 7Y;Governments;North America;;;
BRSTNCNTF170;990.9967709999999700;BRL;1.0000000000000000;BR;Governments;BRL NTNF 010125;N;N;GBBR;2025-01-02;t < 3Y;B;BBB to B;B;Lat.Amer;LATAM;BOND;BBB to B;t < 3Y;Governments;LATAM;;76568584.0300000010000000;0.0058100000000000
US91282CBS98;;;1.0000000000000000;US;Governments;;N;N;;2028-03-31;3Y <= t <= 7Y;AAA;AAA to A;AAA;N.Amer;North America;BOND;AAA to A;3Y <= t <= 7Y;Governments;North America;;;
US91282CCF68;;;1.0000000000000000;US;Governments;;N;N;;2026-05-31;3Y <= t <= 7Y;AAA;AAA to A;AAA;N.Amer;North America;BOND;AAA to A;3Y <= t <= 7Y;Governments;North America;;;
US912828Y610;;;1.0000000000000000;US;Governments;;;;;2023-07-31;t < 3Y;AAA;AAA to A;AAA;N.Amer;North America;BOND;AAA to A;t < 3Y;Governments;North America;;;
BRSTNCNTB096;3963.4623360000001000;BRL;1.0000000000000000;BR;Governments;BRL NTNB 150824;N;N;GBBR;2024-08-15;t < 3Y;BB;BBB to B;BB;Lat.Amer;LATAM;BOND;BBB to B;t < 3Y;Governments;LATAM;;542630364.5000000000000000;0.0033090000000000
US912810SP49;;;1.0000000000000000;US;Governments;;N;N;;2050-08-15;t > 7Y;AAA;AAA to A;AAA;N.Amer;North America;BOND;AAA to A;t > 7Y;Governments;North America;;;
US912810SJ88;;;1.0000000000000000;US;Governments;;N;N;;2049-08-15;t > 7Y;AAA;AAA to A;AAA;N.Amer;North America;BOND;AAA to A;t > 7Y;Governments;North America;;;
US91282CBL46;;;1.0000000000000000;US;Governments;;N;N;;2031-02-15;t > 7Y;AAA;AAA to A;AAA;N.Amer;North America;BOND;AAA to A;t > 7Y;Governments;North America;;;
US912828TE09;;;1.0000000000000000;US;Governments;;N;N;;2022-07-15;t < 3Y;AAA;AAA to A;AAA;N.Amer;North America;BOND;AAA to A;t < 3Y;Governments;North America;;;
US912828YB05;;;1.0000000000000000;US;Governments;;N;N;;2029-08-15;t > 7Y;AAA;AAA to A;AAA;N.Amer;North America;BOND;AAA to A;t > 7Y;Governments;North America;;;
BRSTNCNTB0A6;4145.5231379999996000;BRL;1.0000000000000000;BR;Governments;BRL NTNB 150545;N;N;GBBR;2045-05-15;t > 7Y;BB;BBB to B;BB;Lat.Amer;LATAM;BOND;BBB to B;t > 7Y;Governments;LATAM;;53631603.5099999980000000;0.0063440000000000
BRSTNCNTB0O7;4146.9261360000000000;BRL;1.0000000000000000;BR;Governments;BRL NTNB 150535;N;N;GBBR;2035-05-15;t > 7Y;BB;BBB to B;BB;Lat.Amer;LATAM;BOND;BBB to B;t > 7Y;Governments;LATAM;;168366301.6999999900000000;0.0059760000000000
BRSTNCNTB4Q4;4170.1754910000000000;BRL;1.0000000000000000;BR;Governments;BRL NTNB 150555;N;N;GBBR;2055-05-15;t > 7Y;BB;BBB to B;BB;Lat.Amer;LATAM;BOND;BBB to B;t > 7Y;Governments;LATAM;;87131269.4599999930000000;0.0070980000000000
US912828N712;;;1.0000000000000000;US;Governments;;;;;2026-01-15;3Y <= t <= 7Y;AAA;AAA to A;AAA;N.Amer;North America;BOND;AAA to A;3Y <= t <= 7Y;Governments;North America;;;
US91282CAE12;;;1.0000000000000000;US;Governments;;N;N;;2030-08-15;t > 7Y;AAA;AAA to A;AAA;N.Amer;North America;BOND;AAA to A;t > 7Y;Governments;North America;;;
US91282CCN92;;;1.0000000000000000;US;Governments;;N;N;;2023-07-31;t < 3Y;AAA;AAA to A;AAA;N.Amer;North America;BOND;AAA to A;t < 3Y;Governments;North America;;;
BRSTNCNTF1Q6;959.5899839999999600;BRL;1.0000000000000000;BR;Governments;BRL NTNF 010129;N;N;GBBR;2029-01-02;3Y <= t <= 7Y;BB;BBB to B;BB;Lat.Amer;LATAM;BOND;BBB to B;3Y <= t <= 7Y;Governments;LATAM;;156075427.1999999900000000;0.0080650000000000
US912828YS30;;;1.0000000000000000;US;Governments;;N;N;;2029-11-15;t > 7Y;AAA;AAA to A;AAA;N.Amer;North America;BOND;AAA to A;t > 7Y;Governments;North America;;;
BRSTNCLF1R74;11504.9991900000000000;BRL;1.0000000000000000;BR;Governments;BRL LFT 010922;;;GBBR;2022-09-01;t < 3Y;BB;BBB to B;BB;Lat.Amer;LATAM;BOND;BBB to B;t < 3Y;Governments;LATAM;;;0.0001050000000000
US91282CCJ80;;;1.0000000000000000;US;Governments;;N;N;;2026-06-30;3Y <= t <= 7Y;AAA;AAA to A;AAA;N.Amer;North America;BOND;AAA to A;3Y <= t <= 7Y;Governments;North America;;;
BRSTNCNTB3Y0;3909.2677600000002000;BRL;1.0000000000000000;BR;Governments;BRL NTNB 150822;N;N;GBBR;2022-08-15;t < 3Y;BB;BBB to B;BB;Lat.Amer;LATAM;BOND;BBB to B;t < 3Y;Governments;LATAM;;1004058047.0000000000000000;0.0022240000000000
US91282CAF86;;;1.0000000000000000;US;Governments;;N;N;;2023-08-15;t < 3Y;AAA;AAA to A;AAA;N.Amer;North America;BOND;AAA to A;t < 3Y;Governments;North America;;;
BRSTNCLF1R90;11499.1891199999990000;BRL;1.0000000000000000;BR;Governments;BRL LFT 010923;;;GBBR;2023-09-01;t < 3Y;BB;BBB to B;BB;Lat.Amer;LATAM;BOND;BBB to B;t < 3Y;Governments;LATAM;;;0.0001270000000000
US912810SS87;;;1.0000000000000000;US;Governments;;N;N;;2050-11-15;t > 7Y;AAA;AAA to A;AAA;N.Amer;North America;BOND;AAA to A;t > 7Y;Governments;North America;;;
US91282CBW01;;;1.0000000000000000;US;Governments;;N;N;;2026-04-30;3Y <= t <= 7Y;AAA;AAA to A;AAA;N.Amer;North America;BOND;AAA to A;3Y <= t <= 7Y;Governments;North America;;;
BRSTNCNTB4U6;4018.3751790000001000;BRL;1.0000000000000000;BR;Governments;BRL NTNB 150826;N;N;GBBR;2026-08-15;3Y <= t <= 7Y;BB;BBB to B;BB;Lat.Amer;LATAM;BOND;BBB to B;3Y <= t <= 7Y;Governments;LATAM;;614789869.8999999800000000;0.0039540000000000
US91282CAV37;;;1.0000000000000000;US;Governments;;N;N;;2030-11-15;t > 7Y;AAA;AAA to A;AAA;N.Amer;North America;BOND;AAA to A;t > 7Y;Governments;North America;;;
US91282CAZ41;;;1.0000000000000000;US;Governments;;N;N;;2025-11-30;3Y <= t <= 7Y;AAA;AAA to A;AAA;N.Amer;North America;BOND;AAA to A;3Y <= t <= 7Y;Governments;North America;;;
BRSTNCNTB3D4;4100.0230400000000000;BRL;1.0000000000000000;BR;Governments;BRL NTNB 150850;N;N;GBBR;2050-08-15;t > 7Y;BB;BBB to B;BB;Lat.Amer;LATAM;BOND;BBB to B;t > 7Y;Governments;LATAM;;99508603.0999999940000000;0.0069220000000000
US912828UH11;;;1.0000000000000000;US;Governments;;;;;2023-01-15;t < 3Y;AAA;AAA to A;AAA;N.Amer;North America;BOND;AAA to A;t < 3Y;Governments;North America;;;
BRSTNCNTB4X0;4037.5662499999999000;BRL;1.0000000000000000;BR;Governments;BRL NTNB 150828;;;GBBR;2028-08-15;3Y <= t <= 7Y;BB;BBB to B;BB;Lat.Amer;LATAM;BOND;BBB to B;3Y <= t <= 7Y;Governments;LATAM;;288854997.1999999900000000;0.0044590000000000
US912810SL35;;;1.0000000000000000;US;Governments;;N;N;;2050-02-15;t > 7Y;AAA;AAA to A;AAA;N.Amer;North America;BOND;AAA to A;t > 7Y;Governments;North America;;;
US91282CCR07;;;1.0000000000000000;US;Governments;;N;N;;2028-07-31;3Y <= t <= 7Y;AAA;AAA to A;AAA;N.Amer;North America;BOND;AAA to A;3Y <= t <= 7Y;Governments;North America;;;
US91282CCK53;;;1.0000000000000000;US;Governments;;N;N;;2023-06-30;t < 3Y;AAA;AAA to A;AAA;N.Amer;North America;BOND;AAA to A;t < 3Y;Governments;North America;;;
US912810SN90;;;1.0000000000000000;US;Governments;;N;N;;2050-05-15;t > 7Y;AAA;AAA to A;AAA;N.Amer;North America;BOND;AAA to A;t > 7Y;Governments;North America;;;
US912828ZU76;;;1.0000000000000000;US;Governments;;N;N;;2023-06-15;t < 3Y;AAA;AAA to A;AAA;N.Amer;North America;BOND;AAA to A;t < 3Y;Governments;North America;;;
US91282CCE93;;;1.0000000000000000;US;Governments;;N;N;;2028-05-31;3Y <= t <= 7Y;AAA;AAA to A;AAA;N.Amer;North America;BOND;AAA to A;3Y <= t <= 7Y;Governments;North America;;;
US91282CCB54;;;1.0000000000000000;US;Governments;;N;N;;2031-05-15;t > 7Y;AAA;AAA to A;AAA;N.Amer;North America;BOND;AAA to A;t > 7Y;Governments;North America;;;
US9128285T35;;;1.0000000000000000;US;Governments;;N;N;;2025-12-31;3Y <= t <= 7Y;AAA;AAA to A;AAA;N.Amer;North America;BOND;AAA to A;3Y <= t <= 7Y;Governments;North America;;;
US912828VM96;;;1.0000000000000000;US;Governments;;N;N;;2023-07-15;t < 3Y;AAA;AAA to A;AAA;N.Amer;North America;BOND;AAA to A;t < 3Y;Governments;North America;;;
US91282CBZ32;;;1.0000000000000000;US;Governments;;N;N;;2028-04-30;3Y <= t <= 7Y;AAA;AAA to A;AAA;N.Amer;North America;BOND;AAA to A;3Y <= t <= 7Y;Governments;North America;;;
US912810QV35;;;1.0000000000000000;US;Governments;;N;N;;2042-02-15;t > 7Y;AAA;AAA to A;AAA;N.Amer;North America;BOND;AAA to A;t > 7Y;Governments;North America;;;
US91282CCS89;;;1.0000000000000000;US;Governments;;N;N;;2031-08-15;t > 7Y;AAA;AAA to A;AAA;N.Amer;North America;BOND;AAA to A;t > 7Y;Governments;North America;;;
US912828ZR48;;;1.0000000000000000;US;Governments;;N;N;;2022-05-31;t < 3Y;AAA;AAA to A;AAA;N.Amer;North America;BOND;AAA to A;t < 3Y;Governments;North America;;;0.0000860000000000
US9128286T26;;;1.0000000000000000;US;Governments;;N;N;;2029-05-15;t > 7Y;AAA;AAA to A;AAA;N.Amer;North America;BOND;AAA to A;t > 7Y;Governments;North America;;;
US91282CCH25;;;1.0000000000000000;US;Governments;;N;N;;2028-06-30;3Y <= t <= 7Y;AAA;AAA to A;AAA;N.Amer;North America;BOND;AAA to A;3Y <= t <= 7Y;Governments;North America;;;
BRSTNCNTA015;5172.1798230000004000;BRL;1.0000000000000000;BR;Governments;BRL NTNA 150424;;;GBBR;2024-04-15;t < 3Y;BB;BBB to B;BB;Lat.Amer;LATAM;BOND;BBB to B;t < 3Y;Governments;LATAM;;753563.0000000000000000;0.0178910000000000
BRSTNCTD5XI3;0.9501364000000000;BRL;1.0000000000000000;BR;Governments;BRL TDAE100356;;;GBBR;2023-03-01;t < 3Y;BB;BBB to B;BB;Lat.Amer;LATAM;BOND;BBB to B;t < 3Y;Governments;LATAM;;;0.0012870000000000
BRSTNCTD62K7;;;1.0000000000000000;BR;Governments;;;;;2024-05-01;t < 3Y;BB;BBB to B;BB;Lat.Amer;LATAM;BOND;BBB to B;t < 3Y;Governments;LATAM;;;
BRSTNCTD4DR0;0.9175162000000000;BRL;1.0000000000000000;BR;Governments;BRL TDAE041277;;;GBBR;2023-12-01;t < 3Y;BB;BBB to B;BB;Lat.Amer;LATAM;BOND;BBB to B;t < 3Y;Governments;LATAM;;;0.0018780000000000
BRSTNCTD4DS8;0.8826479000000000;BRL;1.0000000000000000;BR;Governments;BRL TDAE041278;;;GBBR;2024-12-01;t < 3Y;BB;BBB to B;BB;Lat.Amer;LATAM;BOND;BBB to B;t < 3Y;Governments;LATAM;;;0.0027160000000000
BRSTNCTD7932;0.9239069000000000;BRL;1.0000000000000000;BR;Governments;BRL TDA23100600;;;GBBR;2023-10-01;t < 3Y;BB;BBB to B;BB;Lat.Amer;LATAM;BOND;BBB to B;t < 3Y;Governments;LATAM;;;0.0017460000000000
BRSTNCTD2VK1;0.9270015000000000;BRL;1.0000000000000000;BR;Governments;BRL TDAE070974;;;GBBR;2023-09-01;t < 3Y;BB;BBB to B;BB;Lat.Amer;LATAM;BOND;BBB to B;t < 3Y;Governments;LATAM;;;0.0016810000000000
BRSTNCTD2VO3;0.7978528000000000;BRL;1.0000000000000000;BR;Governments;BRL TDAE070978;;;GBBR;2027-09-01;3Y <= t <= 7Y;BB;BBB to B;BB;Lat.Amer;LATAM;BOND;BBB to B;3Y <= t <= 7Y;Governments;LATAM;;;0.0043550000000000
BRSTNCTD77Y6;0.9663585000000000;BRL;1.0000000000000000;BR;Governments;BRL TDAH121138;;;GBBR;2022-11-01;t < 3Y;BB;BBB to B;BB;Lat.Amer;LATAM;BOND;BBB to B;t < 3Y;Governments;LATAM;;;0.0010780000000000
BRSTNCTD7387;;;1.0000000000000000;BR;Governments;;;;;2022-12-01;t < 3Y;BB;BBB to B;BB;Lat.Amer;LATAM;BOND;BBB to B;t < 3Y;Governments;LATAM;;;0.0006790000000000
BRSTNCTD6NC6;0.8708774000000000;BRL;1.0000000000000000;BR;Governments;BRL TDAE110557;;;GBBR;2025-05-01;3Y <= t <= 7Y;BB;BBB to B;BB;Lat.Amer;LATAM;BOND;BBB to B;3Y <= t <= 7Y;Governments;LATAM;;;0.0030140000000000
BRSTNCTD7924;0.9703380000000000;BRL;1.0000000000000000;BR;Governments;BRL TDA22100600;;;GBBR;2022-10-01;t < 3Y;BB;BBB to B;BB;Lat.Amer;LATAM;BOND;BBB to B;t < 3Y;Governments;LATAM;;;0.0010300000000000
BRL TDA22120300;0.9443129000000000;BRL;1.0000000000000000;BR;Governments;BRL TDA22120300;;;GBBR;2022-12-01;t < 3Y;BB;BBB to B;BB;Lat.Amer;LATAM;BOND;BBB to B;t < 3Y;Governments;LATAM;;;0.0011290000000000
BRSTNCTD2VN5;0.8274414000000000;BRL;1.0000000000000000;BR;Governments;BRL TDAE070977;;;GBBR;2026-09-01;3Y <= t <= 7Y;BB;BBB to B;BB;Lat.Amer;LATAM;BOND;BBB to B;3Y <= t <= 7Y;Governments;LATAM;;;0.0038090000000000
BRSTNCTD2VW6;0.8201231000000000;BRL;1.0000000000000000;BR;Governments;BRL TDAE071277;;;GBBR;2026-12-01;3Y <= t <= 7Y;BB;BBB to B;BB;Lat.Amer;LATAM;BOND;BBB to B;3Y <= t <= 7Y;Governments;LATAM;;;0.0039400000000000
BRSTNCTD6N97;0.9942268000000000;BRL;1.0000000000000000;BR;Governments;BRL TDAE110554;;;GBBR;2022-05-01;t < 3Y;BB;BBB to B;BB;Lat.Amer;LATAM;BOND;BBB to B;t < 3Y;Governments;LATAM;;;0.0008110000000000
BRSTNCTD6ND4;0.8386990000000000;BRL;1.0000000000000000;BR;Governments;BRL TDAE110558;;;GBBR;2026-05-01;3Y <= t <= 7Y;BB;BBB to B;BB;Lat.Amer;LATAM;BOND;BBB to B;3Y <= t <= 7Y;Governments;LATAM;;;0.0036260000000000
BRSTNCTD2WH5;0.9501364000000000;BRL;1.0000000000000000;BR;Governments;BRL TDAE090357;;;GBBR;2023-03-01;t < 3Y;BB;BBB to B;BB;Lat.Amer;LATAM;BOND;BBB to B;t < 3Y;Governments;LATAM;;;0.0012870000000000
BRSTNCTD5X47;0.8438518000000000;BRL;1.0000000000000000;BR;Governments;BRL TDAE100374;;;GBBR;2026-03-01;3Y <= t <= 7Y;BB;BBB to B;BB;Lat.Amer;LATAM;BOND;BBB to B;3Y <= t <= 7Y;Governments;LATAM;;;0.0035390000000000
BRSTNCTD6NA0;0.9426650000000000;BRL;1.0000000000000000;BR;Governments;BRL TDAE110555;;;GBBR;2023-05-01;t < 3Y;BB;BBB to B;BB;Lat.Amer;LATAM;BOND;BBB to B;t < 3Y;Governments;LATAM;;;0.0014090000000000
BRSTNCTD3Y89;0.9980270000000000;BRL;1.0000000000000000;BR;Governments;BRL TDAD08D237;;;GBBR;2022-04-01;t < 3Y;BB;BBB to B;BB;Lat.Amer;LATAM;BOND;BBB to B;t < 3Y;Governments;LATAM;;;0.0007870000000000
BRSTNCTD2SY8;0.9776383000000000;BRL;1.0000000000000000;BR;Governments;BRL TDAD08G237;;;GBBR;2022-07-01;t < 3Y;BB;BBB to B;BB;Lat.Amer;LATAM;BOND;BBB to B;t < 3Y;Governments;LATAM;;;0.0012770000000000
BRSTNCTD2VL9;0.8906786000000000;BRL;1.0000000000000000;BR;Governments;BRL TDAE070975;;;GBBR;2024-09-01;t < 3Y;BB;BBB to B;BB;Lat.Amer;LATAM;BOND;BBB to B;t < 3Y;Governments;LATAM;;;0.0025110000000000
BRSTNCTD2WI3;0.9084056000000000;BRL;1.0000000000000000;BR;Governments;BRL TDAE090358;;;GBBR;2024-03-01;t < 3Y;BB;BBB to B;BB;Lat.Amer;LATAM;BOND;BBB to B;t < 3Y;Governments;LATAM;;;0.0020780000000000
BRSTNCTD3ZN4;0.9137437000000001;BRL;1.0000000000000000;BR;Governments;BRL TDAD08E238;;;GBBR;2023-05-01;t < 3Y;BB;BBB to B;BB;Lat.Amer;LATAM;BOND;BBB to B;t < 3Y;Governments;LATAM;;;0.0014220000000000
BRSTNCTD2VM7;0.8592211000000000;BRL;1.0000000000000000;BR;Governments;BRL TDAE070976;;;GBBR;2025-09-01;3Y <= t <= 7Y;BB;BBB to B;BB;Lat.Amer;LATAM;BOND;BBB to B;3Y <= t <= 7Y;Governments;LATAM;;;0.0032420000000000
BRSTNCTD2VJ3;0.9747121000000000;BRL;1.0000000000000000;BR;Governments;BRL TDAE070958;;;GBBR;2022-09-01;t < 3Y;BB;BBB to B;BB;Lat.Amer;LATAM;BOND;BBB to B;t < 3Y;Governments;LATAM;;;0.0009810000000000
BRSTNCTD3ZM6;0.9918925000000000;BRL;1.0000000000000000;BR;Governments;BRL TDAD08E237;;;GBBR;2022-05-01;t < 3Y;BB;BBB to B;BB;Lat.Amer;LATAM;BOND;BBB to B;t < 3Y;Governments;LATAM;;;0.0008120000000000
BRSTNCTD2VS4;0.9624353000000000;BRL;1.0000000000000000;BR;Governments;BRL TDAH071273;;;GBBR;2022-12-01;t < 3Y;BB;BBB to B;BB;Lat.Amer;LATAM;BOND;BBB to B;t < 3Y;Governments;LATAM;;;0.0011250000000000
BRSTNCTD5X39;0.8752451000000000;BRL;1.0000000000000000;BR;Governments;BRL TDAE100358;;;GBBR;2025-03-01;t < 3Y;BB;BBB to B;BB;Lat.Amer;LATAM;BOND;BBB to B;t < 3Y;Governments;LATAM;;;0.0029070000000000
BRSTNCTD2RF9;97.0859719000000040;BRL;1.0000000000000000;BR;Governments;BRL TDAD07H238;;;GBBR;2022-08-01;t < 3Y;BB;BBB to B;BB;Lat.Amer;LATAM;BOND;BBB to B;t < 3Y;Governments;LATAM;;;0.0011820000000000
BRSTNCTD2K03;0.9504566000000000;BRL;1.0000000000000000;BR;Governments;BRL TDAD07K238;;;GBBR;2022-11-01;t < 3Y;BB;BBB to B;BB;Lat.Amer;LATAM;BOND;BBB to B;t < 3Y;Governments;LATAM;;;0.0010810000000000
BRSTNCTD2VT2;0.9175162000000000;BRL;1.0000000000000000;BR;Governments;BRL TDAH071274;;;GBBR;2023-12-01;t < 3Y;BB;BBB to B;BB;Lat.Amer;LATAM;BOND;BBB to B;t < 3Y;Governments;LATAM;;;0.0018780000000000
BRSTNCTD2VU0;0.8826479000000000;BRL;1.0000000000000000;BR;Governments;BRL TDAE071275;;;GBBR;2024-12-01;t < 3Y;BB;BBB to B;BB;Lat.Amer;LATAM;BOND;BBB to B;t < 3Y;Governments;LATAM;;;0.0027160000000000
BRSTNCTD2VV8;0.8507698000000000;BRL;1.0000000000000000;BR;Governments;BRL TDAH071276;;;GBBR;2025-12-01;3Y <= t <= 7Y;BB;BBB to B;BB;Lat.Amer;LATAM;BOND;BBB to B;3Y <= t <= 7Y;Governments;LATAM;;;0.0034030000000000
BRSTNCTD2VX4;0.7913312000000000;BRL;1.0000000000000000;BR;Governments;BRL TDAH071278;;;GBBR;2027-12-01;3Y <= t <= 7Y;BB;BBB to B;BB;Lat.Amer;LATAM;BOND;BBB to B;3Y <= t <= 7Y;Governments;LATAM;;;0.0044700000000000
BRSTNCTD7395;94.5201863000000060;BRL;1.0000000000000000;BR;Governments;BRL TDAD12K332;;;GBBR;2022-11-01;t < 3Y;BB;BBB to B;BB;Lat.Amer;LATAM;BOND;BBB to B;t < 3Y;Governments;LATAM;;;0.0013160000000000
BRSTNCTD4DQ2;0.9624353000000000;BRL;1.0000000000000000;BR;Governments;BRL TDAE041276;;;GBBR;2022-12-01;t < 3Y;BB;BBB to B;BB;Lat.Amer;LATAM;BOND;BBB to B;t < 3Y;Governments;LATAM;;;0.0011250000000000
BRSTNCTD4Q96;0.9254706000000000;BRL;1.0000000000000000;BR;Governments;BRL TDAD10C236;;;GBBR;2023-03-01;t < 3Y;BB;BBB to B;BB;Lat.Amer;LATAM;BOND;BBB to B;t < 3Y;Governments;LATAM;;;0.0012950000000000
BRSTNCTD5X21;0.9084056000000000;BRL;1.0000000000000000;BR;Governments;BRL TDAE100357;;;GBBR;2024-03-01;t < 3Y;BB;BBB to B;BB;Lat.Amer;LATAM;BOND;BBB to B;t < 3Y;Governments;LATAM;;;0.0020780000000000
BRSTNCTD6NB8;0.9024358000000000;BRL;1.0000000000000000;BR;Governments;BRL TDAE110556;;;GBBR;2024-05-01;t < 3Y;BB;BBB to B;BB;Lat.Amer;LATAM;BOND;BBB to B;t < 3Y;Governments;LATAM;;;0.0022200000000000
BRSTNCTD40Y4;;;1.0000000000000000;BR;Governments;;;;;2022-11-01;t < 3Y;BB;BBB to B;BB;Lat.Amer;LATAM;BOND;BBB to B;t < 3Y;Governments;LATAM;;;
BRRBCSCRI253;;;1.0000000000000000;;Others;;;;;2023-02-17;t < 3Y;NR;;NR;;Others;BOND;;t < 3Y;Others;Others;;;0.0153100000000000
BRRBRACRI3V3;;;1.0000000000000000;;Others;;;;;2027-01-06;3Y <= t <= 7Y;NR;;NR;;Others;BOND;;3Y <= t <= 7Y;Others;Others;;;0.0026940000000000
BRL TDA22110600;0.9663585000000000;BRL;1.0000000000000000;BR;Governments;BRL TDA22110600;;;GBBR;2022-11-01;t < 3Y;BB;BBB to B;BB;Lat.Amer;LATAM;BOND;BBB to B;t < 3Y;Governments;LATAM;;;0.0010780000000000
BRSTNCNTB2U0;1064.1793690000000000;BRL;1.0000000000000000;BR;Governments;BRL NTNB 150545 STPR;;;GBBR;2045-05-15;t > 7Y;BB;BBB to B;BB;Lat.Amer;LATAM;BOND;BBB to B;t > 7Y;Governments;LATAM;;;0.0099840000000000
BRSTNCNTB4W2;3104.2797639999999000;BRL;1.0000000000000000;BR;Governments;BRL NTNB 150826 STPR;;;GBBR;2026-08-17;3Y <= t <= 7Y;BB;BBB to B;BB;Lat.Amer;LATAM;BOND;BBB to B;3Y <= t <= 7Y;Governments;LATAM;;;0.0036870000000000
BRSTNCNTB3E2;1917.4605380000000000;BRL;1.0000000000000000;BR;Governments;BRL NTNB 150535 STPR;;;GBBR;2035-05-15;t > 7Y;BB;BBB to B;BB;Lat.Amer;LATAM;BOND;BBB to B;t > 7Y;Governments;LATAM;;;0.0077460000000000
BRSTNCNTF1J1;44.5831530000000030;BRL;1.0000000000000000;BR;Governments;BRL NTNF 010123 STCP;;;GBBR;2023-01-02;t < 3Y;BB;BBB to B;BB;Lat.Amer;LATAM;BOND;BBB to B;t < 3Y;Governments;LATAM;;;0.0015710000000000
BRSTNCNTF1L7;40.0191220000000030;BRL;1.0000000000000000;BR;Governments;BRL NTNF 010124 STCP;;;GBBR;2024-01-02;t < 3Y;BB;BBB to B;BB;Lat.Amer;LATAM;BOND;BBB to B;t < 3Y;Governments;LATAM;;;0.0030340000000000
BRSTNCNTF1N3;36.2425330000000020;BRL;1.0000000000000000;BR;Governments;BRL NTNF 010125 STCP;;;GBBR;2025-01-02;t < 3Y;BB;BBB to B;BB;Lat.Amer;LATAM;BOND;BBB to B;t < 3Y;Governments;LATAM;;;0.0045760000000000
BRSTNCNTF1S2;32.6318150000000030;BRL;1.0000000000000000;BR;Governments;BRL NTNF 010126 STCP;;;GBBR;2026-01-02;3Y <= t <= 7Y;BB;BBB to B;BB;Lat.Amer;LATAM;BOND;BBB to B;3Y <= t <= 7Y;Governments;LATAM;;;0.0058240000000000
BRSTNCNTF1U8;29.3429639999999980;BRL;1.0000000000000000;BR;Governments;BRL NTNF 010127 STCP;;;GBBR;2027-01-04;3Y <= t <= 7Y;BB;BBB to B;BB;Lat.Amer;LATAM;BOND;BBB to B;3Y <= t <= 7Y;Governments;LATAM;;;0.0069120000000000
BRSTNCNTF1W4;26.2990689999999990;BRL;1.0000000000000000;BR;Governments;BRL NTNF 010128 STCP;;;GBBR;2028-01-03;3Y <= t <= 7Y;BB;BBB to B;BB;Lat.Amer;LATAM;BOND;BBB to B;3Y <= t <= 7Y;Governments;LATAM;;;0.0081880000000000
BRSTNCNTF1I3;47.4088080000000010;BRL;1.0000000000000000;BR;Governments;BRL NTNF 010722 STCP;;;GBBR;2022-07-01;t < 3Y;BB;BBB to B;BB;Lat.Amer;LATAM;BOND;BBB to B;t < 3Y;Governments;LATAM;;;0.0007790000000000
BRSTNCNTF1K9;42.0959000000000000;BRL;1.0000000000000000;BR;Governments;BRL NTNF 010723 STCP;;;GBBR;2023-07-03;t < 3Y;BB;BBB to B;BB;Lat.Amer;LATAM;BOND;BBB to B;t < 3Y;Governments;LATAM;;;0.0022560000000000
BRSTNCNTF1M5;38.1080580000000000;BRL;1.0000000000000000;BR;Governments;BRL NTNF 010724 STCP;;;GBBR;2024-07-01;t < 3Y;BB;BBB to B;BB;Lat.Amer;LATAM;BOND;BBB to B;t < 3Y;Governments;LATAM;;;0.0037130000000000
BRSTNCNTF006;34.4616949999999990;BRL;1.0000000000000000;BR;Governments;BRL NTNF 010725 STCP;;;GBBR;2025-07-01;3Y <= t <= 7Y;BB;BBB to B;BB;Lat.Amer;LATAM;BOND;BBB to B;3Y <= t <= 7Y;Governments;LATAM;;;0.0051450000000000
BRSTNCNTF1T0;30.9936739999999990;BRL;1.0000000000000000;BR;Governments;BRL NTNF 010726 STCP;;;GBBR;2026-07-01;3Y <= t <= 7Y;BB;BBB to B;BB;Lat.Amer;LATAM;BOND;BBB to B;3Y <= t <= 7Y;Governments;LATAM;;;0.0063230000000000
BRSTNCNTF1V6;27.8096749999999990;BRL;1.0000000000000000;BR;Governments;BRL NTNF 010727 STCP;;;GBBR;2027-07-01;3Y <= t <= 7Y;BB;BBB to B;BB;Lat.Amer;LATAM;BOND;BBB to B;3Y <= t <= 7Y;Governments;LATAM;;;0.0075120000000000
BRSTNCNTF1X2;24.8600120000000010;BRL;1.0000000000000000;BR;Governments;BRL NTNF 010728 STCP;;;GBBR;2028-07-03;3Y <= t <= 7Y;BB;BBB to B;BB;Lat.Amer;LATAM;BOND;BBB to B;3Y <= t <= 7Y;Governments;LATAM;;;0.0086810000000000
BRSTNCTD23N3;0.9652721000000000;BRL;1.0000000000000000;BR;Governments;BRL TDAD04H416;;;GBBR;2022-08-01;t < 3Y;BB;BBB to B;BB;Lat.Amer;LATAM;BOND;BBB to B;t < 3Y;Governments;LATAM;;;0.0009300000000000
BRSTNCTD4103;98.4947937999999970;BRL;1.0000000000000000;BR;Governments;BRL TDAD08F237;;;GBBR;2022-06-01;t < 3Y;BB;BBB to B;BB;Lat.Amer;LATAM;BOND;BBB to B;t < 3Y;Governments;LATAM;;;0.0011140000000000
BRSTNCTD6MA2;94.4738238999999990;BRL;1.0000000000000000;BR;Governments;BRL TDAD11L234;;;GBBR;2022-12-01;t < 3Y;BB;BBB to B;BB;Lat.Amer;LATAM;BOND;BBB to B;t < 3Y;Governments;LATAM;;;0.0013590000000000
US912828Y388;;;1.0000000000000000;US;Governments;;;;;2028-07-15;3Y <= t <= 7Y;AAA;AAA to A;AAA;N.Amer;North America;BOND;AAA to A;3Y <= t <= 7Y;Governments;North America;;;0.0031100000000000
BRSTNCNTF1Y0;23.4890359999999990;BRL;1.0000000000000000;BR;Governments;BRL NTNF 010129 STCP;;;GBBR;2029-01-02;3Y <= t <= 7Y;BB;BBB to B;BB;Lat.Amer;LATAM;BOND;BBB to B;3Y <= t <= 7Y;Governments;LATAM;;;0.0092360000000000
BRSTNCNTF1Z7;481.2449510000000100;BRL;1.0000000000000000;BR;Governments;BRL NTNF 010129 STPR;;;GBBR;2029-01-02;3Y <= t <= 7Y;BB;BBB to B;BB;Lat.Amer;LATAM;BOND;BBB to B;3Y <= t <= 7Y;Governments;LATAM;;;0.0092360000000000
BRVERTCRA0Q7;;;1.0000000000000000;BR;Financial Institutions;;;;;2023-03-15;t < 3Y;AAA;AAA to A;AAA;Lat.Amer;LATAM;BOND;AAA to A;t < 3Y;Financial Institutions;LATAM;;;0.0041850000000000
BRVERTCRA0W5;;;1.0000000000000000;BR;Financial Institutions;;;;;2022-10-17;t < 3Y;AA;AAA to A;AA;Lat.Amer;LATAM;BOND;AAA to A;t < 3Y;Financial Institutions;LATAM;;;0.0587500000000000
BRPALFDBS0A2;;;1.0000000000000000;BR;Others;;;;;2022-09-15;t < 3Y;AA;AAA to A;AA;Lat.Amer;LATAM;BOND;AAA to A;t < 3Y;Others;LATAM;;;0.0022730000000000
BRECOACRA671;;;1.0000000000000000;BR;Financial Institutions;;;;;2024-10-25;t < 3Y;NR;;NR;Lat.Amer;LATAM;BOND;;t < 3Y;Financial Institutions;LATAM;;;
BRTBLEDBS061;;;1.0000000000000000;BR;Others;;;;;2024-12-15;t < 3Y;AA;AAA to A;AA;Lat.Amer;LATAM;BOND;AAA to A;t < 3Y;Others;LATAM;;;0.0042060000000000
BRENBRDBS061;;;1.0000000000000000;BR;Others;;;;;2024-09-15;t < 3Y;AA;AAA to A;AA;Lat.Amer;LATAM;BOND;AAA to A;t < 3Y;Others;LATAM;;;19.6354359999999990
BRRGEGDBS0D6;;;1.0000000000000000;BR;Others;;;;;2024-02-15;t < 3Y;AA;AAA to A;AA;Lat.Amer;LATAM;BOND;AAA to A;t < 3Y;Others;LATAM;;;0.0028800000000000
BRRAILDBS035;;;1.0000000000000000;BR;Others;;;;;2029-10-15;t > 7Y;AA;AAA to A;AA;Lat.Amer;LATAM;BOND;AAA to A;t > 7Y;Others;LATAM;;;0.0049690000000000
BRAPCSCRI9D8;;;1.0000000000000000;BR;Financial Institutions;;;;;2031-04-17;t > 7Y;AA;AAA to A;AA;Lat.Amer;LATAM;BOND;AAA to A;t > 7Y;Financial Institutions;LATAM;;;0.0046480000000000
BRUTPSDBS039;;;1.0000000000000000;BR;Others;;;;;2036-10-15;t > 7Y;AAA;AAA to A;AAA;Lat.Amer;LATAM;BOND;AAA to A;t > 7Y;Others;LATAM;;;0.0138400000000000
BRTIETDBS051;;;1.0000000000000000;BR;Others;;;;;2023-12-15;t < 3Y;AA;AAA to A;AA;Lat.Amer;LATAM;BOND;AAA to A;t < 3Y;Others;LATAM;;;0.0041510000000000
BRCOCEDBS0D7;;;1.0000000000000000;BR;Others;;;;;2024-03-15;t < 3Y;AA;AAA to A;AA;Lat.Amer;LATAM;BOND;AAA to A;t < 3Y;Others;LATAM;;;0.0035510000000000
BRARTRDBS039;;;1.0000000000000000;BR;Others;;;;;2022-10-15;t < 3Y;AA;AAA to A;AA;Lat.Amer;LATAM;BOND;AAA to A;t < 3Y;Others;LATAM;;;0.0629940000000000
BRPNBIDBS009;;;1.0000000000000000;BR;Others;;;;;2025-11-15;3Y <= t <= 7Y;AA;AAA to A;AA;Lat.Amer;LATAM;BOND;AAA to A;3Y <= t <= 7Y;Others;LATAM;;;0.0041730000000000
BRCBSCCRA047;;;1.0000000000000000;BR;Financial Institutions;;;;;2022-07-15;t < 3Y;AA;AAA to A;AA;Lat.Amer;LATAM;BOND;AAA to A;t < 3Y;Financial Institutions;LATAM;;;0.0022070000000000
BRMRSADBS008;;;1.0000000000000000;BR;Others;;;;;2024-03-15;t < 3Y;AA;AAA to A;AA;Lat.Amer;LATAM;BOND;AAA to A;t < 3Y;Others;LATAM;;;0.0030190000000000
BRRBRACRA0F0;;;1.0000000000000000;BR;Financial Institutions;;;;;2026-03-16;3Y <= t <= 7Y;AA;AAA to A;AA;Lat.Amer;LATAM;BOND;AAA to A;3Y <= t <= 7Y;Financial Institutions;LATAM;;;0.0041490000000000
BRSBSPDBS1E9;;;1.0000000000000000;BR;Others;;;;;2026-07-15;3Y <= t <= 7Y;AAA;AAA to A;AAA;Lat.Amer;LATAM;BOND;AAA to A;3Y <= t <= 7Y;Others;LATAM;;;0.0042740000000000
BRBZRSCRI098;;;1.0000000000000000;BR;Others;;;;;2022-06-09;t < 3Y;AA;AAA to A;AA;Lat.Amer;LATAM;BOND;AAA to A;t < 3Y;Others;LATAM;;;0.0608380000000000
BROMGEDBS036;;;1.0000000000000000;BR;Others;;;;;2027-05-15;3Y <= t <= 7Y;AA;AAA to A;AA;Lat.Amer;LATAM;BOND;AAA to A;3Y <= t <= 7Y;Others;LATAM;;;0.0042340000000000
BRCGASDBS069;;;1.0000000000000000;BR;Others;;;;;2025-12-15;3Y <= t <= 7Y;NR;;NR;Lat.Amer;LATAM;BOND;;3Y <= t <= 7Y;Others;LATAM;;;0.0048140000000000
BRRBRACRA0A1;;;1.0000000000000000;BR;Financial Institutions;;;;;2023-12-15;t < 3Y;AA;AAA to A;AA;Lat.Amer;LATAM;BOND;AAA to A;t < 3Y;Financial Institutions;LATAM;;;0.0022680000000000
BRRBRACRA0B9;;;1.0000000000000000;BR;Financial Institutions;;;;;2024-12-18;t < 3Y;AA;AAA to A;AA;Lat.Amer;LATAM;BOND;AAA to A;t < 3Y;Financial Institutions;LATAM;;;0.0038810000000000
BRSMFTDBS060;;;1.0000000000000000;BR;Others;;;;;2026-04-20;3Y <= t <= 7Y;AA;AAA to A;AA;Lat.Amer;LATAM;BOND;AAA to A;3Y <= t <= 7Y;Others;LATAM;;;
BRECOACRA1H1;;;1.0000000000000000;BR;Financial Institutions;;;;;2023-12-15;t < 3Y;AAA;AAA to A;AAA;Lat.Amer;LATAM;BOND;AAA to A;t < 3Y;Financial Institutions;LATAM;;;0.0042470000000000
BRSNTIDBS021;;;1.0000000000000000;;Others;;;;;2022-07-31;t < 3Y;BBB;BBB to B;BBB;;Others;BOND;BBB to B;t < 3Y;Others;Others;;;
BREGIEDBS043;;;1.0000000000000000;BR;Others;;;;;2025-07-15;3Y <= t <= 7Y;AA;AAA to A;AA;Lat.Amer;LATAM;BOND;AAA to A;3Y <= t <= 7Y;Others;LATAM;;;0.0053040000000000
BRLIGHDBS0J4;;;1.0000000000000000;BR;Others;;;;;2022-10-15;t < 3Y;AA;AAA to A;AA;Lat.Amer;LATAM;BOND;AAA to A;t < 3Y;Others;LATAM;;;0.0046500000000000
BRENJGDBS018;;;1.0000000000000000;BR;Others;;;;;2027-06-15;3Y <= t <= 7Y;AA;AAA to A;AA;Lat.Amer;LATAM;BOND;AAA to A;3Y <= t <= 7Y;Others;LATAM;;;0.0033580000000000
BRVERTCRI024;;;1.0000000000000000;BR;Financial Institutions;;;;;2026-03-13;3Y <= t <= 7Y;AA;AAA to A;AA;Lat.Amer;LATAM;BOND;AAA to A;3Y <= t <= 7Y;Financial Institutions;LATAM;;;0.0031990000000000
BREGIEDBS092;;;1.0000000000000000;BR;Others;;;;;2026-07-15;3Y <= t <= 7Y;AA;AAA to A;AA;Lat.Amer;LATAM;BOND;AAA to A;3Y <= t <= 7Y;Others;LATAM;;;0.0056890000000000
BRVERTCRA112;;;1.0000000000000000;BR;Others;;;;;2025-12-16;3Y <= t <= 7Y;AA;AAA to A;AA;Lat.Amer;LATAM;BOND;AAA to A;3Y <= t <= 7Y;Others;LATAM;;;0.0042870000000000
BRAALRDBF016;;;1.0000000000000000;;Others;;;;;2022-09-01;t < 3Y;AA;AAA to A;AA;;Others;BOND;AAA to A;t < 3Y;Others;Others;;;0.0629940000000000
BRVERTCRA0P9;;;1.0000000000000000;BR;Financial Institutions;;;;;2023-03-15;t < 3Y;AAA;AAA to A;AAA;Lat.Amer;LATAM;BOND;AAA to A;t < 3Y;Financial Institutions;LATAM;;;0.0028290000000000
BREGIEDBS084;;;1.0000000000000000;BR;Others;;;;;2029-07-15;t > 7Y;AA;AAA to A;AA;Lat.Amer;LATAM;BOND;AAA to A;t > 7Y;Others;LATAM;;;0.0066580000000000
BRBLMNDBS026;;;1.0000000000000000;BR;Others;;;;;2031-12-15;t > 7Y;AA;AAA to A;AA;Lat.Amer;LATAM;BOND;AAA to A;t > 7Y;Others;LATAM;;;0.0043950000000000
BRETAPDBS023;;;1.0000000000000000;;Others;;;;;2025-09-15;3Y <= t <= 7Y;AA;AAA to A;AA;;Others;BOND;AAA to A;3Y <= t <= 7Y;Others;Others;;;0.0039600000000000
BRTAEEDBS076;;;1.0000000000000000;BR;Others;;N;N;;2024-10-15;t < 3Y;AA;AAA to A;AA;Lat.Amer;LATAM;BOND;AAA to A;t < 3Y;Others;LATAM;;;0.0322090000000000
BRCGASDBS077;;;1.0000000000000000;BR;Others;;;;;2023-12-15;t < 3Y;AA;AAA to A;AA;Lat.Amer;LATAM;BOND;AAA to A;t < 3Y;Others;LATAM;;;0.0042200000000000
BRGAFLCRA0U4;;;1.0000000000000000;;Others;;;;;2022-05-13;t < 3Y;AAA;AAA to A;AAA;;Others;BOND;AAA to A;t < 3Y;Others;Others;;;
BRALGTDBS084;;;1.0000000000000000;BR;Others;;;;;2025-03-17;t < 3Y;AAA;AAA to A;AAA;Lat.Amer;LATAM;BOND;AAA to A;t < 3Y;Others;LATAM;;;
BRVPLTDBS024;;;1.0000000000000000;BR;Others;;;;;2027-06-15;3Y <= t <= 7Y;AAA;AAA to A;AAA;Lat.Amer;LATAM;BOND;AAA to A;3Y <= t <= 7Y;Others;LATAM;;;0.0036800000000000
BRNRTBDBS002;;;1.0000000000000000;BR;Others;;;;;2026-09-15;3Y <= t <= 7Y;AAA;AAA to A;AAA;Lat.Amer;LATAM;BOND;AAA to A;3Y <= t <= 7Y;Others;LATAM;;;0.0057920000000000
US105756BN96;19.5664124999999980;USD;1.0000000000000000;BR;Governments;GLOBAL 28 BRL;N;N;GBBR;2028-01-10;3Y <= t <= 7Y;BB;BBB to B;BB;Lat.Amer;LATAM;BOND;BBB to B;3Y <= t <= 7Y;Governments;LATAM;;;0.0099540000000000
BRLIGHDBS009;;;1.0000000000000000;BR;Others;;;;;2025-10-15;3Y <= t <= 7Y;AA;AAA to A;AA;Lat.Amer;LATAM;BOND;AAA to A;3Y <= t <= 7Y;Others;LATAM;;;0.0048180000000000
BRTIETDBS0D7;;;1.0000000000000000;BR;Others;;;;;2029-03-15;3Y <= t <= 7Y;AA;AAA to A;AA;Lat.Amer;LATAM;BOND;AAA to A;3Y <= t <= 7Y;Others;LATAM;;;0.0050340000000000
BRSPRZDBS008;;;1.0000000000000000;;Others;;;;;2030-09-15;t > 7Y;AA;AAA to A;AA;;Others;BOND;AAA to A;t > 7Y;Others;Others;;;0.0030990000000000
BRTSPEDBS017;;;1.0000000000000000;;Others;;;;;2023-10-15;t < 3Y;AA;AAA to A;AA;;Others;BOND;AAA to A;t < 3Y;Others;Others;;;
BRECOACRA1Z3;;;1.0000000000000000;BR;Financial Institutions;;;;;2024-04-15;t < 3Y;AA;AAA to A;AA;Lat.Amer;LATAM;BOND;AAA to A;t < 3Y;Financial Institutions;LATAM;;;0.0035490000000000
BRTPNODBS017;;;1.0000000000000000;BR;Others;;;;;2029-06-15;t > 7Y;AA;AAA to A;AA;Lat.Amer;LATAM;BOND;AAA to A;t > 7Y;Others;LATAM;;;0.0029440000000000
BRAPCSCRI3B5;;;1.0000000000000000;;Others;;;;;2023-06-15;t < 3Y;AA;AAA to A;AA;;Others;BOND;AAA to A;t < 3Y;Others;Others;;;0.0021380000000000
BRSTENDBS012;;;1.0000000000000000;BR;Others;;;;;2022-04-15;t < 3Y;AA;AAA to A;AA;Lat.Amer;LATAM;BOND;AAA to A;t < 3Y;Others;LATAM;;;0.0210700000000000
BRALGTDBS068;;;1.0000000000000000;BR;Others;;;;;2023-03-15;t < 3Y;AA;AAA to A;AA;Lat.Amer;LATAM;BOND;AAA to A;t < 3Y;Others;LATAM;;;
BREQTNDBS008;;;1.0000000000000000;;Others;;;;;2033-01-15;t > 7Y;AA;AAA to A;AA;;Others;BOND;AAA to A;t > 7Y;Others;Others;;;0.0047270000000000
BRENEVDBS034;;;1.0000000000000000;BR;Others;;;;;2027-12-15;3Y <= t <= 7Y;AAA;AAA to A;AAA;Lat.Amer;LATAM;BOND;AAA to A;3Y <= t <= 7Y;Others;LATAM;;;0.0043450000000000
BRCRBDDBS017;;;1.0000000000000000;BR;Others;;;;;2024-07-15;t < 3Y;A;AAA to A;A;Lat.Amer;LATAM;BOND;AAA to A;t < 3Y;Others;LATAM;;;0.0112070000000000
BRCPTMDBS014;;;1.0000000000000000;BR;Others;;;;;2022-07-15;t < 3Y;BB;BBB to B;BB;Lat.Amer;LATAM;BOND;BBB to B;t < 3Y;Others;LATAM;;;0.0002790000000000
BRUNIDDBS0H2;;;1.0000000000000000;;Others;;;;;2027-04-10;3Y <= t <= 7Y;AAA;AAA to A;AAA;;Others;BOND;AAA to A;3Y <= t <= 7Y;Others;Others;;;0.0030880000000000
BRVERTCRA153;;;1.0000000000000000;BR;Others;;;;;2026-04-15;3Y <= t <= 7Y;AAA;AAA to A;AAA;Lat.Amer;LATAM;BOND;AAA to A;3Y <= t <= 7Y;Others;LATAM;;;0.0029740000000000
BRVNTTDBS006;;;1.0000000000000000;;Others;;;;;2028-06-15;3Y <= t <= 7Y;AA;AAA to A;AA;;Others;BOND;AAA to A;3Y <= t <= 7Y;Others;Others;;;0.0033140000000000
BRLAMEDBS0H1;;;1.0000000000000000;BR;Others;;;;;2026-01-10;3Y <= t <= 7Y;AA;AAA to A;AA;Lat.Amer;LATAM;BOND;AAA to A;3Y <= t <= 7Y;Others;LATAM;;;0.0156620000000000
BRAGRUDBS014;;;1.0000000000000000;;Others;;;;;2025-06-15;3Y <= t <= 7Y;AA;AAA to A;AA;;Others;BOND;AAA to A;3Y <= t <= 7Y;Others;Others;;;0.0052710000000000
BRRBRACRI1X3;;;1.0000000000000000;BR;Financial Institutions;;;;;2031-07-15;t > 7Y;BB;BBB to B;BB;Lat.Amer;LATAM;BOND;BBB to B;t > 7Y;Financial Institutions;LATAM;;;0.0047360000000000
BRESAMDBS030;;;1.0000000000000000;BR;Others;;;;;2023-06-15;t < 3Y;AA;AAA to A;AA;Lat.Amer;LATAM;BOND;AAA to A;t < 3Y;Others;LATAM;;;0.0057240000000000
BRECOACRA176;;;1.0000000000000000;BR;Financial Institutions;;;;;2026-06-29;3Y <= t <= 7Y;BB;BBB to B;BB;Lat.Amer;LATAM;BOND;BBB to B;3Y <= t <= 7Y;Financial Institutions;LATAM;;;0.0000000000000000
BRCEADDBS009;;;1.0000000000000000;BR;Others;;;;;2030-06-15;t > 7Y;AA;AAA to A;AA;Lat.Amer;LATAM;BOND;AAA to A;t > 7Y;Others;LATAM;;;10.4435579999999990
BREGIEDBS0A5;;;1.0000000000000000;BR;Others;;;;;2029-07-15;t > 7Y;AA;AAA to A;AA;Lat.Amer;LATAM;BOND;AAA to A;t > 7Y;Others;LATAM;;;0.0066900000000000
BRCBSCCRI3T1;;;1.0000000000000000;BR;Others;;;;;2022-12-15;t < 3Y;AA;AAA to A;AA;Lat.Amer;LATAM;BOND;AAA to A;t < 3Y;Others;LATAM;;;0.0020330000000000
BREGIEDBS027;;;1.0000000000000000;BR;Others;;;;;2026-07-15;3Y <= t <= 7Y;AA;AAA to A;AA;Lat.Amer;LATAM;BOND;AAA to A;3Y <= t <= 7Y;Others;LATAM;;;0.0048720000000000
BREDPTDBS001;;;1.0000000000000000;BR;Others;;;;;2033-05-15;t > 7Y;AA;AAA to A;AA;Lat.Amer;LATAM;BOND;AAA to A;t > 7Y;Others;LATAM;;;0.0092300000000000
BRENMIDBS018;;;1.0000000000000000;BR;Others;;;;;2027-06-15;3Y <= t <= 7Y;AA;AAA to A;AA;Lat.Amer;LATAM;BOND;AAA to A;3Y <= t <= 7Y;Others;LATAM;;;0.0038680000000000
BROSECCRA046;;;1.0000000000000000;BR;Financial Institutions;;;;;2022-12-22;t < 3Y;AAA;AAA to A;AAA;Lat.Amer;LATAM;BOND;AAA to A;t < 3Y;Financial Institutions;LATAM;;;0.0020460000000000
BRTIETDBS0C9;;;1.0000000000000000;BR;Others;;;;;2029-03-15;3Y <= t <= 7Y;AA;AAA to A;AA;Lat.Amer;LATAM;BOND;AAA to A;3Y <= t <= 7Y;Others;LATAM;;;0.0043720000000000
BRCVCBDBS037;;;1.0000000000000000;BR;Others;;;;;2023-04-18;t < 3Y;AA;AAA to A;AA;Lat.Amer;LATAM;BOND;AAA to A;t < 3Y;Others;LATAM;;;
BRENEVDBS026;;;1.0000000000000000;BR;Others;;;;;2029-05-15;t > 7Y;AAA;AAA to A;AAA;Lat.Amer;LATAM;BOND;AAA to A;t > 7Y;Others;LATAM;;;0.0046000000000000
BRNEOEDBS054;;;1.0000000000000000;BR;Others;;;;;2033-06-15;t > 7Y;AA;AAA to A;AA;Lat.Amer;LATAM;BOND;AAA to A;t > 7Y;Others;LATAM;;;0.0050760000000000
BRTAEEDBS0E0;;;1.0000000000000000;BR;Others;;;;;2025-07-15;3Y <= t <= 7Y;AA;AAA to A;AA;Lat.Amer;LATAM;BOND;AAA to A;3Y <= t <= 7Y;Others;LATAM;;;0.0045580000000000
BRVSTHDBS018;;;1.0000000000000000;BR;Others;;;;;2027-12-14;3Y <= t <= 7Y;AA;AAA to A;AA;Lat.Amer;LATAM;BOND;AAA to A;3Y <= t <= 7Y;Others;LATAM;;;0.0071060000000000
BRUNIDDBS0I0;;;1.0000000000000000;;Others;;;;;2029-04-10;t > 7Y;AAA;AAA to A;AAA;;Others;BOND;AAA to A;t > 7Y;Others;Others;;;0.0021530000000000
BRSULADBS053;;;1.0000000000000000;BR;Financial Institutions;;;;;2022-05-15;t < 3Y;BB;BBB to B;BB;Lat.Amer;LATAM;BOND;BBB to B;t < 3Y;Financial Institutions;LATAM;;;
BRBSCSCRI822;;;1.0000000000000000;BR;Others;;;;;2025-10-15;3Y <= t <= 7Y;BB;BBB to B;BB;Lat.Amer;LATAM;BOND;BBB to B;3Y <= t <= 7Y;Others;LATAM;;;0.0002790000000000
BRENJGDBS000;;;1.0000000000000000;BR;Others;;;;;2023-06-15;t < 3Y;AA;AAA to A;AA;Lat.Amer;LATAM;BOND;AAA to A;t < 3Y;Others;LATAM;;;0.0244490000000000
BRSNGODBS000;;;1.0000000000000000;;Others;;;;;2023-11-15;t < 3Y;AA;AAA to A;AA;;Others;BOND;AAA to A;t < 3Y;Others;Others;;;
BREQTSDBS007;;;1.0000000000000000;;Others;;;;;2033-01-15;t > 7Y;AA;AAA to A;AA;;Others;BOND;AAA to A;t > 7Y;Others;Others;;;0.0047220000000000
BREGVGDBS009;;;1.0000000000000000;BR;Others;;;;;2029-10-15;t > 7Y;AA;AAA to A;AA;Lat.Amer;LATAM;BOND;AAA to A;t > 7Y;Others;LATAM;;;0.0111700000000000
BRRESADBS039;;;1.0000000000000000;BR;Others;;;;;2029-11-16;t > 7Y;AAA;AAA to A;AAA;Lat.Amer;LATAM;BOND;AAA to A;t > 7Y;Others;LATAM;;;0.0052600000000000
BRCHPADBS006;;;1.0000000000000000;;Others;;;;;2029-03-15;3Y <= t <= 7Y;BBB;BBB to B;BBB;;Others;BOND;BBB to B;3Y <= t <= 7Y;Others;Others;;;0.0043700000000000
BRODYADBS002;;;1.0000000000000000;;Others;;;;;2031-09-15;t > 7Y;AA;AAA to A;AA;;Others;BOND;AAA to A;t > 7Y;Others;Others;;;11.6784730000000000
BRMYPKDBS066;;;1.0000000000000000;;Others;;;;;2023-03-26;t < 3Y;AA;AAA to A;AA;;Others;BOND;AAA to A;t < 3Y;Others;Others;;;0.0629940000000000
BRRBRACRA0D5;;;1.0000000000000000;BR;Financial Institutions;;;;;2023-12-09;t < 3Y;AA;AAA to A;AA;Lat.Amer;LATAM;BOND;AAA to A;t < 3Y;Financial Institutions;LATAM;;;0.0028640000000000
BRJTEEDBS002;;;1.0000000000000000;BR;Others;;;;;2033-07-15;t > 7Y;AA;AAA to A;AA;Lat.Amer;LATAM;BOND;AAA to A;t > 7Y;Others;LATAM;;;0.0068090000000000
BRCVCBDBS045;;;1.0000000000000000;BR;Others;;;;;2025-04-18;3Y <= t <= 7Y;BB;BBB to B;BB;Lat.Amer;LATAM;BOND;BBB to B;3Y <= t <= 7Y;Others;LATAM;;;0.0017320000000000
BRSVTRDBS033;;;1.0000000000000000;BR;Others;;;;;2031-09-15;t > 7Y;AA;AAA to A;AA;Lat.Amer;LATAM;BOND;AAA to A;t > 7Y;Others;LATAM;;;0.0076820000000000
BRSBSPDBS130;;;1.0000000000000000;;Others;;N;N;;2023-01-15;t < 3Y;AAA;AAA to A;AAA;;Others;BOND;AAA to A;t < 3Y;Others;Others;;;0.0740540000000000
BRTEPEDBS025;;;1.0000000000000000;BR;Others;;;;;2025-05-15;3Y <= t <= 7Y;NR;;NR;Lat.Amer;LATAM;BOND;;3Y <= t <= 7Y;Others;LATAM;;;
BRCGASDBS051;;;1.0000000000000000;BR;Others;;;;;2022-12-15;t < 3Y;NR;;NR;Lat.Amer;LATAM;BOND;;t < 3Y;Others;LATAM;;;0.0557200000000000
BRRENTDBS0D2;;;1.0000000000000000;BR;Others;;;;;2024-05-15;t < 3Y;AA;AAA to A;AA;Lat.Amer;LATAM;BOND;AAA to A;t < 3Y;Others;LATAM;;;0.0000000000000000
BRCSRNDBS085;;;1.0000000000000000;BR;Others;;;;;2022-10-15;t < 3Y;AAA;AAA to A;AAA;Lat.Amer;LATAM;BOND;AAA to A;t < 3Y;Others;LATAM;;;0.0031030000000000
BRSAPRDBS0I4;;;1.0000000000000000;BR;Others;;;;;2027-03-15;3Y <= t <= 7Y;AA;AAA to A;AA;Lat.Amer;LATAM;BOND;AAA to A;3Y <= t <= 7Y;Others;LATAM;;;0.0041910000000000
BRANHBDBS0D8;;;1.0000000000000000;BR;Others;;;;;2022-07-15;t < 3Y;AA;AAA to A;AA;Lat.Amer;LATAM;BOND;AAA to A;t < 3Y;Others;LATAM;;;0.0029000000000000
BRRBRACRI549;;;1.0000000000000000;BR;Financial Institutions;;;;;2025-12-15;3Y <= t <= 7Y;AA;AAA to A;AA;Lat.Amer;LATAM;BOND;AAA to A;3Y <= t <= 7Y;Financial Institutions;LATAM;;;0.0159830000000000
BRVERTCRA0K0;;;1.0000000000000000;BR;Financial Institutions;;;;;2022-10-25;t < 3Y;AA;AAA to A;AA;Lat.Amer;LATAM;BOND;AAA to A;t < 3Y;Financial Institutions;LATAM;;;0.0015730000000000
BRELETDBS057;;;1.0000000000000000;BR;Others;;;;;2031-04-15;t > 7Y;AAA;AAA to A;AAA;Lat.Amer;LATAM;BOND;AAA to A;t > 7Y;Others;LATAM;;;0.0051810000000000
BRSULADBS0A0;;;1.0000000000000000;BR;Financial Institutions;;;;;2022-10-27;t < 3Y;AA;AAA to A;AA;Lat.Amer;LATAM;BOND;AAA to A;t < 3Y;Financial Institutions;LATAM;;;0.0000000000000000
BRCPFPDBS081;;;1.0000000000000000;BR;Others;;;;;2022-12-15;t < 3Y;AA;AAA to A;AA;Lat.Amer;LATAM;BOND;AAA to A;t < 3Y;Others;LATAM;;;0.0000000000000000
BRVALEDBS069;;;1.0000000000000000;BR;Others;;;;;2024-01-15;t < 3Y;AAA;AAA to A;AAA;Lat.Amer;LATAM;BOND;AAA to A;t < 3Y;Others;LATAM;;;0.0262320000000000
BREGIEDBS076;;;1.0000000000000000;BR;Others;;;;;2026-07-15;3Y <= t <= 7Y;AA;AAA to A;AA;Lat.Amer;LATAM;BOND;AAA to A;3Y <= t <= 7Y;Others;LATAM;;;0.0056160000000000
BRPETRDBS0C2;;;1.0000000000000000;BR;Others;;;;;2034-09-15;t > 7Y;AAA;AAA to A;AAA;Lat.Amer;LATAM;BOND;AAA to A;t > 7Y;Others;LATAM;;;0.0072690000000000
BRTEPEDBS033;;;1.0000000000000000;BR;Others;;;;;2025-08-15;3Y <= t <= 7Y;NR;;NR;Lat.Amer;LATAM;BOND;;3Y <= t <= 7Y;Others;LATAM;;;
BRSEDUDBS011;;;1.0000000000000000;;Others;;;;;2022-08-15;t < 3Y;AA;AAA to A;AA;;Others;BOND;AAA to A;t < 3Y;Others;Others;;;0.0629940000000000
BRVALEDBS0A5;;;1.0000000000000000;BR;Others;;;;;2022-08-15;t < 3Y;AAA;AAA to A;AAA;Lat.Amer;LATAM;BOND;AAA to A;t < 3Y;Others;LATAM;;;0.0039630000000000
BRVTSSDBS007;;;1.0000000000000000;;Others;;;;;2024-06-15;t < 3Y;AA;AAA to A;AA;;Others;BOND;AAA to A;t < 3Y;Others;Others;;;0.0054360000000000
BRCRBDDBS009;;;1.0000000000000000;BR;Others;;;;;2024-01-15;t < 3Y;A;AAA to A;A;Lat.Amer;LATAM;BOND;AAA to A;t < 3Y;Others;LATAM;;;0.0213470000000000
BRRDVTDBS001;;;1.0000000000000000;;Others;;;;;2028-06-15;3Y <= t <= 7Y;AA;AAA to A;AA;;Others;BOND;AAA to A;3Y <= t <= 7Y;Others;Others;;;0.0141900000000000
BROMNGDBS011;;;1.0000000000000000;BR;Others;;;;;2029-12-15;t > 7Y;AA;AAA to A;AA;Lat.Amer;LATAM;BOND;AAA to A;t > 7Y;Others;LATAM;;;0.0037350000000000
BRAPCSCRA0N4;;;1.0000000000000000;BR;Others;;;;;2029-07-16;t > 7Y;AA;AAA to A;AA;Lat.Amer;LATAM;BOND;AAA to A;t > 7Y;Others;LATAM;;;0.0050370000000000
BRSTENDBS004;;;1.0000000000000000;BR;Others;;;;;2022-12-27;t < 3Y;AA;AAA to A;AA;Lat.Amer;LATAM;BOND;AAA to A;t < 3Y;Others;LATAM;;;0.0312280000000000
BRTCPADBS027;;;1.0000000000000000;;Others;;;;;2022-10-15;t < 3Y;AAA;AAA to A;AAA;;Others;BOND;AAA to A;t < 3Y;Others;Others;;;0.0567990000000000
BRLAMEDBS0E8;;;1.0000000000000000;BR;Others;;;;;2022-04-15;t < 3Y;AA;AAA to A;AA;Lat.Amer;LATAM;BOND;AAA to A;t < 3Y;Others;LATAM;;;0.0629940000000000
BREGIEDBS019;;;1.0000000000000000;BR;Others;;;;;2023-07-15;t < 3Y;AA;AAA to A;AA;Lat.Amer;LATAM;BOND;AAA to A;t < 3Y;Others;LATAM;;;0.0267210000000000
BRLAMEDBS0G3;;;1.0000000000000000;BR;Others;;;;;2023-04-20;t < 3Y;AA;AAA to A;AA;Lat.Amer;LATAM;BOND;AAA to A;t < 3Y;Others;LATAM;;;0.0051350000000000
BRAGRUDBS006;;;1.0000000000000000;;Others;;;;;2025-03-15;t < 3Y;AA;AAA to A;AA;;Others;BOND;AAA to A;t < 3Y;Others;Others;;;0.0067820000000000
BRKLBNDBS004;;;1.0000000000000000;BR;Others;;;;;2029-03-19;3Y <= t <= 7Y;AAA;AAA to A;AAA;Lat.Amer;LATAM;BOND;AAA to A;3Y <= t <= 7Y;Others;LATAM;;;0.0044450000000000
BRITMGDBS028;;;1.0000000000000000;;Others;;;;;2028-12-15;3Y <= t <= 7Y;AA;AAA to A;AA;;Others;BOND;AAA to A;3Y <= t <= 7Y;Others;Others;;;0.0005170000000000
BRCSRNDBS093;;;1.0000000000000000;BR;Others;;;;;2024-10-15;t < 3Y;AAA;AAA to A;AAA;Lat.Amer;LATAM;BOND;AAA to A;t < 3Y;Others;LATAM;;;0.0042570000000000
BREDITDBS014;;;1.0000000000000000;BR;Others;;;;;2028-12-15;3Y <= t <= 7Y;AA;AAA to A;AA;Lat.Amer;LATAM;BOND;AAA to A;3Y <= t <= 7Y;Others;LATAM;;;0.0044840000000000
BRELETDBS032;;;1.0000000000000000;BR;Others;;;;;2029-05-15;t > 7Y;AAA;AAA to A;AAA;Lat.Amer;LATAM;BOND;AAA to A;t > 7Y;Others;LATAM;;;0.0046010000000000
BRCPFPDBS073;;;1.0000000000000000;BR;Others;;;;;2024-02-15;t < 3Y;AA;AAA to A;AA;Lat.Amer;LATAM;BOND;AAA to A;t < 3Y;Others;LATAM;;;0.0031170000000000
BRCPTMDBS006;;;1.0000000000000000;BR;Others;;;;;2024-10-15;t < 3Y;AA;AAA to A;AA;Lat.Amer;LATAM;BOND;AAA to A;t < 3Y;Others;LATAM;;;0.0048660000000000
BRAGRUDBS030;;;1.0000000000000000;;Others;;;;;2025-12-15;3Y <= t <= 7Y;AA;AAA to A;AA;;Others;BOND;AAA to A;3Y <= t <= 7Y;Others;Others;;;0.0047790000000000
BRNCENDBS001;;;1.0000000000000000;BR;Others;;;;;2025-12-15;3Y <= t <= 7Y;AA;AAA to A;AA;Lat.Amer;LATAM;BOND;AAA to A;3Y <= t <= 7Y;Others;LATAM;;;0.0047330000000000
BRRBRACRI4L2;;;1.0000000000000000;BR;Others;;;;;2032-11-21;t > 7Y;AA;AAA to A;AA;Lat.Amer;LATAM;BOND;AAA to A;t > 7Y;Others;LATAM;;;0.0019060000000000
BRTBEGDBS004;;;1.0000000000000000;BR;Others;;;;;2035-07-16;t > 7Y;AA;AAA to A;AA;Lat.Amer;LATAM;BOND;AAA to A;t > 7Y;Others;LATAM;;;0.0053460000000000
BREXTZDBS008;;;1.0000000000000000;;Others;;;;;2029-01-15;3Y <= t <= 7Y;AA;AAA to A;AA;;Others;BOND;AAA to A;3Y <= t <= 7Y;Others;Others;;;7.7649299999999997
BREGIEDBS035;;;1.0000000000000000;BR;Others;;;;;2025-07-15;3Y <= t <= 7Y;AA;AAA to A;AA;Lat.Amer;LATAM;BOND;AAA to A;3Y <= t <= 7Y;Others;LATAM;;;0.0044070000000000
BRVERTCRA179;;;1.0000000000000000;BR;Others;;;;;2026-06-13;3Y <= t <= 7Y;AAA;AAA to A;AAA;Lat.Amer;LATAM;BOND;AAA to A;3Y <= t <= 7Y;Others;LATAM;;;0.0033630000000000
BRCTEEDBS007;;;1.0000000000000000;BR;Others;;;;;2031-12-15;t > 7Y;AA;AAA to A;AA;Lat.Amer;LATAM;BOND;AAA to A;t > 7Y;Others;LATAM;;;0.0041690000000000
BRNEOEDBS047;;;1.0000000000000000;BR;Others;;;;;2029-06-15;t > 7Y;AA;AAA to A;AA;Lat.Amer;LATAM;BOND;AAA to A;t > 7Y;Others;LATAM;;;0.0050830000000000
BRCBSCCRA062;;;1.0000000000000000;BR;Financial Institutions;;;;;2025-07-15;3Y <= t <= 7Y;AA;AAA to A;AA;Lat.Amer;LATAM;BOND;AAA to A;3Y <= t <= 7Y;Financial Institutions;LATAM;;;0.0043630000000000
US105756BT66;19.7768039999999980;USD;1.0000000000000000;BR;Governments;GLOBAL 24 BRL;N;N;GBBR;2024-01-05;t < 3Y;BB;BBB to B;BB;Lat.Amer;LATAM;BOND;BBB to B;t < 3Y;Governments;LATAM;;;0.0120600000000000
BRPALFDBS0B0;;;1.0000000000000000;BR;Others;;;;;2024-09-15;t < 3Y;AA;AAA to A;AA;Lat.Amer;LATAM;BOND;AAA to A;t < 3Y;Others;LATAM;;;0.0029970000000000
BRPETRDBS068;;;1.0000000000000000;BR;Others;;;;;2024-08-15;t < 3Y;AA;AAA to A;AA;Lat.Amer;LATAM;BOND;AAA to A;t < 3Y;Others;LATAM;;;0.0040320000000000
BRCCRODBS0E0;;;1.0000000000000000;BR;Others;;;;;2022-11-15;t < 3Y;BB;BBB to B;BB;Lat.Amer;LATAM;BOND;BBB to B;t < 3Y;Others;LATAM;;;
BRBRSTDBS001;;;1.0000000000000000;BR;Others;;;;;2028-03-15;3Y <= t <= 7Y;A;AAA to A;A;Lat.Amer;LATAM;BOND;AAA to A;3Y <= t <= 7Y;Others;LATAM;;;0.0041660000000000
BRPRTEDBS019;;;1.0000000000000000;BR;Others;;;;;2028-03-15;3Y <= t <= 7Y;AA;AAA to A;AA;Lat.Amer;LATAM;BOND;AAA to A;3Y <= t <= 7Y;Others;LATAM;;;0.0030340000000000
BRECOACRA184;;;1.0000000000000000;BR;Financial Institutions;;;;;2025-06-30;3Y <= t <= 7Y;AA;AAA to A;AA;Lat.Amer;LATAM;BOND;AAA to A;3Y <= t <= 7Y;Financial Institutions;LATAM;;;0.0019890000000000
BRCXERDBS001;;;1.0000000000000000;BR;Others;;;;;2027-12-15;3Y <= t <= 7Y;AA;AAA to A;AA;Lat.Amer;LATAM;BOND;AAA to A;3Y <= t <= 7Y;Others;LATAM;;;0.0036890000000000
BRUNIDDBS0C3;;;1.0000000000000000;;Others;;;;;2022-09-29;t < 3Y;AA;AAA to A;AA;;Others;BOND;AAA to A;t < 3Y;Others;Others;;;0.0629940000000000
BRCRBDDBS082;;;1.0000000000000000;BR;Others;;;;;2034-07-15;t > 7Y;AA;AAA to A;AA;Lat.Amer;LATAM;BOND;AAA to A;t > 7Y;Others;LATAM;;;0.0140990000000000
BRRBRACRA082;;;1.0000000000000000;BR;Others;;;;;2022-09-23;t < 3Y;AAA;AAA to A;AAA;Lat.Amer;LATAM;BOND;AAA to A;t < 3Y;Others;LATAM;;;0.0027730000000000
BRCOCEDBS0B1;;;1.0000000000000000;BR;Others;;;;;2025-06-15;3Y <= t <= 7Y;AA;AAA to A;AA;Lat.Amer;LATAM;BOND;AAA to A;3Y <= t <= 7Y;Others;LATAM;;;0.0109370000000000
BRCPXBDBS027;;;1.0000000000000000;BR;Others;;;;;2025-09-15;3Y <= t <= 7Y;AA;AAA to A;AA;Lat.Amer;LATAM;BOND;AAA to A;3Y <= t <= 7Y;Others;LATAM;;;0.0041530000000000
BRSMFTDBS037;;;1.0000000000000000;BR;Others;;;;;2024-04-20;t < 3Y;AA;AAA to A;AA;Lat.Amer;LATAM;BOND;AAA to A;t < 3Y;Others;LATAM;;;
BRVRDNDBS012;;;1.0000000000000000;;Others;;;;;2034-12-15;t > 7Y;AA;AAA to A;AA;;Others;BOND;AAA to A;t > 7Y;Others;Others;;;0.0066200000000000
BRRAILDBS050;;;1.0000000000000000;BR;Others;;;;;2030-04-15;t > 7Y;AA;AAA to A;AA;Lat.Amer;LATAM;BOND;AAA to A;t > 7Y;Others;LATAM;;;0.0049070000000000
BRSTENDBS020;;;1.0000000000000000;BR;Others;;;;;2024-04-15;t < 3Y;AA;AAA to A;AA;Lat.Amer;LATAM;BOND;AAA to A;t < 3Y;Others;LATAM;;;0.0036300000000000
BRAPCSCRI2U7;;;1.0000000000000000;BR;Financial Institutions;;;;;2023-10-03;t < 3Y;AA;AAA to A;AA;Lat.Amer;LATAM;BOND;AAA to A;t < 3Y;Financial Institutions;LATAM;;;0.0289910000000000
BRTAEEDBS0F7;;;1.0000000000000000;BR;Others;;;;;2026-05-15;3Y <= t <= 7Y;AA;AAA to A;AA;Lat.Amer;LATAM;BOND;AAA to A;3Y <= t <= 7Y;Others;LATAM;;;0.0029980000000000
BRECOACRA1Y6;;;1.0000000000000000;BR;Financial Institutions;;;;;2022-04-18;t < 3Y;AA;AAA to A;AA;Lat.Amer;LATAM;BOND;AAA to A;t < 3Y;Financial Institutions;LATAM;;;0.0014200000000000
BRRPTADBS017;;;1.0000000000000000;;Others;;;;;2024-12-15;t < 3Y;AA;AAA to A;AA;;Others;BOND;AAA to A;t < 3Y;Others;Others;;;0.0068470000000000
BRBPCHDBS012;;;1.0000000000000000;;Others;;;;;2026-11-15;3Y <= t <= 7Y;AA;AAA to A;AA;;Others;BOND;AAA to A;3Y <= t <= 7Y;Others;Others;;;0.0034670000000000
BRWDPRDBS007;;;1.0000000000000000;BR;Others;;;;;2028-12-15;3Y <= t <= 7Y;AA;AAA to A;AA;Lat.Amer;LATAM;BOND;AAA to A;3Y <= t <= 7Y;Others;LATAM;;;0.0031790000000000
BRPALFDBS0C8;;;1.0000000000000000;BR;Others;;;;;2027-09-15;3Y <= t <= 7Y;AA;AAA to A;AA;Lat.Amer;LATAM;BOND;AAA to A;3Y <= t <= 7Y;Others;LATAM;;;0.0044340000000000
BRSBSPDBS1F6;;;1.0000000000000000;BR;Others;;;;;2029-07-15;t > 7Y;AAA;AAA to A;AAA;Lat.Amer;LATAM;BOND;AAA to A;t > 7Y;Others;LATAM;;;0.0050260000000000
BRTEPEDBS009;;;1.0000000000000000;BR;Others;;;;;2025-11-15;3Y <= t <= 7Y;NR;;NR;Lat.Amer;LATAM;BOND;;3Y <= t <= 7Y;Others;LATAM;;;
BRCGASDBS044;;;1.0000000000000000;BR;Others;;;;;2029-07-15;t > 7Y;NR;;NR;Lat.Amer;LATAM;BOND;;t > 7Y;Others;LATAM;;;
BRTRPLDBS089;;;1.0000000000000000;BR;Others;;;;;2029-12-15;t > 7Y;AA;AAA to A;AA;Lat.Amer;LATAM;BOND;AAA to A;t > 7Y;Others;LATAM;;;0.0054240000000000
BRPETRDBS0B4;;;1.0000000000000000;BR;Others;;;;;2029-09-15;t > 7Y;AAA;AAA to A;AAA;Lat.Amer;LATAM;BOND;AAA to A;t > 7Y;Others;LATAM;;;0.0048870000000000
BRECOVDBS044;;;1.0000000000000000;BR;Others;;N;N;;2024-04-15;t < 3Y;AAA;AAA to A;AAA;Lat.Amer;LATAM;BOND;AAA to A;t < 3Y;Others;LATAM;;;0.0030440000000000
BRODTRDBS006;;;1.0000000000000000;BR;Others;;;;;2025-10-15;3Y <= t <= 7Y;AA;AAA to A;AA;Lat.Amer;LATAM;BOND;AAA to A;3Y <= t <= 7Y;Others;LATAM;;;0.0051620000000000
BRRBRACRA0E3;;;1.0000000000000000;BR;Financial Institutions;;;;;2026-03-17;3Y <= t <= 7Y;AA;AAA to A;AA;Lat.Amer;LATAM;BOND;AAA to A;3Y <= t <= 7Y;Financial Institutions;LATAM;;;0.0032590000000000
BRTEPEDBS017;;;1.0000000000000000;BR;Others;;;;;2025-02-15;t < 3Y;NR;;NR;Lat.Amer;LATAM;BOND;;t < 3Y;Others;LATAM;;;
BRGEPADBS079;;;1.0000000000000000;;Others;;;;;2023-07-16;t < 3Y;BB;BBB to B;BB;;Others;BOND;BBB to B;t < 3Y;Others;Others;;;
BRPNBIDBS017;;;1.0000000000000000;BR;Others;;;;;2025-11-15;3Y <= t <= 7Y;AA;AAA to A;AA;Lat.Amer;LATAM;BOND;AAA to A;3Y <= t <= 7Y;Others;LATAM;;;
BRERDVDBS052;;;1.0000000000000000;;Others;;;;;2022-10-15;t < 3Y;AAA;AAA to A;AAA;;Others;BOND;AAA to A;t < 3Y;Others;Others;;;
BRMRSADBS099;;;1.0000000000000000;BR;Others;;;;;2025-02-15;t < 3Y;AAA;AAA to A;AAA;Lat.Amer;LATAM;BOND;AAA to A;t < 3Y;Others;LATAM;;;0.0042910000000000
BRCTBCDBS056;;;1.0000000000000000;BR;Others;;;;;2022-05-15;t < 3Y;AAA;AAA to A;AAA;Lat.Amer;LATAM;BOND;AAA to A;t < 3Y;Others;LATAM;;;0.0618850000000000
BRENTVDBS008;;;1.0000000000000000;;Others;;;;;2030-12-16;t > 7Y;AA;AAA to A;AA;;Others;BOND;AAA to A;t > 7Y;Others;Others;;;0.0073300000000000
BRMRSADBS0D8;;;1.0000000000000000;BR;Others;;;;;2024-03-15;t < 3Y;AA;AAA to A;AA;Lat.Amer;LATAM;BOND;AAA to A;t < 3Y;Others;LATAM;;;
BRAPCSCRA0M6;;;1.0000000000000000;BR;Others;;;;;2029-07-12;t > 7Y;AA;AAA to A;AA;Lat.Amer;LATAM;BOND;AAA to A;t > 7Y;Others;LATAM;;;0.0063210000000000
BRCTBCDBS080;;;1.0000000000000000;BR;Others;;;;;2024-03-15;t < 3Y;AAA;AAA to A;AAA;Lat.Amer;LATAM;BOND;AAA to A;t < 3Y;Others;LATAM;;;0.0044130000000000
BRPETRDBS001;;;1.0000000000000000;BR;Others;;;;;2026-01-15;3Y <= t <= 7Y;AA;AAA to A;AA;Lat.Amer;LATAM;BOND;AAA to A;3Y <= t <= 7Y;Others;LATAM;;;0.0039770000000000
BRSMFTDBS045;;;1.0000000000000000;BR;Others;;;;;2026-04-20;3Y <= t <= 7Y;AA;AAA to A;AA;Lat.Amer;LATAM;BOND;AAA to A;3Y <= t <= 7Y;Others;LATAM;;;0.0026940000000000
BRRBRACRI4T5;;;1.0000000000000000;;Others;;;;;2023-03-09;t < 3Y;AAA;AAA to A;AAA;;Others;BOND;AAA to A;t < 3Y;Others;Others;;;0.0000000000000000
BRCOLNDBS053;;;1.0000000000000000;;Others;;;;;2023-04-15;t < 3Y;A;AAA to A;A;;Others;BOND;AAA to A;t < 3Y;Others;Others;;;
BRRBRACRA033;;;1.0000000000000000;BR;Financial Institutions;;;;;2023-05-15;t < 3Y;AA;AAA to A;AA;Lat.Amer;LATAM;BOND;AAA to A;t < 3Y;Financial Institutions;LATAM;;;0.0033430000000000
BRRBRACRA074;;;1.0000000000000000;BR;Financial Institutions;;;;;2022-10-03;t < 3Y;AA;AAA to A;AA;Lat.Amer;LATAM;BOND;AAA to A;t < 3Y;Financial Institutions;LATAM;;;0.0028210000000000
BRCGASDBS085;;;1.0000000000000000;BR;Others;;;;;2024-10-15;t < 3Y;AA;AAA to A;AA;Lat.Amer;LATAM;BOND;AAA to A;t < 3Y;Others;LATAM;;;0.0037520000000000
BRVERTCRA0X3;;;1.0000000000000000;BR;Financial Institutions;;;;;2024-10-15;t < 3Y;AA;AAA to A;AA;Lat.Amer;LATAM;BOND;AAA to A;t < 3Y;Financial Institutions;LATAM;;;0.0059330000000000
BRSMFTDBS052;;;1.0000000000000000;BR;Others;;;;;2024-04-20;t < 3Y;AA;AAA to A;AA;Lat.Amer;LATAM;BOND;AAA to A;t < 3Y;Others;LATAM;;;
BRAGVLDBS015;;;1.0000000000000000;;Others;;N;N;;2027-08-15;3Y <= t <= 7Y;NR;;NR;;Others;BOND;;3Y <= t <= 7Y;Others;Others;;;
BRRPTADBS025;;;1.0000000000000000;;Others;;;;;2024-12-15;t < 3Y;B;BBB to B;B;;Others;BOND;BBB to B;t < 3Y;Others;Others;;;
BRENMIDBS000;;;1.0000000000000000;BR;Others;;;;;2023-06-15;t < 3Y;AA;AAA to A;AA;Lat.Amer;LATAM;BOND;AAA to A;t < 3Y;Others;LATAM;;;0.0235440000000000
BRCANTDBS030;;;1.0000000000000000;;Others;;;;;2022-06-15;t < 3Y;B;BBB to B;B;;Others;BOND;BBB to B;t < 3Y;Others;Others;;;
BRITPEDBS000;;;1.0000000000000000;BR;Others;;;;;2027-08-15;3Y <= t <= 7Y;AA;AAA to A;AA;Lat.Amer;LATAM;BOND;AAA to A;3Y <= t <= 7Y;Others;LATAM;;;0.0033000000000000
BRTAEEDBS0G5;;;1.0000000000000000;BR;Others;;;;;2044-05-15;t > 7Y;AA;AAA to A;AA;Lat.Amer;LATAM;BOND;AAA to A;t > 7Y;Others;LATAM;;;0.0065550000000000
BRCPREDBS080;;;1.0000000000000000;BR;Others;;;;;2022-07-15;t < 3Y;AA;AAA to A;AA;Lat.Amer;LATAM;BOND;AAA to A;t < 3Y;Others;LATAM;;;0.0026340000000000
BRECOACRA1R0;;;1.0000000000000000;BR;Others;;;;;2024-02-22;t < 3Y;AA;AAA to A;AA;Lat.Amer;LATAM;BOND;AAA to A;t < 3Y;Others;LATAM;;;0.0010920000000000
BRENMADBS072;;;1.0000000000000000;;Others;;;;;2023-10-15;t < 3Y;AAA;AAA to A;AAA;;Others;BOND;AAA to A;t < 3Y;Others;Others;;;0.0052230000000000
BRRBRACRA025;;;1.0000000000000000;BR;Financial Institutions;;;;;2022-05-16;t < 3Y;AA;AAA to A;AA;Lat.Amer;LATAM;BOND;AAA to A;t < 3Y;Financial Institutions;LATAM;;;0.0027140000000000
BRPETRDBS092;;;1.0000000000000000;BR;Others;;;;;2026-01-15;3Y <= t <= 7Y;AA;AAA to A;AA;Lat.Amer;LATAM;BOND;AAA to A;3Y <= t <= 7Y;Others;LATAM;;;0.0050580000000000
BRSPVIDBS030;;;1.0000000000000000;;Others;;;;;2026-11-15;3Y <= t <= 7Y;A;AAA to A;A;;Others;BOND;AAA to A;3Y <= t <= 7Y;Others;Others;;;
BRVERTCRA104;;;1.0000000000000000;BR;Others;;;;;2023-12-18;t < 3Y;AA;AAA to A;AA;Lat.Amer;LATAM;BOND;AAA to A;t < 3Y;Others;LATAM;;;0.0022620000000000
BRTSLEDBS008;;;1.0000000000000000;;Others;;;;;2030-12-15;t > 7Y;AA;AAA to A;AA;;Others;BOND;AAA to A;t > 7Y;Others;Others;;;0.0040340000000000
BRCCRODBS0F7;;;1.0000000000000000;BR;Others;;;;;2024-11-15;t < 3Y;AA;AAA to A;AA;Lat.Amer;LATAM;BOND;AAA to A;t < 3Y;Others;LATAM;;;0.0000000000000000
BRPETRDBS050;;;1.0000000000000000;BR;Others;;;;;2022-08-15;t < 3Y;AA;AAA to A;AA;Lat.Amer;LATAM;BOND;AAA to A;t < 3Y;Others;LATAM;;;0.0030430000000000
BRESTCDBS056;;;1.0000000000000000;BR;Others;;;;;2024-02-15;t < 3Y;AAA;AAA to A;AAA;Lat.Amer;LATAM;BOND;AAA to A;t < 3Y;Others;LATAM;;;0.0027370000000000
BRNRTBDBS010;;;1.0000000000000000;BR;Others;;;;;2026-09-15;3Y <= t <= 7Y;AAA;AAA to A;AAA;Lat.Amer;LATAM;BOND;AAA to A;3Y <= t <= 7Y;Others;LATAM;;;0.0058110000000000
BRVERTCRA013;;;1.0000000000000000;BR;Financial Institutions;;;;;2023-12-18;t < 3Y;AAA;AAA to A;AAA;Lat.Amer;LATAM;BOND;AAA to A;t < 3Y;Financial Institutions;LATAM;;;0.0022580000000000
BRTRPLDBS055;;;1.0000000000000000;BR;Others;;;;;2024-02-15;t < 3Y;AA;AAA to A;AA;Lat.Amer;LATAM;BOND;AAA to A;t < 3Y;Others;LATAM;;;0.0036890000000000
BRVERTCRA161;;;1.0000000000000000;BR;Financial Institutions;;;;;2024-05-16;t < 3Y;AA;AAA to A;AA;Lat.Amer;LATAM;BOND;AAA to A;t < 3Y;Financial Institutions;LATAM;;;0.0022630000000000
BRCPTEDBS003;;;1.0000000000000000;;Others;;;;;2023-11-11;t < 3Y;BB;BBB to B;BB;;Others;BOND;BBB to B;t < 3Y;Others;Others;;;0.0139460000000000
BRRBRACRI4D9;;;1.0000000000000000;BR;Financial Institutions;;;;;2024-09-18;t < 3Y;AA;AAA to A;AA;Lat.Amer;LATAM;BOND;AAA to A;t < 3Y;Financial Institutions;LATAM;;;0.0031060000000000
BRCCRODBS0G5;;;1.0000000000000000;BR;Others;;;;;2024-11-15;t < 3Y;BB;BBB to B;BB;Lat.Amer;LATAM;BOND;BBB to B;t < 3Y;Others;LATAM;;;
BRVDENDBS010;;;1.0000000000000000;BR;Others;;;;;2025-07-15;3Y <= t <= 7Y;AA;AAA to A;AA;Lat.Amer;LATAM;BOND;AAA to A;3Y <= t <= 7Y;Others;LATAM;;;0.0043430000000000
BRENBRDBS079;;;1.0000000000000000;BR;Others;;;;;2022-04-15;t < 3Y;AA;AAA to A;AA;Lat.Amer;LATAM;BOND;AAA to A;t < 3Y;Others;LATAM;;;0.0613480000000000
BRCBSCCRI487;;;1.0000000000000000;BR;Others;;;;;2023-05-25;t < 3Y;AA;AAA to A;AA;Lat.Amer;LATAM;BOND;AAA to A;t < 3Y;Others;LATAM;;;0.0022680000000000
BRAGRUDBS048;;;1.0000000000000000;;Others;;;;;2026-10-15;3Y <= t <= 7Y;AA;AAA to A;AA;;Others;BOND;AAA to A;3Y <= t <= 7Y;Others;Others;;;2.5956809999999999
BRNASXDBS020;;;1.0000000000000000;;Others;;;;;2024-08-15;t < 3Y;AA;AAA to A;AA;;Others;BOND;AAA to A;t < 3Y;Others;Others;;;
BRFGENDBS024;;;1.0000000000000000;;Others;;;;;2027-12-15;3Y <= t <= 7Y;AA;AAA to A;AA;;Others;BOND;AAA to A;3Y <= t <= 7Y;Others;Others;;;0.0039230000000000
BRTAEEDBS0C4;;;1.0000000000000000;BR;Others;;;;;2024-09-15;t < 3Y;AA;AAA to A;AA;Lat.Amer;LATAM;BOND;AAA to A;t < 3Y;Others;LATAM;;;0.0036170000000000
BRRBRACRA066;;;1.0000000000000000;BR;Financial Institutions;;;;;2024-04-17;t < 3Y;AA;AAA to A;AA;Lat.Amer;LATAM;BOND;AAA to A;t < 3Y;Financial Institutions;LATAM;;;0.0035020000000000
BRVERTCRA187;;;1.0000000000000000;BR;Others;;;;;2029-03-15;3Y <= t <= 7Y;AAA;AAA to A;AAA;Lat.Amer;LATAM;BOND;AAA to A;3Y <= t <= 7Y;Others;LATAM;;;0.0052230000000000
BREQTRDBS017;;;1.0000000000000000;;Others;;;;;2039-04-15;t > 7Y;AA;AAA to A;AA;;Others;BOND;AAA to A;t > 7Y;Others;Others;;;0.0081630000000000
BRPRASDBS001;;;1.0000000000000000;BR;Others;;;;;2034-08-15;t > 7Y;AA;AAA to A;AA;Lat.Amer;LATAM;BOND;AAA to A;t > 7Y;Others;LATAM;;;0.0044980000000000
BRVALEDBS077;;;1.0000000000000000;BR;Others;;;;;2026-01-15;3Y <= t <= 7Y;AAA;AAA to A;AAA;Lat.Amer;LATAM;BOND;AAA to A;3Y <= t <= 7Y;Others;LATAM;;;0.0047760000000000
BRRAILDBS019;;;1.0000000000000000;BR;Others;;;;;2029-02-15;3Y <= t <= 7Y;AAA;AAA to A;AAA;Lat.Amer;LATAM;BOND;AAA to A;3Y <= t <= 7Y;Others;LATAM;;;0.0043980000000000
BRECOACRA150;;;1.0000000000000000;BR;Financial Institutions;;;;;2023-06-23;t < 3Y;AAA;AAA to A;AAA;Lat.Amer;LATAM;BOND;AAA to A;t < 3Y;Financial Institutions;LATAM;;;0.0040590000000000
BRDAYCLFISY2;;;1.0000000000000000;BR;Financial Institutions;;;;;2023-03-15;t < 3Y;AA;AAA to A;AA;Lat.Amer;LATAM;BOND;AAA to A;t < 3Y;Financial Institutions;LATAM;;;0.0001910000000000
BRUNIDDBS0G4;;;1.0000000000000000;;Others;;;;;2024-04-10;t < 3Y;AA;AAA to A;AA;;Others;BOND;AAA to A;t < 3Y;Others;Others;;;
BRHBSCCRI2D2;;;1.0000000000000000;;Others;;;;;2032-12-21;t > 7Y;AAA;AAA to A;AAA;;Others;BOND;AAA to A;t > 7Y;Others;Others;;;
BRTIETDBS0B1;;;1.0000000000000000;BR;Others;;;;;2027-03-15;3Y <= t <= 7Y;AA;AAA to A;AA;Lat.Amer;LATAM;BOND;AAA to A;3Y <= t <= 7Y;Others;LATAM;;;27.7325769999999990
BRRBRACRA058;;;1.0000000000000000;BR;Financial Institutions;;;;;2023-04-19;t < 3Y;AA;AAA to A;AA;Lat.Amer;LATAM;BOND;AAA to A;t < 3Y;Financial Institutions;LATAM;;;0.0016430000000000
BRAPCSCRI3D1;;;1.0000000000000000;BR;Financial Institutions;;;;;2025-08-15;3Y <= t <= 7Y;AA;AAA to A;AA;Lat.Amer;LATAM;BOND;AAA to A;3Y <= t <= 7Y;Financial Institutions;LATAM;;;0.0063670000000000
BRAPCSCRA0E3;;;1.0000000000000000;BR;Financial Institutions;;;;;2025-01-21;t < 3Y;AA;AAA to A;AA;Lat.Amer;LATAM;BOND;AAA to A;t < 3Y;Financial Institutions;LATAM;;;0.0028690000000000
BRAPCSCRI9N7;;;1.0000000000000000;BR;Others;;;;;2028-04-13;3Y <= t <= 7Y;NR;;NR;Lat.Amer;LATAM;BOND;;3Y <= t <= 7Y;Others;LATAM;;;
BRCELPDBS026;;;1.0000000000000000;BR;Others;;;;;2023-12-15;t < 3Y;AAA;AAA to A;AAA;Lat.Amer;LATAM;BOND;AAA to A;t < 3Y;Others;LATAM;;;0.0047110000000000
BRAGRUDBS022;;;1.0000000000000000;;Others;;;;;2025-09-15;3Y <= t <= 7Y;AA;AAA to A;AA;;Others;BOND;AAA to A;3Y <= t <= 7Y;Others;Others;;;0.0050790000000000
USL0R80QAA10;;;1.0000000000000000;;Others;;N;N;;2035-07-13;t > 7Y;NR;;NR;;Others;BOND;;t > 7Y;Others;Others;;;0.4978360000000000
BRSTNCLTN7V5;941.3333000000000100;BRL;1.0000000000000000;BR;Governments;BRL LTN 011022;;;GBBR;2022-10-01;t < 3Y;BB;BBB to B;BB;Lat.Amer;LATAM;BOND;BBB to B;t < 3Y;Governments;LATAM;;326419891.3999999800000000;0.0011310000000000
BRSTNCLTN7O0;971.3290409999999600;BRL;1.0000000000000000;BR;Governments;BRL LTN 010722;;;GBBR;2022-07-01;t < 3Y;BB;BBB to B;BB;Lat.Amer;LATAM;BOND;BBB to B;t < 3Y;Governments;LATAM;;228936955.4000000100000000;0.0007540000000000
BRSTNCNTB5E7;46.0237640000000000;BRL;1.0000000000000000;BR;Governments;BRL NTNB 150239 STCP;;;GBBR;2039-02-15;t > 7Y;BB;BBB to B;BB;Lat.Amer;LATAM;BOND;BBB to B;t > 7Y;Governments;LATAM;;;0.0091490000000000
BRSTNCNTB1Z1;74.8168880000000060;BRL;1.0000000000000000;BR;Governments;BRL NTNB 150530 STCP;;;GBBR;2030-05-15;t > 7Y;BB;BBB to B;BB;Lat.Amer;LATAM;BOND;BBB to B;t > 7Y;Governments;LATAM;;;0.0052230000000000
BRSTNCNTB5A5;51.3756220000000000;BRL;1.0000000000000000;BR;Governments;BRL NTNB 150237 STCP;;;GBBR;2037-02-15;t > 7Y;BB;BBB to B;BB;Lat.Amer;LATAM;BOND;BBB to B;t > 7Y;Governments;LATAM;;;0.0084940000000000
BRSTNCNTB1W8;81.0887490000000070;BRL;1.0000000000000000;BR;Governments;BRL NTNB 151128 STCP;;;GBBR;2028-11-16;3Y <= t <= 7Y;BB;BBB to B;BB;Lat.Amer;LATAM;BOND;BBB to B;3Y <= t <= 7Y;Governments;LATAM;;;0.0045680000000000
BRSTNCNTB252;63.1784320000000010;BRL;1.0000000000000000;BR;Governments;BRL NTNB 150533 STCP;;;GBBR;2033-05-16;t > 7Y;BB;BBB to B;BB;Lat.Amer;LATAM;BOND;BBB to B;t > 7Y;Governments;LATAM;;;0.0066620000000000
BRSTNCNTB2M7;39.1716479999999980;BRL;1.0000000000000000;BR;Governments;BRL NTNB 151141 STCP;;;GBBR;2041-11-18;t > 7Y;BB;BBB to B;BB;Lat.Amer;LATAM;BOND;BBB to B;t > 7Y;Governments;LATAM;;;0.0090440000000000
BRSTNCNTB500;67.7108730000000070;BRL;1.0000000000000000;BR;Governments;BRL NTNB 150232 STCP;;;GBBR;2032-02-15;t > 7Y;BB;BBB to B;BB;Lat.Amer;LATAM;BOND;BBB to B;t > 7Y;Governments;LATAM;;;0.0063030000000000
BRSTNCNTB450;103.8833350000000000;BRL;1.0000000000000000;BR;Governments;BRL NTNB 150224 STCP;;;GBBR;2024-02-15;t < 3Y;BB;BBB to B;BB;Lat.Amer;LATAM;BOND;BBB to B;t < 3Y;Governments;LATAM;;;0.0020490000000000
BRSTNCNTB1T4;88.1188640000000020;BRL;1.0000000000000000;BR;Governments;BRL NTNB 150527 STCP;;;GBBR;2027-05-17;3Y <= t <= 7Y;BB;BBB to B;BB;Lat.Amer;LATAM;BOND;BBB to B;3Y <= t <= 7Y;Governments;LATAM;;;0.0039070000000000
BRSTNCNTB4G5;82.2018130000000010;BRL;1.0000000000000000;BR;Governments;BRL NTNB 150828 STCP;;;GBBR;2028-08-15;3Y <= t <= 7Y;BB;BBB to B;BB;Lat.Amer;LATAM;BOND;BBB to B;3Y <= t <= 7Y;Governments;LATAM;;;0.0044880000000000
BRSTNCNTB4E0;86.8831650000000050;BRL;1.0000000000000000;BR;Governments;BRL NTNB 150827 STCP;;;GBBR;2027-08-16;3Y <= t <= 7Y;BB;BBB to B;BB;Lat.Amer;LATAM;BOND;BBB to B;3Y <= t <= 7Y;Governments;LATAM;;;0.0040240000000000
BRSTNCNTB2T2;31.4603340000000000;BRL;1.0000000000000000;BR;Governments;BRL NTNB 150545 STCP;;;GBBR;2045-05-15;t > 7Y;BB;BBB to B;BB;Lat.Amer;LATAM;BOND;BBB to B;t > 7Y;Governments;LATAM;;;0.0099840000000000
BRSTNCNTB2S4;32.4774760000000030;BRL;1.0000000000000000;BR;Governments;BRL NTNB 151144 STCP;;;GBBR;2044-11-16;t > 7Y;BB;BBB to B;BB;Lat.Amer;LATAM;BOND;BBB to B;t > 7Y;Governments;LATAM;;;0.0097650000000000
BRSTNCNTB666;1430.6560250000000000;BRL;1.0000000000000000;BR;Governments;BRL NTNB 150840 STPR;;;GBBR;2040-08-15;t > 7Y;BB;BBB to B;BB;Lat.Amer;LATAM;BOND;BBB to B;t > 7Y;Governments;LATAM;;;0.0098210000000000
BRSTNCNTB674;4064.8197759999998000;BRL;1.0000000000000000;BR;Governments;BRL NTNB 150832;;;GBBR;2032-08-15;t > 7Y;BB;BBB to B;BB;Lat.Amer;LATAM;BOND;BBB to B;t > 7Y;Governments;LATAM;;28228276.8599999990000000;0.0051010000000000
BRSTNCLF1R65;11416.3369500000010000;BRL;1.0000000000000000;BR;Governments;BRL LFT 010327;;;GBBR;2027-03-01;3Y <= t <= 7Y;BB;BBB to B;BB;Lat.Amer;LATAM;BOND;BBB to B;3Y <= t <= 7Y;Governments;LATAM;;;0.0002330000000000
BRSTNCNTB2F1;47.9657920000000000;BRL;1.0000000000000000;BR;Governments;BRL NTNB 150538 STCP;;;GBBR;2038-05-17;t > 7Y;BB;BBB to B;BB;Lat.Amer;LATAM;BOND;BBB to B;t > 7Y;Governments;LATAM;;;0.0082030000000000
BRSTNCNTB4C4;91.7718220000000000;BRL;1.0000000000000000;BR;Governments;BRL NTNB 150826 STCP;;;GBBR;2026-08-17;3Y <= t <= 7Y;BB;BBB to B;BB;Lat.Amer;LATAM;BOND;BBB to B;3Y <= t <= 7Y;Governments;LATAM;;;0.0036870000000000
BRSTNCNTB2J3;42.9572939999999970;BRL;1.0000000000000000;BR;Governments;BRL NTNB 150540 STCP;;;GBBR;2040-05-15;t > 7Y;BB;BBB to B;BB;Lat.Amer;LATAM;BOND;BBB to B;t > 7Y;Governments;LATAM;;;0.0088990000000000
BRSTNCNTB4A8;96.5081289999999970;BRL;1.0000000000000000;BR;Governments;BRL NTNB 150825 STCP;;;GBBR;2025-08-15;3Y <= t <= 7Y;BB;BBB to B;BB;Lat.Amer;LATAM;BOND;BBB to B;3Y <= t <= 7Y;Governments;LATAM;;;0.0030310000000000
BRSTNCNTB1K3;110.3877700000000000;BRL;1.0000000000000000;BR;Governments;BRL NTNB 151122 STCP;;;GBBR;2022-11-16;t < 3Y;BB;BBB to B;BB;Lat.Amer;LATAM;BOND;BBB to B;t < 3Y;Governments;LATAM;;;0.0013830000000000
BRSTNCNTB2C8;52.0976819999999990;BRL;1.0000000000000000;BR;Governments;BRL NTNB 151136 STCP;;;GBBR;2036-11-17;t > 7Y;BB;BBB to B;BB;Lat.Amer;LATAM;BOND;BBB to B;t > 7Y;Governments;LATAM;;;0.0078830000000000
BRSTNCNTB245;64.9145900000000040;BRL;1.0000000000000000;BR;Governments;BRL NTNB 151132 STCP;;;GBBR;2032-11-16;t > 7Y;BB;BBB to B;BB;Lat.Amer;LATAM;BOND;BBB to B;t > 7Y;Governments;LATAM;;;0.0064080000000000
BRSTNCNTB1M9;105.0884120000000100;BRL;1.0000000000000000;BR;Governments;BRL NTNB 151123 STCP;;;GBBR;2023-11-16;t < 3Y;BB;BBB to B;BB;Lat.Amer;LATAM;BOND;BBB to B;t < 3Y;Governments;LATAM;;;0.0018580000000000
BRSTNCNTB2H7;45.4175249999999980;BRL;1.0000000000000000;BR;Governments;BRL NTNB 150539 STCP;;;GBBR;2039-05-16;t > 7Y;BB;BBB to B;BB;Lat.Amer;LATAM;BOND;BBB to B;t > 7Y;Governments;LATAM;;;0.0085210000000000
BRSTNCNTB1U2;85.7026010000000010;BRL;1.0000000000000000;BR;Governments;BRL NTNB 151127 STCP;;;GBBR;2027-11-16;3Y <= t <= 7Y;BB;BBB to B;BB;Lat.Amer;LATAM;BOND;BBB to B;3Y <= t <= 7Y;Governments;LATAM;;;0.0041230000000000
BRSTNCNTB286;58.2057450000000000;BRL;1.0000000000000000;BR;Governments;BRL NTNB 151134 STCP;;;GBBR;2034-11-16;t > 7Y;BB;BBB to B;BB;Lat.Amer;LATAM;BOND;BBB to B;t > 7Y;Governments;LATAM;;;0.0074720000000000
BRSTNCNTB1Y4;76.8184150000000020;BRL;1.0000000000000000;BR;Governments;BRL NTNB 151129 STCP;;;GBBR;2029-11-16;t > 7Y;BB;BBB to B;BB;Lat.Amer;LATAM;BOND;BBB to B;t > 7Y;Governments;LATAM;;;0.0049870000000000
BRSTNCNTF212;928.1791210000000100;BRL;1.0000000000000000;BR;Governments;BRL NTNF 010133;;;GBBR;2033-01-01;t > 7Y;BB;BBB to B;BB;Lat.Amer;LATAM;BOND;BBB to B;t > 7Y;Governments;LATAM;;34230315.5300000010000000;0.0115590000000000
BRSTNCNTB1S6;90.5376499999999990;BRL;1.0000000000000000;BR;Governments;BRL NTNB 151126 STCP;;;GBBR;2026-11-16;3Y <= t <= 7Y;BB;BBB to B;BB;Lat.Amer;LATAM;BOND;BBB to B;3Y <= t <= 7Y;Governments;LATAM;;;0.0037110000000000
BRSTNCNTB443;107.8503350000000000;BRL;1.0000000000000000;BR;Governments;BRL NTNB 150823 STCP;;;GBBR;2023-08-15;t < 3Y;BB;BBB to B;BB;Lat.Amer;LATAM;BOND;BBB to B;t < 3Y;Governments;LATAM;;;0.0016990000000000
BRSTNCNTB526;64.0059150000000020;BRL;1.0000000000000000;BR;Governments;BRL NTNB 150233 STCP;;;GBBR;2033-02-15;t > 7Y;BB;BBB to B;BB;Lat.Amer;LATAM;BOND;BBB to B;t > 7Y;Governments;LATAM;;;0.0068430000000000
BRSTNCNTB575;55.8754700000000000;BRL;1.0000000000000000;BR;Governments;BRL NTNB 150835 STCP;;;GBBR;2035-08-15;t > 7Y;BB;BBB to B;BB;Lat.Amer;LATAM;BOND;BBB to B;t > 7Y;Governments;LATAM;;;0.0081800000000000
BRSTNCLF1RD2;11479.9197900000000000;BRL;1.0000000000000000;BR;Governments;BRL LFT 010925;;;GBBR;2025-09-01;3Y <= t <= 7Y;BB;BBB to B;BB;Lat.Amer;LATAM;BOND;BBB to B;3Y <= t <= 7Y;Governments;LATAM;;;0.0002180000000000
BRSTNCLTN7Q5;862.2582420000000000;BRL;1.0000000000000000;BR;Governments;BRL LTN 010723;;;GBBR;2023-07-01;t < 3Y;BB;BBB to B;BB;Lat.Amer;LATAM;BOND;BBB to B;t < 3Y;Governments;LATAM;;841480977.7999999500000000;0.0020890000000000
BRSTNCLTN7W3;779.5816750000000200;BRL;1.0000000000000000;BR;Governments;BRL LTN 010724;;;GBBR;2024-07-01;t < 3Y;BB;BBB to B;BB;Lat.Amer;LATAM;BOND;BBB to B;t < 3Y;Governments;LATAM;;104682298.4000000100000000;0.0035230000000000
BRSTNCLTN7T9;999.5627980000000400;BRL;1.0000000000000000;BR;Governments;BRL LTN 010422;;;GBBR;2022-04-01;t < 3Y;BB;BBB to B;BB;Lat.Amer;LATAM;BOND;BBB to B;t < 3Y;Governments;LATAM;;;0.0004550000000000
BRSTNCNTB2G9;46.6454209999999990;BRL;1.0000000000000000;BR;Governments;BRL NTNB 151138 STCP;;;GBBR;2038-11-16;t > 7Y;BB;BBB to B;BB;Lat.Amer;LATAM;BOND;BBB to B;t > 7Y;Governments;LATAM;;;0.0083570000000000
BRSTNCNTB2B0;53.6317639999999970;BRL;1.0000000000000000;BR;Governments;BRL NTNB 150536 STCP;;;GBBR;2036-05-15;t > 7Y;BB;BBB to B;BB;Lat.Amer;LATAM;BOND;BBB to B;t > 7Y;Governments;LATAM;;;0.0078130000000000
BRSTNCNTB2E4;49.3016900000000010;BRL;1.0000000000000000;BR;Governments;BRL NTNB 151137 STCP;;;GBBR;2037-11-16;t > 7Y;BB;BBB to B;BB;Lat.Amer;LATAM;BOND;BBB to B;t > 7Y;Governments;LATAM;;;0.0080800000000000
BRSTNCNTB468;101.4186380000000000;BRL;1.0000000000000000;BR;Governments;BRL NTNB 150824 STCP;;;GBBR;2024-08-15;t < 3Y;BB;BBB to B;BB;Lat.Amer;LATAM;BOND;BBB to B;t < 3Y;Governments;LATAM;;;0.0024110000000000
BRSTNCNTB211;70.7164300000000030;BRL;1.0000000000000000;BR;Governments;BRL NTNB 150531 STCP;;;GBBR;2031-05-15;t > 7Y;BB;BBB to B;BB;Lat.Amer;LATAM;BOND;BBB to B;t > 7Y;Governments;LATAM;;;0.0056850000000000
BRSTNCNTB4B6;94.0633990000000040;BRL;1.0000000000000000;BR;Governments;BRL NTNB 150226 STCP;;;GBBR;2026-02-18;3Y <= t <= 7Y;BB;BBB to B;BB;Lat.Amer;LATAM;BOND;BBB to B;3Y <= t <= 7Y;Governments;LATAM;;;0.0033930000000000
BRSTNCNTB237;66.7527740000000020;BRL;1.0000000000000000;BR;Governments;BRL NTNB 150532 STCP;;;GBBR;2032-05-17;t > 7Y;BB;BBB to B;BB;Lat.Amer;LATAM;BOND;BBB to B;t > 7Y;Governments;LATAM;;;0.0061610000000000
BRSTNCNTB1N7;102.6726920000000000;BRL;1.0000000000000000;BR;Governments;BRL NTNB 150524 STCP;;;GBBR;2024-05-15;t < 3Y;BB;BBB to B;BB;Lat.Amer;LATAM;BOND;BBB to B;t < 3Y;Governments;LATAM;;;0.0021860000000000
BRSTNCNTB518;65.7933440000000050;BRL;1.0000000000000000;BR;Governments;BRL NTNB 150832 STCP;;;GBBR;2032-08-15;t > 7Y;BB;BBB to B;BB;Lat.Amer;LATAM;BOND;BBB to B;t > 7Y;Governments;LATAM;;;0.0065680000000000
BRSTNCNTB435;108.8000840000000000;BRL;1.0000000000000000;BR;Governments;BRL NTNB 150223 STCP;;;GBBR;2023-02-15;t < 3Y;BB;BBB to B;BB;Lat.Amer;LATAM;BOND;BBB to B;t < 3Y;Governments;LATAM;;;0.0015700000000000
BRSTNCNTB260;61.4620430000000010;BRL;1.0000000000000000;BR;Governments;BRL NTNB 151133 STCP;;;GBBR;2033-11-16;t > 7Y;BB;BBB to B;BB;Lat.Amer;LATAM;BOND;BBB to B;t > 7Y;Governments;LATAM;;;0.0069280000000000
BRSTNCNTB5G2;43.3440390000000020;BRL;1.0000000000000000;BR;Governments;BRL NTNB 150240 STCP;;;GBBR;2040-02-15;t > 7Y;BB;BBB to B;BB;Lat.Amer;LATAM;BOND;BBB to B;t > 7Y;Governments;LATAM;;;0.0095960000000000
BRSTNCNTB5D9;47.2905220000000030;BRL;1.0000000000000000;BR;Governments;BRL NTNB 150838 STCP;;;GBBR;2038-08-15;t > 7Y;BB;BBB to B;BB;Lat.Amer;LATAM;BOND;BBB to B;t > 7Y;Governments;LATAM;;;0.0089620000000000
BRSTNCLTN7N2;740.9346339999999600;BRL;1.0000000000000000;BR;Governments;BRL LTN 010125;;;GBBR;2025-01-01;t < 3Y;BB;BBB to B;BB;Lat.Amer;LATAM;BOND;BBB to B;t < 3Y;Governments;LATAM;;512407639.0000000000000000;0.0046080000000000
BRSTNCLTN7Y9;798.6286559999999800;BRL;1.0000000000000000;BR;Governments;BRL LTN 010424;;;GBBR;2024-04-01;t < 3Y;BB;BBB to B;BB;Lat.Amer;LATAM;BOND;BBB to B;t < 3Y;Governments;LATAM;;159483898.8000000100000000;0.0029020000000000
BRSTNCNTB2K1;41.6918709999999990;BRL;1.0000000000000000;BR;Governments;BRL NTNB 151140 STCP;;;GBBR;2040-11-16;t > 7Y;BB;BBB to B;BB;Lat.Amer;LATAM;BOND;BBB to B;t > 7Y;Governments;LATAM;;;0.0090000000000000
BRSTNCNTB567;57.4407890000000020;BRL;1.0000000000000000;BR;Governments;BRL NTNB 150235 STCP;;;GBBR;2035-02-15;t > 7Y;BB;BBB to B;BB;Lat.Amer;LATAM;BOND;BBB to B;t > 7Y;Governments;LATAM;;;0.0079960000000000
BRSTNCNTB4H3;80.0253830000000050;BRL;1.0000000000000000;BR;Governments;BRL NTNB 150229 STCP;;;GBBR;2029-02-15;3Y <= t <= 7Y;BB;BBB to B;BB;Lat.Amer;LATAM;BOND;BBB to B;3Y <= t <= 7Y;Governments;LATAM;;;0.0047900000000000
BRSTNCNTB492;98.8831380000000020;BRL;1.0000000000000000;BR;Governments;BRL NTNB 150225 STCP;;;GBBR;2025-02-17;t < 3Y;BB;BBB to B;BB;Lat.Amer;LATAM;BOND;BBB to B;t < 3Y;Governments;LATAM;;;0.0027950000000000
BRSTNCNTB2Q8;34.5858160000000010;BRL;1.0000000000000000;BR;Governments;BRL NTNB 151143 STCP;;;GBBR;2043-11-16;t > 7Y;BB;BBB to B;BB;Lat.Amer;LATAM;BOND;BBB to B;t > 7Y;Governments;LATAM;;;0.0094160000000000
BRSTNCNTB4I1;77.8728650000000040;BRL;1.0000000000000000;BR;Governments;BRL NTNB 150829 STCP;;;GBBR;2029-08-15;t > 7Y;BB;BBB to B;BB;Lat.Amer;LATAM;BOND;BBB to B;t > 7Y;Governments;LATAM;;;0.0050260000000000
BRSTNCNTB427;113.8309480000000100;BRL;1.0000000000000000;BR;Governments;BRL NTNB 150822 STCP;;;GBBR;2022-08-15;t < 3Y;BB;BBB to B;BB;Lat.Amer;LATAM;BOND;BBB to B;t < 3Y;Governments;LATAM;;;0.0013020000000000
BRSTNCNTB682;4086.2972060000002000;BRL;1.0000000000000000;BR;Governments;BRL NTNB 150527;;;GBBR;2027-05-15;3Y <= t <= 7Y;BB;BBB to B;BB;Lat.Amer;LATAM;BOND;BBB to B;3Y <= t <= 7Y;Governments;LATAM;;178127494.4000000100000000;0.0028870000000000
BRSTNCNTB4K7;73.7718809999999930;BRL;1.0000000000000000;BR;Governments;BRL NTNB 150830 STCP;;;GBBR;2030-08-15;t > 7Y;BB;BBB to B;BB;Lat.Amer;LATAM;BOND;BBB to B;t > 7Y;Governments;LATAM;;;0.0054140000000000
BRSTNCNTB2P0;35.6994850000000030;BRL;1.0000000000000000;BR;Governments;BRL NTNB 150543 STCP;;;GBBR;2043-05-15;t > 7Y;BB;BBB to B;BB;Lat.Amer;LATAM;BOND;BBB to B;t > 7Y;Governments;LATAM;;;0.0092820000000000
BRSTNCNTF204;940.8307230000000300;BRL;1.0000000000000000;BR;Governments;BRL NTNF 010131;;;GBBR;2031-01-01;t > 7Y;BB;BBB to B;BB;Lat.Amer;LATAM;BOND;BBB to B;t > 7Y;Governments;LATAM;;146212824.4000000100000000;0.0069250000000000
BRSTNCLF1RH3;11401.9375900000000000;BRL;1.0000000000000000;BR;Governments;BRL LFT 010927;;;GBBR;2027-09-01;3Y <= t <= 7Y;BB;BBB to B;BB;Lat.Amer;LATAM;BOND;BBB to B;3Y <= t <= 7Y;Governments;LATAM;;;0.0002470000000000
BRSTNCNTB4Z5;69.6842780000000060;BRL;1.0000000000000000;BR;Governments;BRL NTNB 150831 STCP;;;GBBR;2031-08-15;t > 7Y;BB;BBB to B;BB;Lat.Amer;LATAM;BOND;BBB to B;t > 7Y;Governments;LATAM;;;0.0060430000000000
BRSTNCNTB1P2;97.7639420000000000;BRL;1.0000000000000000;BR;Governments;BRL NTNB 150525 STCP;;;GBBR;2025-05-15;3Y <= t <= 7Y;BB;BBB to B;BB;Lat.Amer;LATAM;BOND;BBB to B;3Y <= t <= 7Y;Governments;LATAM;;;0.0028680000000000
BRSTNCNTB559;59.0064769999999970;BRL;1.0000000000000000;BR;Governments;BRL NTNB 150834 STCP;;;GBBR;2034-08-15;t > 7Y;BB;BBB to B;BB;Lat.Amer;LATAM;BOND;BBB to B;t > 7Y;Governments;LATAM;;;0.0077000000000000
BRSTNCNTB5H0;42.2944839999999970;BRL;1.0000000000000000;BR;Governments;BRL NTNB 150840 STCP;;;GBBR;2040-08-15;t > 7Y;BB;BBB to B;BB;Lat.Amer;LATAM;BOND;BBB to B;t > 7Y;Governments;LATAM;;;0.0098000000000000
BRSTNCNTB4F7;84.4821249999999960;BRL;1.0000000000000000;BR;Governments;BRL NTNB 150228 STCP;;;GBBR;2028-02-15;3Y <= t <= 7Y;BB;BBB to B;BB;Lat.Amer;LATAM;BOND;BBB to B;3Y <= t <= 7Y;Governments;LATAM;;;0.0042510000000000
BRSTNCNTB4D2;89.3395790000000010;BRL;1.0000000000000000;BR;Governments;BRL NTNB 150227 STCP;;;GBBR;2027-02-15;3Y <= t <= 7Y;BB;BBB to B;BB;Lat.Amer;LATAM;BOND;BBB to B;3Y <= t <= 7Y;Governments;LATAM;;;0.0038160000000000
BRSTNCNTB203;72.6787029999999990;BRL;1.0000000000000000;BR;Governments;BRL NTNB 151130 STCP;;;GBBR;2030-11-18;t > 7Y;BB;BBB to B;BB;Lat.Amer;LATAM;BOND;BBB to B;t > 7Y;Governments;LATAM;;;0.0054700000000000
BRSTNCNTB1O5;100.1133660000000000;BRL;1.0000000000000000;BR;Governments;BRL NTNB 151124 STCP;;;GBBR;2024-11-18;t < 3Y;BB;BBB to B;BB;Lat.Amer;LATAM;BOND;BBB to B;t < 3Y;Governments;LATAM;;;0.0025280000000000
BRSTNCNTB2D6;50.7084839999999990;BRL;1.0000000000000000;BR;Governments;BRL NTNB 150537 STCP;;;GBBR;2037-05-15;t > 7Y;BB;BBB to B;BB;Lat.Amer;LATAM;BOND;BBB to B;t > 7Y;Governments;LATAM;;;0.0079700000000000
BRSTNCNTB0K5;3430.5935930000001000;BRL;1.0000000000000000;BR;Governments;BRL NTNB 150824 STPR;;;GBBR;2024-08-15;t < 3Y;BB;BBB to B;BB;Lat.Amer;LATAM;BOND;BBB to B;t < 3Y;Governments;LATAM;;;0.0023370000000000
BRSTNCNTB1J5;115.0209940000000000;BRL;1.0000000000000000;BR;Governments;BRL NTNB 150522 STCP;;;GBBR;2022-05-16;t < 3Y;BB;BBB to B;BB;Lat.Amer;LATAM;BOND;BBB to B;t < 3Y;Governments;LATAM;;;0.0010460000000000
BRSTNCNTB2I5;44.1605270000000020;BRL;1.0000000000000000;BR;Governments;BRL NTNB 151139 STCP;;;GBBR;2039-11-16;t > 7Y;BB;BBB to B;BB;Lat.Amer;LATAM;BOND;BBB to B;t > 7Y;Governments;LATAM;;;0.0087040000000000
BRSTNCNTB2N5;38.0160399999999970;BRL;1.0000000000000000;BR;Governments;BRL NTNB 150542 STCP;;;GBBR;2042-05-15;t > 7Y;BB;BBB to B;BB;Lat.Amer;LATAM;BOND;BBB to B;t > 7Y;Governments;LATAM;;;0.0090970000000000
BRSTNCNTB690;4128.2480509999996000;BRL;1.0000000000000000;BR;Governments;BRL NTNB 150860;;;GBBR;2060-08-15;t > 7Y;BB;BBB to B;BB;Lat.Amer;LATAM;BOND;BBB to B;t > 7Y;Governments;LATAM;;23840564.1800000000000000;0.0072070000000000
BRSTNCLF1RE0;11464.1852000000000000;BRL;1.0000000000000000;BR;Governments;BRL LFT 010326;;;GBBR;2026-03-01;3Y <= t <= 7Y;BB;BBB to B;BB;Lat.Amer;LATAM;BOND;BBB to B;3Y <= t <= 7Y;Governments;LATAM;;;0.0002170000000000
BRSTNCLF1RF7;11457.3020500000000000;BRL;1.0000000000000000;BR;Governments;BRL LFT 010926;;;GBBR;2026-09-01;3Y <= t <= 7Y;BB;BBB to B;BB;Lat.Amer;LATAM;BOND;BBB to B;3Y <= t <= 7Y;Governments;LATAM;;;0.0002290000000000
BRSTNCLF1RC4;11487.6954900000000000;BRL;1.0000000000000000;BR;Governments;BRL LFT 010325;;;GBBR;2025-03-01;t < 3Y;BB;BBB to B;BB;Lat.Amer;LATAM;BOND;BBB to B;t < 3Y;Governments;LATAM;;;0.0002100000000000
BRSTNCLTN7D3;913.4636130000000100;BRL;1.0000000000000000;BR;Governments;BRL LTN 010123;;;GBBR;2023-01-01;t < 3Y;BB;BBB to B;BB;Lat.Amer;LATAM;BOND;BBB to B;t < 3Y;Governments;LATAM;;677709179.0000000000000000;0.0015410000000000
BRSTNCLF0008;11494.8401799999990000;BRL;1.0000000000000000;BR;Governments;BRL LFT 010924;;;GBBR;2024-09-02;t < 3Y;BB;BBB to B;BB;Lat.Amer;LATAM;BOND;BBB to B;t < 3Y;Governments;LATAM;;;0.0001790000000000
BRSTNCNTB4J9;75.7782430000000030;BRL;1.0000000000000000;BR;Governments;BRL NTNB 150230 STCP;;;GBBR;2030-02-15;t > 7Y;BB;BBB to B;BB;Lat.Amer;LATAM;BOND;BBB to B;t > 7Y;Governments;LATAM;;;0.0052800000000000
BRSTNCNTB633;4045.6800490000001000;BRL;1.0000000000000000;BR;Governments;BRL NTNB 150525;;;GBBR;2025-05-15;3Y <= t <= 7Y;BB;BBB to B;BB;Lat.Amer;LATAM;BOND;BBB to B;3Y <= t <= 7Y;Governments;LATAM;;437499062.6999999900000000;0.0028470000000000
BRSTNCNTB2O3;36.7999969999999980;BRL;1.0000000000000000;BR;Governments;BRL NTNB 151142 STCP;;;GBBR;2042-11-17;t > 7Y;BB;BBB to B;BB;Lat.Amer;LATAM;BOND;BBB to B;t > 7Y;Governments;LATAM;;;0.0091800000000000
BRSTNCNTB229;68.6516570000000000;BRL;1.0000000000000000;BR;Governments;BRL NTNB 151131 STCP;;;GBBR;2031-11-17;t > 7Y;BB;BBB to B;BB;Lat.Amer;LATAM;BOND;BBB to B;t > 7Y;Governments;LATAM;;;0.0059260000000000
BRSTNCNTB4Y8;71.6503249999999950;BRL;1.0000000000000000;BR;Governments;BRL NTNB 150231 STCP;;;GBBR;2031-02-15;t > 7Y;BB;BBB to B;BB;Lat.Amer;LATAM;BOND;BBB to B;t > 7Y;Governments;LATAM;;;0.0057970000000000
BRSTNCNTB542;60.6016970000000010;BRL;1.0000000000000000;BR;Governments;BRL NTNB 150234 STCP;;;GBBR;2034-02-15;t > 7Y;BB;BBB to B;BB;Lat.Amer;LATAM;BOND;BBB to B;t > 7Y;Governments;LATAM;;;0.0074130000000000
BRSTNCNTB625;2780.5639870000000000;BRL;1.0000000000000000;BR;Governments;BRL NTNB 150828 STPR;;;GBBR;2028-08-15;3Y <= t <= 7Y;BB;BBB to B;BB;Lat.Amer;LATAM;BOND;BBB to B;3Y <= t <= 7Y;Governments;LATAM;;;0.0044880000000000
BRSTNCNTB1X6;78.9759619999999960;BRL;1.0000000000000000;BR;Governments;BRL NTNB 150529 STCP;;;GBBR;2029-05-15;t > 7Y;BB;BBB to B;BB;Lat.Amer;LATAM;BOND;BBB to B;t > 7Y;Governments;LATAM;;;0.0047600000000000
BRSTNCNTB591;52.8650140000000020;BRL;1.0000000000000000;BR;Governments;BRL NTNB 150836 STCP;;;GBBR;2036-08-15;t > 7Y;BB;BBB to B;BB;Lat.Amer;LATAM;BOND;BBB to B;t > 7Y;Governments;LATAM;;;0.0083670000000000
BRSTNCNTB2A2;55.1010500000000010;BRL;1.0000000000000000;BR;Governments;BRL NTNB 151135 STCP;;;GBBR;2035-11-16;t > 7Y;BB;BBB to B;BB;Lat.Amer;LATAM;BOND;BBB to B;t > 7Y;Governments;LATAM;;;0.0077700000000000
BRSTNCNTB5F4;44.7796689999999980;BRL;1.0000000000000000;BR;Governments;BRL NTNB 150839 STCP;;;GBBR;2039-08-15;t > 7Y;BB;BBB to B;BB;Lat.Amer;LATAM;BOND;BBB to B;t > 7Y;Governments;LATAM;;;0.0093480000000000
BRSTNCLF1RI1;11394.8817800000000000;BRL;1.0000000000000000;BR;Governments;BRL LFT 010328;;;GBBR;2028-03-01;3Y <= t <= 7Y;BB;BBB to B;BB;Lat.Amer;LATAM;BOND;BBB to B;3Y <= t <= 7Y;Governments;LATAM;;;0.0003910000000000
BRSTNCLTN7S1;818.9930349999999600;BRL;1.0000000000000000;BR;Governments;BRL LTN 010124;;;GBBR;2024-01-01;t < 3Y;BB;BBB to B;BB;Lat.Amer;LATAM;BOND;BBB to B;t < 3Y;Governments;LATAM;;435574119.3000000100000000;0.0028010000000000
BRSTNCLTN7Z6;703.6537779999999900;BRL;1.0000000000000000;BR;Governments;BRL LTN 010725;;;GBBR;2025-07-01;3Y <= t <= 7Y;BB;BBB to B;BB;Lat.Amer;LATAM;BOND;BBB to B;3Y <= t <= 7Y;Governments;LATAM;;224635734.9000000100000000;0.0045790000000000
BRSTNCNTB278;59.8441759999999970;BRL;1.0000000000000000;BR;Governments;BRL NTNB 150534 STCP;;;GBBR;2034-05-15;t > 7Y;BB;BBB to B;BB;Lat.Amer;LATAM;BOND;BBB to B;t > 7Y;Governments;LATAM;;;0.0071920000000000
BRSTNCNTB1R8;92.9660020000000030;BRL;1.0000000000000000;BR;Governments;BRL NTNB 150526 STCP;;;GBBR;2026-05-15;3Y <= t <= 7Y;BB;BBB to B;BB;Lat.Amer;LATAM;BOND;BBB to B;3Y <= t <= 7Y;Governments;LATAM;;;0.0034480000000000
BRSTNCNTB583;54.3373630000000030;BRL;1.0000000000000000;BR;Governments;BRL NTNB 150236 STCP;;;GBBR;2036-02-15;t > 7Y;BB;BBB to B;BB;Lat.Amer;LATAM;BOND;BBB to B;t > 7Y;Governments;LATAM;;;0.0082650000000000
BRSTNCNTB534;62.3075720000000000;BRL;1.0000000000000000;BR;Governments;BRL NTNB 150833 STCP;;;GBBR;2033-08-15;t > 7Y;BB;BBB to B;BB;Lat.Amer;LATAM;BOND;BBB to B;t > 7Y;Governments;LATAM;;;0.0071200000000000
BRSTNCNTB1L1;107.6629219999999900;BRL;1.0000000000000000;BR;Governments;BRL NTNB 150523 STCP;;;GBBR;2023-05-15;t < 3Y;BB;BBB to B;BB;Lat.Amer;LATAM;BOND;BBB to B;t < 3Y;Governments;LATAM;;;0.0016150000000000
BRSTNCNTB1Q0;95.2495009999999950;BRL;1.0000000000000000;BR;Governments;BRL NTNB 151125 STCP;;;GBBR;2025-11-17;3Y <= t <= 7Y;BB;BBB to B;BB;Lat.Amer;LATAM;BOND;BBB to B;3Y <= t <= 7Y;Governments;LATAM;;;0.0031460000000000
BRSTNCNTB5B3;49.9835270000000020;BRL;1.0000000000000000;BR;Governments;BRL NTNB 150837 STCP;;;GBBR;2037-08-15;t > 7Y;BB;BBB to B;BB;Lat.Amer;LATAM;BOND;BBB to B;t > 7Y;Governments;LATAM;;;0.0086320000000000
BRSTNCNTB2L9;40.4587349999999970;BRL;1.0000000000000000;BR;Governments;BRL NTNB 150541 STCP;;;GBBR;2041-05-15;t > 7Y;BB;BBB to B;BB;Lat.Amer;LATAM;BOND;BBB to B;t > 7Y;Governments;LATAM;;;0.0090110000000000
BRSTNCNTB294;56.6858849999999990;BRL;1.0000000000000000;BR;Governments;BRL NTNB 150535 STCP;;;GBBR;2035-05-15;t > 7Y;BB;BBB to B;BB;Lat.Amer;LATAM;BOND;BBB to B;t > 7Y;Governments;LATAM;;;0.0077460000000000
BRSTNCNTB1V0;83.3893580000000010;BRL;1.0000000000000000;BR;Governments;BRL NTNB 150528 STCP;;;GBBR;2028-05-15;3Y <= t <= 7Y;BB;BBB to B;BB;Lat.Amer;LATAM;BOND;BBB to B;3Y <= t <= 7Y;Governments;LATAM;;;0.0043520000000000
BRSTNCNTB2R6;33.5291210000000040;BRL;1.0000000000000000;BR;Governments;BRL NTNB 150544 STCP;;;GBBR;2044-05-16;t > 7Y;BB;BBB to B;BB;Lat.Amer;LATAM;BOND;BBB to B;t > 7Y;Governments;LATAM;;;0.0095740000000000
BRSTNCNTB5C1;47.2905220000000030;BRL;1.0000000000000000;BR;Governments;BRL NTNB 150238 STCP;;;GBBR;2038-08-15;t > 7Y;BB;BBB to B;BB;Lat.Amer;LATAM;BOND;BBB to B;t > 7Y;Governments;LATAM;;;0.0089620000000000
