﻿Fill;Value;FVA MPU;AVA MPU Gross;FVA CoC;AVA CoC Gross;Calculator
ISIN;BRSTNCLTN7D3;None;None;None;LCR;COPO
ISIN;BRSTNCLTN7O0;None;None;None;LCR;COPO
ISIN;BRSTNCLTN7Q5;None;None;None;LCR;COPO
ISIN;BRSTNCLTN7S1;None;None;None;LCR;COPO
ISIN;BRSTNCLTN7V5;None;None;None;LCR;COPO
ISIN;BRSTNCLTN7W3;None;None;None;LCR;COPO
ISIN;BRSTNCNTB0A6;None;None;None;LCR;COPO
ISIN;BRSTNCNTB3D4;None;None;None;LCR;COPO
ISIN;BRSTNCNTB4Q4;None;None;None;LCR;COPO
ISIN;BRSTNCNTB4U6;None;None;None;LCR;COPO
ISIN;BRSTNCNTC0K4;None;None;None;LCR;COPO
ISIN;BRSTNCNTF147;None;None;None;LCR;COPO
ISIN;BRSTNCNTF170;None;None;None;LCR;COPO
ISIN;BRSTNCNTF1P8;None;None;None;LCR;COPO
ISIN;BRSTNCNTF1Q6;None;None;None;LCR;COPO
ISIN;BRSTNCLTN7N2;None;None;None;LCR;COPO
ISIN;BRSTNCLTN7X1;None;None;None;LCR;COPO
ISIN;BRSTNCLTN7Y9;None;None;None;LCR;COPO
ISIN;BRSTNCNTB096;None;None;None;LCR;COPO
ISIN;BRSTNCNTB0O7;None;None;None;LCR;COPO
ISIN;BRSTNCNTB3B8;None;None;None;LCR;COPO
ISIN;BRSTNCNTB3C6;None;None;None;LCR;COPO
ISIN;BRSTNCNTB3Y0;None;None;None;LCR;COPO
ISIN;BRSTNCNTB4O9;None;None;None;LCR;COPO
ISIN;BRSTNCNTB4X0;None;None;None;LCR;COPO
ISIN;BRSTNCNTB633;None;None;None;LCR;COPO
ISIN;BRSTNCNTB682;None;None;None;LCR;COPO
ISIN;BRSTNCNTB690;None;None;None;LCR;COPO
ISIN;BRSTNCNTF204;None;None;None;LCR;COPO
ISIN;BRSTNCNTF212;None;None;None;LCR;COPO
