Country;Region;Area
;;Others
1M;;Others
AD;Europe;Europe
AE;MiddleEast;Others
AR;Lat.Amer;LATAM
AT;Europe;Europe
AU;Oceania;Others
AZ;MiddleEast;Others
BE;Europe;Europe
BG;E.Eur;Others
BH;MiddleEast;Others
BJ;Africa;Others
BM;N.Amer;North America
BO;Lat.Amer;LATAM
BR;Lat.Amer;LATAM
BT;Asia;Others
BY;E.Eur;Others
CA;N.Amer;North America
CH;Europe;Europe
CI;Africa;Others
CL;Lat.Amer;LATAM
CN;Asia;Others
CO;Lat.Amer;LATAM
CR;Lat.Amer;LATAM
CW;Caribbean;Others
CZ;E.Eur;Others
DE;Europe;Europe
DK;Europe;Europe
DO;Caribbean;Others
EC;Lat.Amer;LATAM
EE;E.Eur;Others
EG;Africa;Others
ES;Europe;Europe
EU;N.Amer;North America
FI;Europe;Europe
FR;Europe;Europe
GA;Africa;Others
GB;Europe;Europe
GE;E.Eur;Others
GG;Europe;Europe
GH;Africa;Others
GR;Europe;Europe
GT;Lat.Amer;LATAM
HK;Asia;Others
HN;Lat.Amer;LATAM
HR;E.Eur;Others
HU;E.Eur;Others
ID;Asia;Others
IE;Europe;Europe
IL;MiddleEast;Others
IM;OffShore;Others
IN;India;Others
IT;Europe;Europe
JE;Europe;Europe
JP;Asia;Others
KE;Africa;Others
KR;Asia;Others
KW;MiddleEast;Others
KY;OffShore;Others
KZ;E.Eur;Others
LB;MiddleEast;Others
LR;Africa;Others
LT;E.Eur;Others
LU;Europe;Europe
LV;E.Eur;Others
MA;Africa;Others
ME;E.Eur;Others
MH;Oceania;Others
MO;Asia;Others
MR;Africa;Others
MX;Lat.Amer;LATAM
MY;Asia;Others
NG;Africa;Others
NL;Europe;Europe
NO;Europe;Europe
NZ;Oceania;Others
OM;MiddleEast;Others
PA;Lat.Amer;LATAM
PE;Lat.Amer;LATAM
PH;Asia;Others
PL;E.Eur;Others
PT;Europe;Europe
PY;Lat.Amer;LATAM
QA;MiddleEast;Others
RO;E.Eur;Others
RS;E.Eur;Others
RU;E.Eur;Others
RV;E.Eur;Others
SA;MiddleEast;Others
SE;Europe;Europe
SG;Asia;Others
SI;E.Eur;Others
SK;E.Eur;Others
SN;Africa;Others
SNAT;Supranacional;Others
SV;Lat.Amer;LATAM
TH;Asia;Others
TR;MiddleEast;Others
TT;Caribbean;Others
TW;Asia;Others
UA;E.Eur;Others
US;N.Amer;North America
UY;Lat.Amer;LATAM
VG;Caribbean;Others
ZA;Africa;Others
LI;Europe;Europe
UZ;Asia;Others
BS;N.Amer;North America
CY;Europe;Europe
DZ;Africa;Others
VE;Lat.Amer;LATAM
BZ;Lat.Amer;LATAM
PK;Asia;Others
MU;Africa;Others
SM;Europe;Europe
MT;Europe;Europe
AO;Africa;Others
VN;Asia;Others
IR;Asia;Others
TG;Africa;Others
FK;OffShore;Others
TN;Africa;Others
JM;Caribbean;Others
IS;Europe;Europe
SR;Lat.Amer;LATAM
PR;Caribbean;Others
GI;Europe;Europe
JO;Asia;Others
