﻿ISIN;avg_daily_traded_volume;currency
BRAALRDBF016;;
BRAGRUDBS006;103973.1358;BRL
BRAGRUDBS014;100592.1365;BRL
BRAGRUDBS022;97121.58459;BRL
BRAGRUDBS030;102480.3599;BRL
BRAGRUDBS048;109814.7213;BRL
BRALGTDBS076;809373.4937;BRL
BRALGTDBS0E9;2529719.37;BRL
BRALGTDBS0F6;2088298.471;BRL
BRANHBDBS0D8;1945867.058;BRL
BRANIMDBS032;20893467.47;BRL
BRAPCSCRA0E3;909475.6756;BRL
BRAPCSCRA0M6;245993.6723;BRL
BRAPCSCRA0N4;829572.4679;BRL
BRAPCSCRA0T1;525863.6593;BRL
BRAPCSCRA0U9;851690.9799;BRL
BRAPCSCRI2U7;423178.1563;BRL
BRAPCSCRI3B5;379026.7046;BRL
BRAPCSCRI3D1;320041.308;BRL
BRAPCSCRI523;963687.0814;BRL
BRAPCSCRI9D8;7066479.247;BRL
BRAPCSCRIAP8;3787055.105;BRL
BRAPCSCRIAQ6;3373377.85;BRL
BRARTRDBS039;;BRL
BRBBDCLTRHZ0;;BRL
BRBLMNDBS026;1386475.701;BRL
BRBPCHDBS012;;BRL
BRBPSCCRI000;;BRL
BRBRSTDBS001;4151910.257;BRL
BRBSCSCRI822;770602.7846;BRL
BRBSCSCRI830;679734.6872;BRL
BRBTOWDBS034;1981203.95;BRL
BRBZRSCRI098;203117.7918;BRL
BRCBSCCRA047;787650.7233;BRL
BRCBSCCRA054;472102.3722;BRL
BRCBSCCRA062;308294.3569;BRL
BRCBSCCRA0A5;405905.1561;BRL
BRCBSCCRI3T1;342089.2975;BRL
BRCBSCCRI487;514789.2189;BRL
BRCCRODBS0F7;2850187.006;BRL
BRCCRODBS0K7;1679240.737;BRL
BRCCRODBS0L5;2677727.383;BRL
BRCCRODBS0N1;5683393.258;BRL
BRCEADDBS009;645539.4332;BRL
BRCEEBDBS0F5;14536466.59;BRL
BRCEEBDBS0I9;2952781.333;BRL
BRCELPDBS026;484648.8296;BRL
BRCEPEDBS0G7;1818894.562;BRL
BRCESPDBS2B8;1488730.731;BRL
BRCGASDBS051;1039328.961;BRL
BRCGASDBS069;520553.3389;BRL
BRCGASDBS077;1878567.802;BRL
BRCGASDBS085;895642.7908;BRL
BRCGASDBS0B7;3421559.764;BRL
BRCGASDBS0C5;9703651.102;BRL
BRCHPADBS006;302845.0128;BRL
BRCLAGDBS007;3198244.511;BRL
BRCMGDDBS041;934511.3261;BRL
BRCMGDDBS090;4520797.412;BRL
BRCOCEDBS0B1;842981.9822;BRL
BRCOCEDBS0D7;1546794.414;BRL
BRCOGNDBS079;26644759.71;BRL
BRCPFPDBS073;709523.9635;BRL
BRCPGTDBS081;10522401.53;BRL
BRCPREDBS080;2096507.515;BRL
BRCPTEDBS003;;BRL
BRCPTMDBS006;384416.8527;BRL
BRCPTMDBS014;707000.7502;BRL
BRCPXBDBS027;725211.954;BRL
BRCRBDDBS009;;BRL
BRCRBDDBS017;;BRL
BRCRBDDBS066;1727208.829;BRL
BRCRBDDBS082;981022.9891;BRL
BRCSMGDBS0I8;1790240.717;BRL
BRCSRNDBS085;839498.4855;BRL
BRCSRNDBS093;244604.4769;BRL
BRCTBCDBS056;1155918.307;BRL
BRCTBCDBS080;1463867.856;BRL
BRCTEEDBS007;883852.0097;BRL
BRCTGEDBS010;2407854.037;BRL
BRCVCBDBS045;4651839.722;BRL
BRCXERDBS001;391247.4677;BRL
BRDASADBS0B2;1846801.343;BRL
BRDAYCLFISY2;;BRL
BRECOACRA150;878437.6437;BRL
BRECOACRA176;;BRL
BRECOACRA184;;BRL
BRECOACRA1C2;958717.4704;BRL
BRECOACRA1H1;1042273.679;BRL
BRECOACRA1Y6;877572.3784;BRL
BRECOACRA1Z3;629287.5238;BRL
BRECOACRA2B2;579509.8025;BRL
BRECOACRA4A0;752755.7177;BRL
BRECOACRA8A1;973080.7252;BRL
BRECOACRA978;10828606.18;BRL
BRECOVDBS044;3378046.879;BRL
BREDITDBS014;639014.7897;BRL
BREDPTDBS001;647093.5183;BRL
BREGIEDBS019;2054580.651;BRL
BREGIEDBS027;1339577.585;BRL
BREGIEDBS035;774578.7906;BRL
BREGIEDBS043;512943.7346;BRL
BREGIEDBS076;822725.5811;BRL
BREGIEDBS084;528584.6768;BRL
BREGIEDBS092;1108608.706;BRL
BREGIEDBS0A5;534855.0455;BRL
BREGVGDBS009;4416104.911;BRL
BREKTRDBS0L8;4559977.255;BRL
BRELETDBS024;4114167.671;BRL
BRELETDBS032;1331732.561;BRL
BRELETDBS057;13714113.06;BRL
BRELPLDBS0Y0;1279254.936;BRL
BRELPLDBS100;5248466.224;BRL
BRENBRDBS061;479344.8443;BRL
BRENBRDBS079;2493414.98;BRL
BRENERDBS099;992897.327;BRL
BRENERDBS0F4;7019270.643;BRL
BRENEVDBS026;1044733.683;BRL
BRENEVDBS034;473069.9398;BRL
BRENEVDBS083;958677.0255;BRL
BRENEVDBS091;416275.8458;BRL
BRENEVDBS0A9;942301.0926;BRL
BRENGIDBS0C0;700189.888;BRL
BRENGIDBS0D8;634338.4375;BRL
BRENGIDBS0L1;1761600.875;BRL
BRENGIDBS0P2;1419443.381;BRL
BRENGIDBS0Q0;3300317.879;BRL
BRENGIDBS0S6;5855525.639;BRL
BRENGIDBS0T4;4897337.007;BRL
BRENJGDBS000;17312444.36;BRL
BRENJGDBS018;973406.3184;BRL
BRENMADBS072;635729.6266;BRL
BRENMIDBS018;1348733.868;BRL
BRENMTDBS0C9;725968.7059;BRL
BRENTVDBS008;2607696.073;BRL
BREQTNDBS008;243378.5858;BRL
BREQTRDBS009;563948.6481;BRL
BREQTRDBS017;291349.6315;BRL
BREQTSDBS007;329551.5276;BRL
BRESAMDBS030;1119060.054;BRL
BRESTCDBS056;4171160.493;BRL
BRETAPDBS023;332782.3487;BRL
BRETBADBS015;866845.3168;BRL
BRETENDBS004;470445.5987;BRL
BRETENDBS020;640755.3931;BRL
BRETENDBS053;512538.3204;BRL
BREXTZDBS008;978776.1801;BRL
BRFGENDBS024;842355.4669;BRL
BRFURNDBS019;1907626.991;BRL
BRGAFLCRA0A6;366610.6494;BRL
BRGASMDBS076;2180133.15;BRL
BRHARGDBS003;13934309.04;BRL
BRIGSNDBS044;3779426.436;BRL
BRIMWLCRA0N2;342885.4055;BRL
BRIMWLCRA0P7;284670.4582;BRL
BRIMWLCRA0U7;298583.7787;BRL
BRIMWLCRA0Z6;298027.8121;BRL
BRIMWLCRA101;688409.7959;BRL
BRIMWLCRA119;637301.6322;BRL
BRIMWLCRA127;4200241.238;BRL
BRIMWLCRA168;2607747.956;BRL
BRIMWLCRA1A7;9023776.105;BRL
BRIMWLCRA1U5;1559654.452;BRL
BRIMWLCRA1V3;803172.9762;BRL
BRIMWLCRI4C9;1384140.551;BRL
BRIMWLCRI9U0;5691862.754;BRL
BRITMGDBS028;103159.7189;BRL
BRITPEDBS000;272034.8096;BRL
BRJTEEDBS002;718847.377;BRL
BRKLBNDBS004;11516408.18;BRL
BRLAMEDBS0E8;999084.1822;BRL
BRLAMEDBS0G3;730419.7069;BRL
BRLAMEDBS0H1;514876.6771;BRL
BRLIGHDBS009;1026106.449;BRL
BRLIGHDBS0J4;1969847.56;BRL
BRLIGHDBS0N6;4710645.277;BRL
BRLIGHDBS0O4;2536624.764;BRL
BRLIGHDBS0U1;1822750.722;BRL
BRLIGHDBS0V9;2349690.918;BRL
BRLIGHDBS0X5;749109.1215;BRL
BRMNAUDBS029;1121892.959;BRL
BRMOVIDBS0D8;5726545.522;BRL
BRMRSADBS008;1536980.452;BRL
BRMRSADBS099;1157128.166;BRL
BRMRVEDBS0G2;3085655.567;BRL
BRMYPKDBS066;3838757.697;BRL
BRNCENDBS001;174896.0182;BRL
BRNEOEDBS047;1356569.116;BRL
BRNEOEDBS054;1736693.813;BRL
BRNOOSCRI094;;BRL
BRNRTBDBS002;301182.6223;BRL
BRNRTBDBS010;258471.4336;BRL
BRODTRDBS006;486260.7452;BRL
BRODYADBS002;1043142.666;BRL
BROMGEDBS036;727155.8191;BRL
BROMNGDBS011;379437.1355;BRL
BROSECCRA046;982510.9862;BRL
BRPALFDBS0A2;882785.8304;BRL
BRPALFDBS0B0;423712.8764;BRL
BRPALFDBS0C8;394126.594;BRL
BRPETRDBS001;935919.9212;BRL
BRPETRDBS050;673807.2971;BRL
BRPETRDBS068;2115147.133;BRL
BRPETRDBS092;1793670.144;BRL
BRPETRDBS0B4;3465196.686;BRL
BRPETRDBS0C2;1485457.35;BRL
BRPGMNDBS059;16053090.73;BRL
BRPNBIDBS009;;BRL
BRPRASDBS001;330945.3185;BRL
BRPRTEDBS019;366541.5191;BRL
BRRAILDBS019;640257.8297;BRL
BRRAILDBS035;658913.3395;BRL
BRRAILDBS050;1029442.877;BRL
BRRAILDBS068;224116.7209;BRL
BRRAILDBS076;911706.7169;BRL
BRRAILDBS084;947770.5624;BRL
BRRBCSCRI253;259693.202;BRL
BRRBCSCRI2E8;1116777.833;BRL
BRRBCSCRI2F5;1297421.293;BRL
BRRBCSCRI2P4;501261.5375;BRL
BRRBCSCRI386;;BRL
BRRBRACRA025;804492.6087;BRL
BRRBRACRA033;419096.6985;BRL
BRRBRACRA058;814826.226;BRL
BRRBRACRA066;479259.6105;BRL
BRRBRACRA074;824946.5096;BRL
BRRBRACRA082;947210.8251;BRL
BRRBRACRA0A1;456291.0865;BRL
BRRBRACRA0B9;320469.7039;BRL
BRRBRACRA0D5;478682.5407;BRL
BRRBRACRA0E3;333983.3825;BRL
BRRBRACRA0F0;495069.2176;BRL
BRRBRACRA0M6;612063.6707;BRL
BRRBRACRA0R5;401645.3511;BRL
BRRBRACRA0V7;193338.3982;BRL
BRRBRACRA0W5;235943.7494;BRL
BRRBRACRI1X3;655871.9303;BRL
BRRBRACRI200;268194.2652;BRL
BRRBRACRI366;260071.8912;BRL
BRRBRACRI3V3;;BRL
BRRBRACRI4D9;331142.9561;BRL
BRRBRACRI4L2;392176.8671;BRL
BRRBRACRI4T5;1349619.715;BRL
BRRBRACRI523;372827.3635;BRL
BRRBRACRI549;490247.1967;BRL
BRRBRACRI5Q8;775414.6309;BRL
BRRBRACRI9V0;237311.979;BRL
BRRBRACRI9W8;7672827.119;BRL
BRRDVTDBS001;743015.9221;BRL
BRRENTDBS0D2;1661612.281;BRL
BRRENTDBS0K7;3005283.047;BRL
BRRESADBS039;1551928.323;BRL
BRRESADBS054;409200.1648;BRL
BRRGEGDBS0D6;1138400.083;BRL
BRRPTADBS017;704939.3348;BRL
BRSAIPDBS000;562888.3358;BRL
BRSAPRDBS0I4;511507.3362;BRL
BRSBSPDBS130;663446.4822;BRL
BRSBSPDBS1B5;4096534.63;BRL
BRSBSPDBS1E9;245342.5092;BRL
BRSBSPDBS1F6;577326.2398;BRL
BRSBSPDBS1J8;739405.8916;BRL
BRSBSPDBS1K6;741701.7708;BRL
BRSBSPDBS1L4;4027945.104;BRL
BRSBSPDBS1S9;5550689.952;BRL
BRSEDUDBS011;606382.6954;BRL
BRSMFTDBS045;4168995.43;BRL
BRSMFTDBS086;12643010.36;BRL
BRSMTODBS013;4368829.333;BRL
BRSPRZDBS008;730910.217;BRL
BRSRTIDBS006;581352.6037;BRL
BRSTENDBS004;1387864.302;BRL
BRSTENDBS012;367052.0723;BRL
BRSTENDBS020;799476.6091;BRL
BRSTNCCSC2A5;;BRL
BRSULADBS0A0;2609533.218;BRL
BRSVTRDBS033;292603.9637;BRL
BRTAEEDBS076;1789726.464;BRL
BRTAEEDBS0C4;718278.8889;BRL
BRTAEEDBS0E0;1167020.017;BRL
BRTAEEDBS0F7;16695542.26;BRL
BRTAEEDBS0G5;3121208.417;BRL
BRTAEEDBS0H3;734227.7432;BRL
BRTBEGDBS004;570465.4903;BRL
BRTBLEDBS061;1609358.492;BRL
BRTCPADBS027;1562614.163;BRL
BRTIETDBS051;1190996.24;BRL
BRTIETDBS0B1;7558376.676;BRL
BRTIETDBS0C9;1668105.805;BRL
BRTIETDBS0D7;841520.5856;BRL
BRTPNODBS017;1572855.297;BRL
BRTRPLDBS055;1101270.215;BRL
BRTRPLDBS071;1015341.357;BRL
BRTRPLDBS089;1721005.687;BRL
BRTRPLDBS0D1;8968231.213;BRL
BRTRPLDBS0F6;13550700.71;BRL
BRTSLEDBS008;551278.5626;BRL
BRUNIDDBS0C3;;BRL
BRUNIDDBS0H2;6155521.63;BRL
BRUNIDDBS0I0;644566.0849;BRL
BRUTPSDBS021;403011.3547;BRL
BRUTPSDBS039;799281.7867;BRL
BRVALEDBS069;600046.8117;BRL
BRVALEDBS077;354133.5564;BRL
BRVALEDBS085;324348.7711;BRL
BRVALEDBS0A5;1974615.282;BRL
BRVDENDBS010;390858.2894;BRL
BRVERTCRA013;1215626.155;BRL
BRVERTCRA0K0;737486.8474;BRL
BRVERTCRA0L8;452019.0568;BRL
BRVERTCRA0P9;336688.2976;BRL
BRVERTCRA0Q7;425602.3285;BRL
BRVERTCRA0W5;320469.5748;BRL
BRVERTCRA0X3;355531.0337;BRL
BRVERTCRA104;711980.997;BRL
BRVERTCRA112;339228.4141;BRL
BRVERTCRA153;1050893.557;BRL
BRVERTCRA161;511502.2316;BRL
BRVERTCRA179;194760.3088;BRL
BRVERTCRA187;661218.1529;BRL
BRVERTCRA1H4;1105595.483;BRL
BRVERTCRA1Y9;531317.8532;BRL
BRVERTCRA1Z6;1471601.547;BRL
BRVERTCRA2C3;11630523.8;BRL
BRVERTCRA2F6;1147248.647;BRL
BRVERTCRI024;247064.3067;BRL
BRVERTCRI099;554484.2619;BRL
BRVIXLDBS021;11989064.34;BRL
BRVLIMDBS024;24636710;BRL
BRVNTTDBS006;1036079.82;BRL
BRVPLTDBS024;1594490.454;BRL
BRVRDNDBS012;1215808.011;BRL
BRVSTHDBS018;222608.3943;BRL
BRVTSSDBS007;2195864.089;BRL
BRWDPRDBS007;357701.9006;BRL
