isin;maturity;bb_dx533_is_covered;bb_ds530_defaulted;GLCS;rating_external_normalized;RESA_issue_normalized;rating_pari_passu_emisor_normalized;prod_type;maturity_td;issuer;security_currency;price;prod_type_td;instrument;Industry_group;country;bb_ds674_security_type
US9128282Y56;;;;TSUS;AAA;AAA;AAA;BOND;;;;;;;Sovereign;US;
BRSTNCNTB3B8;15/08/2030;N;N;GBBR;BB;BB;BB;BOND;15/08/2030;GBBR;BRL;4059.863347;BOND;BRL NTNB 150830;Sovereign;BR;
US912810SX72;15/05/2051;N;N;TSUS;AAA;AAA;AAA;BOND;;;;;;;Sovereign;US;
US9128283J70;;;;TSUS;AAA;AAA;AAA;BOND;;;;;;;Sovereign;US;
US91282CBT71;31/03/2026;N;N;TSUS;AAA;AAA;AAA;BOND;;;;;;;Sovereign;US;
US912810PX00;;;;TSUS;AAA;AAA;AAA;BOND;;;;;;;Sovereign;US;
US91282CBR16;;;;TSUS;AAA;AAA;AAA;BOND;;;;;;;Sovereign;US;
US9128286G05;;;;TSUS;AAA;AAA;AAA;BOND;;;;;;;Sovereign;US;
US912810FR42;15/01/2025;;;TSUS;AAA;AAA;AAA;BOND;;;;;;;Sovereign;US;
US912810RK60;;;;TSUS;AAA;AAA;AAA;BOND;;;;;;;Sovereign;US;
US91282CDN83;;;;;AAA;AAA;;BOND;;;;;;;;;
BRSTNCLF1RA8;01/03/2024;N;N;GBBR;BB;BB;BB;BOND;01/03/2024;GBBR;BRL;11497.5784;BOND;BRL LFT 010324;Sovereign;BR;
US105756BV13;07/01/2025;N;N;TSUS;AAA;AAA;AAA;BOND;07/01/2025;GBBR;USD;104.4693296;BOND;GLOBAL 25 USD;Sovereign;US;
US105756BV13;07/01/2025;N;N;TSUS;AAA;AAA;AAA;BOND;07/01/2025;GBBR;USD;99.44;BOND;GLOBAL 25 USD;Sovereign;US;
BRSTNCNTF0N5;01/01/2021;;;GBBR;A;A;BB;BOND;;;;;;;Sovereign;BR;
US912796F386;24/03/2022;N;N;TSUS;;AAA;AAA;BOND;;;;;;;Sovereign;US;
US9128285A44;;;;TSUS;AAA;AAA;AAA;BOND;;;;;;;Sovereign;US;
US912810QW18;;;;TSUS;AAA;AAA;AAA;BOND;;;;;;;Sovereign;US;
US912828XL95;15/07/2025;;;TSUS;AAA;AAA;AAA;BOND;;;;;;;Sovereign;US;
BRSTNCNTB3C6;15/08/2040;N;N;GBBR;BB;BB;BB;BOND;15/08/2040;GBBR;BRL;4110.096476;BOND;BRL NTNB 150840;Sovereign;BR;
BRSTNCLF1R82;01/03/2023;N;N;GBBR;BB;BB;BB;BOND;01/03/2023;GBBR;BRL;11504.83811;BOND;BRL LFT 010323;Sovereign;BR;
US912810RB61;;;;TSUS;AAA;AAA;AAA;BOND;;;;;;;Sovereign;US;
US912828Z526;;;;;AAA;AAA;;BOND;;;;;;;;;
BRSTNCNTF147;01/01/2023;N;N;GBBR;BB;BB;BB;BOND;02/01/2023;GBBR;BRL;1005.414493;BOND;BRL NTNF 010123;Sovereign;BR;
US912810RV2;;;;TSUS;AAA;AAA;;BOND;;;;;;;Sovereign;US;
US912810RE01;;;;TSUS;AAA;AAA;AAA;BOND;;;;;;;Sovereign;US;
US91282CCP41;31/07/2026;N;N;TSUS;AAA;AAA;AAA;BOND;;;;;;;Sovereign;US;
US912810PU60;;;;TSUS;AAA;AAA;AAA;BOND;;;;;;;Sovereign;US;
US91282CDB46;;;;TSUS;AAA;AAA;AAA;BOND;;;;;;;Sovereign;US;
US912810QN19;;;;TSUS;AAA;AAA;AAA;BOND;;;;;;;Sovereign;US;
US912810RP57;;;;TSUS;AAA;AAA;AAA;BOND;;;;;;;Sovereign;US;
US91282CDG33;;;;TSUS;AAA;AAA;AAA;BOND;;;;;;;Sovereign;US;
US9128284U17;30/06/2023;;;TSUS;AAA;AAA;AAA;BOND;;;;;;;Sovereign;US;
US912810RJ97;;;;TSUS;AAA;AAA;AAA;BOND;;;;;;;Sovereign;US;
US9128283Z13;;;;;AAA;AAA;;BOND;;;;;;;;;
US91282CDK45;;;;TSUS;AAA;AAA;AAA;BOND;;;;;;;Sovereign;US;
US912828ZQ64;15/05/2030;N;N;TSUS;AAA;AAA;AAA;BOND;;;;;;;Sovereign;US;
US912810RH32;;;;TSUS;AAA;AAA;AAA;BOND;;;;;;;Sovereign;US;
US91282CDF59;;;;;AAA;AAA;;BOND;;;;;;;;;
US912828WU04;15/07/2024;;;TSUS;AAA;AAA;AAA;BOND;;;;;;;Sovereign;US;
US912828ZY98;15/07/2023;N;N;TSUS;AAA;AAA;AAA;BOND;;;;;;;Sovereign;US;
BRSTNCNTC0K4;01/01/2031;;;GBBR;BB;BB;BB;BOND;01/01/2031;GBBR;BRL;9646.128413;BOND;BRL NTNC 010131;Sovereign;BR;
US912828Z948;15/02/2030;N;N;TSUS;AAA;AAA;AAA;BOND;;;;;;;Sovereign;US;
US912810SU34;15/02/2051;N;N;TSUS;AAA;AAA;AAA;BOND;;;;;;;Sovereign;US;
US9128284V99;;;;TSUS;AAA;AAA;AAA;BOND;;;;;;;Sovereign;US;
US91282CAK71;15/09/2023;N;N;TSUS;AAA;AAA;AAA;BOND;;;;;;;Sovereign;US;
BRSTNCLTN7J0;01/04/2020;;;GBBR;BB;BB;BB;BOND;;;;;;;Sovereign;BR;
BRSTNCLTN7B7;01/01/2020;;;GBBR;BB;BB;BB;BOND;;;;;;;Sovereign;BR;
BRSTNCNTB4O9;15/05/2023;N;N;GBBR;BB;BB;BB;BOND;15/05/2023;GBBR;BRL;3974.884992;BOND;BRL NTNB 150523;Sovereign;BR;
BRSTNCNTF1P8;01/01/2027;N;N;GBBR;BB;BB;BB;BOND;04/01/2027;GBBR;BRL;977.067952;BOND;BRL NTNF 010127;Sovereign;BR;
US91282CBM29;;;;TSUS;AAA;AAA;AAA;BOND;;;;;;;Sovereign;US;
US105756AP53;17/08/2040;;;TSUS;AAA;AAA;;BOND;;;;;;;Sovereign;US;
BRSTNCNTF170;01/01/2025;N;N;GBBR;B;B;BB;BOND;02/01/2025;GBBR;BRL;990.996771;BOND;BRL NTNF 010125;Sovereign;BR;
US912810QB70;;;;TSUS;AAA;AAA;AAA;BOND;;;;;;;Sovereign;US;
US9128285K26;;;;TSUS;AAA;AAA;AAA;BOND;;;;;;;Sovereign;US;
US9128283V09;;;;;AAA;AAA;;BOND;;;;;;;;;
US91282CEA53;;;;TSUS;AAA;AAA;AAA;BOND;;;;;;;Sovereign;US;
US91282CBS98;31/03/2028;N;N;TSUS;AAA;AAA;AAA;BOND;;;;;;;Sovereign;US;
US912810RC45;;;;TSUS;AAA;AAA;AAA;BOND;;;;;;;Sovereign;US;
US912810RS96;;;;TSUS;AAA;AAA;AAA;BOND;;;;;;;Sovereign;US;
US912810ST60;;;;TSUS;AAA;AAA;AAA;BOND;;;;;;;Sovereign;US;
US91282CDZ14;;;;TSUS;AAA;AAA;AAA;BOND;;;;;;;Sovereign;US;
US9128285Z94;;;;TSUS;AAA;AAA;AAA;BOND;;;;;;;Sovereign;US;
US91282CCF68;31/05/2026;N;N;TSUS;AAA;AAA;AAA;BOND;;;;;;;Sovereign;US;
US91282CBE03;;;;TSUS;AAA;AAA;AAA;BOND;;;;;;;Sovereign;US;
US912828Y610;31/07/2023;;;TSUS;AAA;AAA;AAA;BOND;;;;;;;Sovereign;US;
US912810QE10;;;;TSUS;AAA;AAA;AAA;BOND;;;;;;;Sovereign;US;
US91282CEC10;;;;TSUS;AAA;AAA;AAA;BOND;;;;;;;Sovereign;US;
US9128285D82;;;;TSUS;AAA;AAA;AAA;BOND;;;;;;;Sovereign;US;
US91282CDG33;;;;;AAA;AAA;;BOND;;;;;;;;;
BRSTNCNTB096;15/08/2024;N;N;GBBR;BB;BB;BB;BOND;15/08/2024;GBBR;BRL;3963.462336;BOND;BRL NTNB 150824;Sovereign;BR;
US912810SP49;15/08/2050;N;N;TSUS;AAA;AAA;AAA;BOND;;;;;;;Sovereign;US;
US912828YM69;;;;TSUS;AAA;AAA;AAA;BOND;;;;;;;Sovereign;US;
US912810SJ88;15/08/2049;N;N;TSUS;AAA;AAA;AAA;BOND;;;;;;;Sovereign;US;
US91282CBL46;15/02/2031;N;N;TSUS;AAA;AAA;AAA;BOND;;;;;;;Sovereign;US;
US912810RD28;;;;TSUS;AAA;AAA;AAA;BOND;;;;;;;Sovereign;US;
US91282CCU36;;;;TSUS;AAA;AAA;AAA;BOND;;;;;;;Sovereign;US;
US9128284F40;;;;;AAA;AAA;;BOND;;;;;;;;;
BRSTNCLTN7G6;01/04/2019;;;GBBR;;BB;BB;BOND;;;;;;;Sovereign;BR;
BRSTNCNTB4T8;15/05/2021;;;GBBR;BB;BB;BB;BOND;;;;;;;Sovereign;BR;
BRSTNCLF1R25;01/03/2020;;;GBBR;BB;BB;BB;BOND;;;;;;;Sovereign;BR;
BRSTNCLTN7I2;01/07/2021;;;GBBR;BB;BB;BB;BOND;;;;;;;Sovereign;BR;
US91282CCW91;;;;TSUS;AAA;AAA;AAA;BOND;;;;;;;Sovereign;US;
US912810QA97;;;;TSUS;AAA;AAA;AAA;BOND;;;;;;;Sovereign;US;
US912810QY73;;;;TSUS;AAA;AAA;AAA;BOND;;;;;;;Sovereign;US;
US91282CEF41;;;;TSUS;AAA;AAA;AAA;BOND;;;;;;;Sovereign;US;
US912828TE09;15/07/2022;N;N;TSUS;AAA;AAA;AAA;BOND;;;;;;;Sovereign;US;
US912828YB05;15/08/2029;N;N;TSUS;AAA;AAA;AAA;BOND;;;;;;;Sovereign;US;
US912810QX90;;;;TSUS;AAA;AAA;AAA;BOND;;;;;;;Sovereign;US;
BRSTNCNTB0A6;15/05/2045;N;N;GBBR;BB;BB;BB;BOND;15/05/2045;GBBR;BRL;4145.523138;BOND;BRL NTNB 150545;Sovereign;BR;
BRSTNCNTB0O7;15/05/2035;N;N;GBBR;BB;BB;BB;BOND;15/05/2035;GBBR;BRL;4146.926136;BOND;BRL NTNB 150535;Sovereign;BR;
BRSTNCNTB4Q4;15/05/2055;N;N;GBBR;BB;BB;BB;BOND;15/05/2055;GBBR;BRL;4170.175491;BOND;BRL NTNB 150555;Sovereign;BR;
US912810QL52;;;;TSUS;AAA;AAA;AAA;BOND;;;;;;;Sovereign;US;
US912828N712;15/01/2026;;;TSUS;AAA;AAA;AAA;BOND;;;;;;;Sovereign;US;
US91282CAE12;15/08/2030;N;N;TSUS;AAA;AAA;AAA;BOND;;;;;;;Sovereign;US;
US91282CAW10;;;;TSUS;AAA;AAA;AAA;BOND;;;;;;;Sovereign;US;
US91282CBA80;;;;TSUS;AAA;AAA;AAA;BOND;;;;;;;Sovereign;US;
US91282CDP32;;;;;AAA;AAA;;BOND;;;;;;;;;
US91282CCN92;31/07/2023;N;N;TSUS;;AAA;AAA;BOND;;;;;;;Sovereign;US;
US91282CAP68;;;;TSUS;AAA;AAA;AAA;BOND;;;;;;;Sovereign;US;
BRSTNCNTF1Q6;01/01/2029;N;N;GBBR;BB;BB;BB;BOND;02/01/2029;GBBR;BRL;959.589984;BOND;BRL NTNF 010129;Sovereign;BR;
US912828YS30;15/11/2029;N;N;TSUS;AAA;AAA;AAA;BOND;;;;;;;Sovereign;US;
BRSTNCLTN7K8;01/01/2022;;;GBBR;BB;BB;BB;BOND;;;;;;;Sovereign;BR;
US912828SA95;15/01/2022;;;TSUS;AAA;AAA;AAA;BOND;;;;;;;Sovereign;US;
BRSTNCLF1R74;01/09/2022;;;GBBR;BB;BB;BB;BOND;01/09/2022;GBBR;BRL;11504.99919;BOND;BRL LFT 010922;Sovereign;BR;
US91282CCJ80;30/06/2026;N;N;TSUS;AAA;AAA;AAA;BOND;;;;;;;Sovereign;US;
US912810RU43;;;;TSUS;AAA;AAA;AAA;BOND;;;;;;;Sovereign;US;
BRSTNCNTB3Y0;15/08/2022;N;N;GBBR;BB;BB;BB;BOND;15/08/2022;GBBR;BRL;3909.26776;BOND;BRL NTNB 150822;Sovereign;BR;
BRSTNCNTB3Y0;15/08/2022;N;N;GBBR;BB;BB;BB;BOND;15/08/2022;GBBR;BRL;3909.267759;BOND;BRL NTNB 150822;Sovereign;BR;
US91282CAF86;15/08/2023;N;N;TSUS;AAA;AAA;AAA;BOND;;;;;;;Sovereign;US;
US912828ZF00;;;;;;NR;;BOND;;;;;;;;;
US912810PW27;;;;TSUS;AAA;AAA;AAA;BOND;;;;;;;Sovereign;US;
US912810SQ22;;;;TSUS;AAA;AAA;AAA;BOND;;;;;;;Sovereign;US;
US912810QH41;;;;TSUS;AAA;AAA;AAA;BOND;;;;;;;Sovereign;US;
US9128284N7;;;;TSUS;;NR;;BOND;;;;;;;Sovereign;US;
US9128283D01;;;;TSUS;AAA;AAA;AAA;BOND;;;;;;;Sovereign;US;
BRSTNCLF1R90;01/09/2023;;;GBBR;BB;BB;BB;BOND;01/09/2023;GBBR;BRL;11499.18912;BOND;BRL LFT 010923;Sovereign;BR;
US912810SS87;15/11/2050;N;N;TSUS;AAA;AAA;AAA;BOND;;;;;;;Sovereign;US;
US91282CBW01;30/04/2026;N;N;TSUS;AAA;AAA;AAA;BOND;;;;;;;Sovereign;US;
US912810TA60;;;;TSUS;AAA;AAA;AAA;BOND;;;;;;;Sovereign;US;
US9128283P31;;;;TSUS;AAA;AAA;AAA;BOND;;;;;;;Sovereign;US;
US9128285M81;;;;TSUS;AAA;AAA;AAA;BOND;;;;;;;Sovereign;US;
BRSTNCNTB4U6;15/08/2026;N;N;GBBR;BB;BB;BB;BOND;15/08/2026;GBBR;BRL;4018.375179;BOND;BRL NTNB 150826;Sovereign;BR;
US91282CAV37;15/11/2030;N;N;TSUS;AAA;AAA;AAA;BOND;;;;;;;Sovereign;US;
US912810SR05;;;;TSUS;AAA;AAA;AAA;BOND;;;;;;;Sovereign;US;
US91282CDQ15;;;;;AAA;AAA;;BOND;;;;;;;;;
BRSTNCLF1R33;01/09/2020;;;GBBR;BB;BB;BB;BOND;;;;;;;Sovereign;BR;
US912810RT79;;;;TSUS;AAA;AAA;AAA;BOND;;;;;;;Sovereign;US;
US91282CAZ41;30/11/2025;N;N;TSUS;AAA;AAA;AAA;BOND;;;;;;;Sovereign;US;
US912810QZ49;;;;TSUS;AAA;AAA;AAA;BOND;;;;;;;Sovereign;US;
US91282CBH34;;;;TSUS;AAA;AAA;AAA;BOND;;;;;;;Sovereign;US;
BRSTNCNTB3D4;15/08/2050;N;N;GBBR;BB;BB;BB;BOND;15/08/2050;GBBR;BRL;4100.02304;BOND;BRL NTNB 150850;Sovereign;BR;
US912828YH74;;;;TSUS;AAA;AAA;AAA;BOND;;;;;;;Sovereign;US;
US912828W713;;;;TSUS;AAA;AAA;AAA;BOND;;;;;;;Sovereign;US;
US9128285T3;;;;TSUS;AAA;AAA;;BOND;;;;;;;Sovereign;US;
US912810QT88;;;;TSUS;AAA;AAA;AAA;BOND;;;;;;;Sovereign;US;
US912828UH11;15/01/2023;;;TSUS;AAA;AAA;AAA;BOND;;;;;;;Sovereign;US;
BRSTNCNTB4X0;15/08/2028;;;GBBR;BB;BB;BB;BOND;15/08/2028;GBBR;BRL;4037.56625;BOND;BRL NTNB 150828;Sovereign;BR;
US912810SL35;15/02/2050;N;N;TSUS;AAA;AAA;AAA;BOND;;;;;;;Sovereign;US;
US91282CCZ23;;;;TSUS;AAA;AAA;AAA;BOND;;;;;;;Sovereign;US;
US912796U492;;;;TSUS;AAA;AAA;AAA;BOND;;;;;;;Sovereign;US;
US91282CCR07;31/07/2028;N;N;TSUS;AAA;AAA;AAA;BOND;;;;;;;Sovereign;US;
US912828YY08;;;;TSUS;AAA;AAA;AAA;BOND;;;;;;;Sovereign;US;
US91282CDH16;;;;TSUS;AAA;AAA;AAA;BOND;;;;;;;Sovereign;US;
USL0R80QAA10;;;;TSUS;AAA;AAA;AAA;BOND;;;;;;;Sovereign;US;
BRSTNCLF1R66;01/03/2022;;;GBBR;BB;BB;BB;BOND;;;;;;;Sovereign;BR;
BRSTNCLTN7F8;01/07/2020;;;GBBR;BB;BB;BB;BOND;;;;;;;Sovereign;BR;
US912828C996;15/04/2019;;;TSUS;BB;BB;AAA;BOND;;;;;;;Sovereign;US;
US91282CDL28;;;;;AAA;AAA;;BOND;;;;;;;;;
US912810RT7;;;;TSUS;AAA;AAA;;BOND;;;;;;;Sovereign;US;
US912810PT97;;;;TSUS;AAA;AAA;AAA;BOND;;;;;;;Sovereign;US;
US912810SW99;;;;TSUS;AAA;AAA;AAA;BOND;;;;;;;Sovereign;US;
US9128284X55;;;;;AAA;AAA;;BOND;;;;;;;;;
US91282CCK53;30/06/2023;N;N;TSUS;AAA;AAA;AAA;BOND;;;;;;;Sovereign;US;
US912810SN90;15/05/2050;N;N;TSUS;AAA;AAA;AAA;BOND;;;;;;;Sovereign;US;
US91282CDJ71;;;;TSUS;AAA;AAA;AAA;BOND;;;;;;;Sovereign;US;
US912828ZU76;15/06/2023;N;N;TSUS;AAA;AAA;AAA;BOND;;;;;;;Sovereign;US;
US912810RG58;;;;TSUS;AAA;AAA;AAA;BOND;;;;;;;Sovereign;US;
US91282CCX74;;;;TSUS;AAA;AAA;AAA;BOND;;;;;;;Sovereign;US;
US91282CCY57;;;;TSUS;AAA;AAA;AAA;BOND;;;;;;;Sovereign;US;
US91282CDS70;;;;;AAA;AAA;;BOND;;;;;;;;;
US91282CBC47;;;;TSUS;AAA;AAA;AAA;BOND;;;;;;;Sovereign;US;
US9128285U08;;;;TSUS;AAA;AAA;AAA;BOND;;;;;;;Sovereign;US;
US91282CCE93;31/05/2028;N;N;TSUS;AAA;AAA;AAA;BOND;;;;;;;Sovereign;US;
US912810RN00;;;;TSUS;AAA;AAA;AAA;BOND;;;;;;;Sovereign;US;
BRSTNCLF1R41;01/03/2021;;;GBBR;BB;BB;BB;BOND;;;;;;;Sovereign;BR;
BRSTNCLTN798;01/07/2019;;;GBBR;;BB;BB;BOND;;;;;;;Sovereign;BR;
US912796Q854;25/01/2022;;;TSUS;;AAA;AAA;BOND;;;;;;;Sovereign;US;
US9127964B27;12/08/2021;;;TSUS;;AAA;AAA;BOND;;;;;;;Sovereign;US;
BRSTNCNTB3A0;15/08/2020;;;GBBR;BB;BB;BB;BOND;;;;;;;Sovereign;BR;
BRSTNCLTN764;01/01/2019;;;NM7O;A;A;;BOND;;;;;;;Sovereign;BR;
BRSTNCLF1R58;01/09/2021;;;GBBR;BB;BB;BB;BOND;;;;;;;Sovereign;BR;
US91282CCB54;15/05/2031;N;N;TSUS;AAA;AAA;AAA;BOND;;;;;;;Sovereign;US;
US91282CEG24;;;;TSUS;AAA;AAA;AAA;BOND;;;;;;;Sovereign;US;
US9128285P13;;;;TSUS;AAA;AAA;AAA;BOND;;;;;;;Sovereign;US;
US9128286B18;;;;TSUS;AAA;AAA;AAA;BOND;;;;;;;Sovereign;US;
US912828ZC78;;;;;AAA;AAA;;BOND;;;;;;;;;
US912810QK79;;;;TSUS;AAA;AAA;AAA;BOND;;;;;;;Sovereign;US;
US91282CCV19;;;;TSUS;AAA;AAA;AAA;BOND;;;;;;;Sovereign;US;
US9128285T35;31/12/2025;N;N;TSUS;;AAA;AAA;BOND;;;;;;;Sovereign;US;
US912828VM96;15/07/2023;N;N;TSUS;AAA;AAA;AAA;BOND;;;;;;;Sovereign;US;
US912810QD37;;;;TSUS;AAA;AAA;AAA;BOND;;;;;;;Sovereign;US;
US912810RQ31;;;;TSUS;AAA;AAA;AAA;BOND;;;;;;;Sovereign;US;
US912828YV68;;;;TSUS;AAA;AAA;AAA;BOND;;;;;;;Sovereign;US;
US912810SY55;;;;TSUS;AAA;AAA;AAA;BOND;;;;;;;Sovereign;US;
US91282CBZ32;30/04/2028;N;N;TSUS;AAA;AAA;AAA;BOND;;;;;;;Sovereign;US;
US9127963T44;;;;TSUS;AAA;AAA;AAA;BOND;;;;;;;Sovereign;US;
US912810RM27;;;;TSUS;AAA;AAA;AAA;BOND;;;;;;;Sovereign;US;
US912810QV35;15/02/2042;N;N;TSUS;AAA;AAA;AAA;BOND;;;;;;;Sovereign;US;
US91282CCS89;15/08/2031;N;N;TSUS;AAA;AAA;AAA;BOND;;;;;;;Sovereign;US;
US91282CBQ33;;;;TSUS;AAA;AAA;AAA;BOND;;;;;;;Sovereign;US;
US912828ZR48;31/05/2022;N;N;TSUS;;AAA;AAA;BOND;;;;;;;Sovereign;US;
US912810QU51;;;;TSUS;AAA;AAA;AAA;BOND;;;;;;;Sovereign;US;
US9128286T26;15/05/2029;N;N;TSUS;AAA;AAA;AAA;BOND;;;;;;;Sovereign;US;
US91282CDA62;;;;TSUS;AAA;AAA;AAA;BOND;;;;;;;Sovereign;US;
US912810QC53;;;;TSUS;AAA;AAA;AAA;BOND;;;;;;;Sovereign;US;
US91282CCH25;30/06/2028;N;N;TSUS;AAA;AAA;AAA;BOND;;;;;;;Sovereign;US;
US912810QQ40;;;;TSUS;AAA;AAA;AAA;BOND;;;;;;;Sovereign;US;
BRSTNCLF1R17;01/03/2019;;;GBBR;;BB;BB;BOND;;;;;;;Sovereign;BR;
BRSTNCNTC0M0;01/04/2021;;;GBBR;BB;BB;BB;BOND;;;;;;;Sovereign;BR;
BRSTNCNTA015;15/04/2025;;;GBBR;;BB;BB;BOND;15/04/2024;GBBR;BRL;5172.179823;BOND;BRL NTNA 150424;Sovereign;BR;
BRSTBADBS007;01/06/2020;;;S2VR;;NR;;BOND;;;;;;;;;
BRSTBADBS015;01/09/2020;;;S2VR;;NR;;BOND;;;;;;;;;
BRSTBADBS023;28/04/2021;;;GBBR;;BB;BB;BOND;;;;;;;Sovereign;BR;
BRSTNCTD1II4;01/09/2017;;;GBBR;;BB;BB;BOND;;;;;;;Sovereign;BR;
BRSTNCTD2MX3;01/10/2019;;;GBBR;;BB;BB;BOND;;;;;;;Sovereign;BR;
BRSTNCTD2PH9;01/11/2018;;;GBBR;;BB;BB;BOND;;;;;;;Sovereign;BR;
BRSTNCTD3R54;01/06/2020;;;GBBR;;BB;BB;BOND;;;;;;;Sovereign;BR;
BRSTNCTD0J24;01/07/2018;;;GBBR;;BB;BB;BOND;;;;;;;Sovereign;BR;
BRSTNCTD3FS5;01/06/2021;;;GBBR;;BB;BB;BOND;;;;;;;Sovereign;BR;
BRSTNCTD2SX0;01/07/2021;;;GBBR;;BB;BB;BOND;;;;;;;Sovereign;BR;
BRSTNCTD4DP4;01/12/2021;;;GBBR;;BB;BB;BOND;;;;;;;Sovereign;BR;
BRSTNCTD6DZ8;01/12/2017;;;GBBR;;BB;BB;BOND;;;;;;;Sovereign;BR;
BRSTNCTD78Z1;01/10/2019;;;GBBR;;BB;BB;BOND;;;;;;;Sovereign;BR;
BRSTNCTD27I4;01/10/2018;;;GBBR;;BB;BB;BOND;;;;;;;Sovereign;BR;
BRSTNCTD2VF1;01/11/2019;;;GBBR;;BB;BB;BOND;;;;;;;Sovereign;BR;
BRSTNCTD3WE0;01/12/2018;;;GBBR;;BB;BB;BOND;;;;;;;Sovereign;BR;
BRSTNCTD2EM3;01/03/2020;;;GBBR;;BB;BB;BOND;;;;;;;Sovereign;BR;
BRSTNCTD4301;01/09/2018;;;GBBR;;BB;BB;BOND;;;;;;;Sovereign;BR;
BRSTNCTD5XI3;01/11/2017;;;GBBR;;BB;BB;BOND;01/03/2023;GBBR;BRL;0.9501364;BOND;BRL TDAE100356;Sovereign;BR;
BRSTNCTD5XI3;01/11/2017;;;GBBR;;BB;BB;BOND;01/03/2023;GBBR;BRL;0.9501364;BOND;BRL TDAE100371;Sovereign;BR;
BRSTNCTD62K7;01/05/2024;;;GBBR;;BB;BB;BOND;;;;;;;Sovereign;BR;
BRSTNCTD63C2;01/04/2019;;;GBBR;;BB;BB;BOND;;;;;;;Sovereign;BR;
BRSTNCTD6XK8;01/03/2018;;;GBBR;;BB;BB;BOND;;;;;;;Sovereign;BR;
BRSTNCTD6Z77;01/11/2019;;;GBBR;;BB;BB;BOND;;;;;;;Sovereign;BR;
BRSTNCTD4DR0;01/12/2023;;;GBBR;;BB;BB;BOND;01/12/2023;GBBR;BRL;0.9175162;BOND;BRL TDAE041277;Sovereign;BR;
BRSTNCTD2MO2;01/08/2020;;;GBBR;;BB;BB;BOND;;;;;;;Sovereign;BR;
BRSTNCTD2SC4;01/05/2021;;;GBBR;;BB;BB;BOND;;;;;;;Sovereign;BR;
BRSTNCTD2UM9;01/09/2019;;;GBBR;;BB;BB;BOND;;;;;;;Sovereign;BR;
BRSTNCTD2C03;01/12/2017;;;GBBR;;BB;BB;BOND;;;;;;;Sovereign;BR;
BRSTNCTD6JG5;01/05/2018;;;GBBR;;BB;BB;BOND;;;;;;;Sovereign;BR;
BRSTNCTD4DS8;01/12/2024;;;GBBR;;BB;BB;BOND;01/12/2024;GBBR;BRL;0.8826479;BOND;BRL TDAE041278;Sovereign;BR;
BRSTNCTD7932;01/10/2023;;;GBBR;;BB;BB;BOND;01/10/2023;GBBR;BRL;0.9239069;BOND;BRL TDA23100600;Sovereign;BR;
BRSTNCTD0XH7;01/11/2017;;;GBBR;;BB;BB;BOND;;;;;;;Sovereign;BR;
BRSTNCTD2L51;01/03/2018;;;GBBR;;BB;BB;BOND;;;;;;;Sovereign;BR;
BRSTNCTD2PP2;01/12/2019;;;GBBR;;BB;BB;BOND;;;;;;;Sovereign;BR;
BRSTNCTD62J9;01/12/2019;;;GBBR;;BB;BB;BOND;;;;;;;Sovereign;BR;
BRSTNCTD29S9;01/09/2017;;;GBBR;;BB;BB;BOND;;;;;;;Sovereign;BR;
BRSTNCTD3Y63;01/04/2020;;;GBBR;;BB;BB;BOND;;;;;;;Sovereign;BR;
BRSTNCTD5HQ0;01/07/2018;;;GBBR;;BB;BB;BOND;;;;;;;Sovereign;BR;
BRSTNCTD6XL6;01/03/2019;;;GBBR;;BB;BB;BOND;;;;;;;Sovereign;BR;
BRSTNCTD2VK1;01/09/2023;;;GBBR;;BB;BB;BOND;01/09/2023;GBBR;BRL;0.9270015;BOND;BRL TDAE070974;Sovereign;BR;
BRSTNCTD2OB5;01/05/2019;;;GBBR;;BB;BB;BOND;;;;;;;Sovereign;BR;
BRSTNCTD3R47;01/06/2019;;;GBBR;;BB;BB;BOND;;;;;;;Sovereign;BR;
BRSTNCTD2VO3;01/09/2027;;;GBBR;;BB;BB;BOND;01/09/2027;GBBR;BRL;0.7978528;BOND;BRL TDAE070978;Sovereign;BR;
BRSTNCTD1O42;01/08/2018;;;GBBR;;BB;BB;BOND;;;;;;;Sovereign;BR;
BRSTNCTD2KV1;01/11/2018;;;GBBR;;BB;BB;BOND;;;;;;;Sovereign;BR;
BRSTNCTD5R45;01/08/2018;;;GBBR;;BB;BB;BOND;;;;;;;Sovereign;BR;
BRSTNCTD1FL4;01/05/2018;;;GBBR;;BB;BB;BOND;;;;;;;Sovereign;BR;
BRSTNCTD24S0;01/12/2017;;;GBBR;;BB;BB;BOND;;;;;;;Sovereign;BR;
BRSTNCTD23R4;01/08/2018;;;GBBR;;BB;BB;BOND;;;;;;;Sovereign;BR;
BRSTNCTD2SA8;01/05/2019;;;GBBR;;BB;BB;BOND;;;;;;;Sovereign;BR;
BRSTNCTD7916;01/10/2021;;;GBBR;;BB;BB;BOND;;;;;;;Sovereign;BR;
BRSTNCTD0BH3;01/10/2018;;;GBBR;;BB;BB;BOND;;;;;;;Sovereign;BR;
BRSTNCTD2321;01/06/2019;;;GBBR;;BB;BB;BOND;;;;;;;Sovereign;BR;
BRSTNCTD77Y6;01/11/2017;;;GBBR;;BB;BB;BOND;01/11/2022;GBBR;BRL;0.9663585;BOND;BRL TDAH121138;Sovereign;BR;
BRSTNCTD4E17;01/06/2018;;;GBBR;;BB;BB;BOND;;;;;;;Sovereign;BR;
BRSTNCTD6NN3;01/12/2017;;;GBBR;;BB;BB;BOND;;;;;;;Sovereign;BR;
BRSTNCTD28N2;01/04/2018;;;GBBR;;BB;BB;BOND;;;;;;;Sovereign;BR;
BRSTNCTD44A6;01/11/2019;;;GBBR;;BB;BB;BOND;;;;;;;Sovereign;BR;
BRSTNCTD7387;01/12/2022;;;GBBR;;BB;BB;BOND;;;;;;;Sovereign;BR;
BRSTNCTD6NC6;01/05/2025;;;GBBR;;BB;BB;BOND;01/05/2025;GBBR;BRL;0.8708774;BOND;BRL TDAE110557;Sovereign;BR;
BRSTNCTD6E15;01/02/2018;;;GBBR;;BB;BB;BOND;;;;;;;Sovereign;BR;
BRSTNCTD4905;01/09/2017;;;GBBR;;BB;BB;BOND;;;;;;;Sovereign;BR;
BRSTNCTD4913;01/09/2018;;;GBBR;;BB;BB;BOND;;;;;;;Sovereign;BR;
BRSTNCTD63B4;01/04/2018;;;GBBR;;BB;BB;BOND;;;;;;;Sovereign;BR;
BRSTNCTD6ZL1;01/12/2019;;;GBBR;;BB;BB;BOND;;;;;;;Sovereign;BR;
BRSTNCTD23S2;01/08/2017;;;GBBR;;BB;BB;BOND;;;;;;;Sovereign;BR;
BRSTNCTD3D19;01/03/2020;;;GBBR;;BB;BB;BOND;;;;;;;Sovereign;BR;
BRSTNCTD2LV9;01/02/2020;;;GBBR;;BB;BB;BOND;;;;;;;Sovereign;BR;
BRSTNCTD3Y71;01/04/2021;;;GBBR;;BB;BB;BOND;;;;;;;Sovereign;BR;
BRSTNCTD2LD7;01/05/2018;;;GBBR;;BB;BB;BOND;;;;;;;Sovereign;BR;
BRSTNCTD5XO5;01/03/2022;;;GBBR;;BB;BB;BOND;;;;;;;Sovereign;BR;
BRSTNCTD06H0;01/09/2018;;;GBBR;;BB;BB;BOND;;;;;;;Sovereign;BR;
BRSTNCTD2C11;01/12/2018;;;GBBR;;BB;BB;BOND;;;;;;;Sovereign;BR;
BRSTNCTD7924;01/10/2022;;;GBBR;;BB;BB;BOND;01/10/2022;GBBR;BRL;0.970338;BOND;BRL TDA22100600;Sovereign;BR;
BRSTNCTD2L69;01/03/2019;;;GBBR;;BB;BB;BOND;;;;;;;Sovereign;BR;
BRSTNCTD39Y6;01/12/2018;;;GBBR;;BB;BB;BOND;;;;;;;Sovereign;BR;
BRSTNCTD13P9;01/11/2017;;;GBBR;;BB;BB;BOND;;;;;;;Sovereign;BR;
BRSTNCTD2198;01/08/2017;;;GBBR;;BB;BB;BOND;;;;;;;Sovereign;BR;
BRSTNCTD2PQ0;01/12/2020;;;GBBR;;BB;BB;BOND;;;;;;;Sovereign;BR;
BRL TDA22120300;01/05/2018;;;GBBR;;BB;BB;BOND;01/12/2022;GBBR;BRL;0.9443129;BOND;BRL TDA22120300;Sovereign;BR;
BRSTNCTD6OD2;01/11/2018;;;GBBR;;BB;BB;BOND;;;;;;;Sovereign;BR;
BRSTNCTD3S95;01/07/2018;;;GBBR;;BB;BB;BOND;;;;;;;Sovereign;BR;
BRSTNCTD3WT8;01/12/2017;;;GBBR;;BB;BB;BOND;;;;;;;Sovereign;BR;
BRSTNCTD2UK3;01/09/2017;;;GBBR;;BB;BB;BOND;;;;;;;Sovereign;BR;
BRSTNCTD1323;01/11/2018;;;GBBR;;BB;BB;BOND;;;;;;;Sovereign;BR;
BRSTNCTD6DX3;01/11/2018;;;GBBR;;BB;BB;BOND;;;;;;;Sovereign;BR;
BRSTNCTD2U68;01/03/2019;;;GBBR;;BB;BB;BOND;;;;;;;Sovereign;BR;
BRSTNCTD6SE1;01/08/2019;;;GBBR;;BB;BB;BOND;;;;;;;Sovereign;BR;
BRSTNCTD77T6;01/04/2020;;;GBBR;;BB;BB;BOND;;;;;;;Sovereign;BR;
BRSTNCTD2SB6;01/05/2020;;;GBBR;;BB;BB;BOND;;;;;;;Sovereign;BR;
BRSTNCTD2SL5;01/05/2018;;;GBBR;;BB;BB;BOND;;;;;;;Sovereign;BR;
BRSTNCTD0RI7;01/03/2018;;;GBBR;;BB;BB;BOND;;;;;;;Sovereign;BR;
BRSTNCTD6470;01/07/2019;;;GBBR;;BB;BB;BOND;;;;;;;Sovereign;BR;
BRSTNCTD78V0;01/10/2019;;;GBBR;;BB;BB;BOND;;;;;;;Sovereign;BR;
BRSTNCTD26Z0;01/07/2018;;;GBBR;;BB;BB;BOND;;;;;;;Sovereign;BR;
BRSTNCTD6ZM9;01/12/2020;;;GBBR;;BB;BB;BOND;;;;;;;Sovereign;BR;
BRSTNCTD5HR8;01/07/2019;;;GBBR;;BB;BB;BOND;;;;;;;Sovereign;BR;
BRSTNCTD7940;01/12/2018;;;GBBR;;BB;BB;BOND;;;;;;;Sovereign;BR;
BRSTNCTD27T1;01/11/2018;;;GBBR;;BB;BB;BOND;;;;;;;Sovereign;BR;
BRSTNCTD29I0;01/08/2017;;;GBBR;;BB;BB;BOND;;;;;;;Sovereign;BR;
BRSTNCTD6Z51;01/11/2017;;;GBBR;;BB;BB;BOND;;;;;;;Sovereign;BR;
BRSTNCTD2XT8;01/09/2018;;;GBBR;;BB;BB;BOND;;;;;;;Sovereign;BR;
BRSTNCTD2OD1;01/06/2018;;;GBBR;;BB;BB;BOND;;;;;;;Sovereign;BR;
BRSTNCTD2PO5;01/12/2018;;;GBBR;;BB;BB;BOND;;;;;;;Sovereign;BR;
BRSTNCTD6ZN7;01/12/2021;;;GBBR;;BB;BB;BOND;;;;;;;Sovereign;BR;
BRSTNCTD6DW5;01/11/2017;;;GBBR;;BB;BB;BOND;;;;;;;Sovereign;BR;
BRSTNCTD7908;01/10/2020;;;GBBR;;BB;BB;BOND;;;;;;;Sovereign;BR;
BRSTNCTD2VN5;01/09/2026;;;GBBR;;BB;BB;BOND;01/09/2026;GBBR;BRL;0.8274414;BOND;BRL TDAE070977;Sovereign;BR;
BRSTNCTD60U0;01/04/2019;;;GBBR;;BB;BB;BOND;;;;;;;Sovereign;BR;
BRSTNCTD16O5;01/01/2019;;;GBBR;;BB;BB;BOND;;;;;;;Sovereign;BR;
BRSTNCTD2SV4;01/07/2019;;;GBBR;;BB;BB;BOND;;;;;;;Sovereign;BR;
BRSTNCTD6SG6;01/08/2021;;;GBBR;;BB;BB;BOND;;;;;;;Sovereign;BR;
BRSTNCTD6Z69;01/11/2018;;;GBBR;;BB;BB;BOND;;;;;;;Sovereign;BR;
BRSTNCTD2PN7;01/12/2017;;;GBBR;;BB;BB;BOND;;;;;;;Sovereign;BR;
BRSTNCTD3FQ9;01/06/2019;;;GBBR;;BB;BB;BOND;;;;;;;Sovereign;BR;
BRSTNCTD0MI8;01/05/2018;;;GBBR;;BB;BB;BOND;;;;;;;Sovereign;BR;
BRSTNCTD1EM5;01/01/2018;;;GBBR;;BB;BB;BOND;;;;;;;Sovereign;BR;
BRSTNCTD3CZ7;01/03/2018;;;GBBR;;BB;BB;BOND;;;;;;;Sovereign;BR;
BRSTNCTD2VW6;01/07/2018;;;GBBR;;BB;BB;BOND;01/12/2026;GBBR;BRL;0.8201231;BOND;BRL TDAE071277;Sovereign;BR;
BRSTNCTD2VW6;01/07/2018;;;GBBR;;BB;BB;BOND;01/12/2026;GBBR;BRL;0.8201231;BOND;BRL TDAH071277;Sovereign;BR;
BRSTNCTD5IT2;01/08/2019;;;GBBR;;BB;BB;BOND;;;;;;;Sovereign;BR;
BRSTNCTD36T2;01/09/2017;;;GBBR;;BB;BB;BOND;;;;;;;Sovereign;BR;
BRSTNCTD3JC1;01/09/2017;;;GBBR;;BB;BB;BOND;;;;;;;Sovereign;BR;
BRSTNCTD2UV0;01/12/2020;;;GBBR;;BB;BB;BOND;;;;;;;Sovereign;BR;
BRSTNCTD2UU2;01/12/2019;;;GBBR;;BB;BB;BOND;;;;;;;Sovereign;BR;
BRSTNCTD1HT3;01/05/2019;;;GBBR;;BB;BB;BOND;;;;;;;Sovereign;BR;
BRSTNCTD3PC8;01/04/2018;;;GBBR;;BB;BB;BOND;;;;;;;Sovereign;BR;
BRSTNCTD6N97;01/05/2022;;;GBBR;;BB;BB;BOND;01/05/2022;GBBR;BRL;0.9942268;BOND;BRL TDAE110554;Sovereign;BR;
BRSTNCTD7148;01/03/2018;;;GBBR;;BB;BB;BOND;;;;;;;Sovereign;BR;
BRSTNCTD23P8;01/08/2020;;;GBBR;;BB;BB;BOND;;;;;;;Sovereign;BR;
BRSTNCTD6ZK3;01/12/2018;;;GBBR;;BB;BB;BOND;;;;;;;Sovereign;BR;
BRSTNCTD2M92;01/04/2019;;;GBBR;;BB;BB;BOND;;;;;;;Sovereign;BR;
BRSTNCTD2FA5;01/05/2018;;;GBBR;;BB;BB;BOND;;;;;;;Sovereign;BR;
BRSTNCTD62Z5;01/04/2020;;;GBBR;;BB;BB;BOND;;;;;;;Sovereign;BR;
BRSTNCTD2701;01/07/2019;;;GBBR;;BB;BB;BOND;;;;;;;Sovereign;BR;
BRSTNCTD4E25;01/06/2019;;;GBBR;;BB;BB;BOND;;;;;;;Sovereign;BR;
BRSTNCTD17T2;01/09/2018;;;GBBR;;BB;BB;BOND;;;;;;;Sovereign;BR;
BRSTNCTD6SD3;01/11/2020;;;GBBR;;BB;BB;BOND;;;;;;;Sovereign;BR;
BRSTNCTD6F48;01/05/2018;;;GBBR;;BB;BB;BOND;;;;;;;Sovereign;BR;
BRSTNCTD6KV2;01/07/2021;;;GBBR;;BB;BB;BOND;;;;;;;Sovereign;BR;
BRSTNCTD7585;01/08/2017;;;GBBR;;BB;BB;BOND;;;;;;;Sovereign;BR;
BRSTNCTD3D01;01/03/2019;;;GBBR;;BB;BB;BOND;;;;;;;Sovereign;BR;
BRSTNCTD2AC2;01/06/2018;;;GBBR;;BB;BB;BOND;;;;;;;Sovereign;BR;
BRSTNCTD1YB6;01/07/2019;;;GBBR;;BB;BB;BOND;;;;;;;Sovereign;BR;
BRSTNCTD2LE5;01/05/2019;;;GBBR;;BB;BB;BOND;;;;;;;Sovereign;BR;
BRSTNCTD7619;01/10/2018;;;GBBR;;BB;BB;BOND;;;;;;;Sovereign;BR;
BRSTNCTD6ND4;01/05/2026;;;GBBR;;BB;BB;BOND;01/05/2026;GBBR;BRL;0.838699;BOND;BRL TDAE110558;Sovereign;BR;
BRSTNCTD1SV6;01/12/2017;;;GBBR;;BB;BB;BOND;;;;;;;Sovereign;BR;
BRSTNCTD23Q6;01/08/2019;;;GBBR;;BB;BB;BOND;;;;;;;Sovereign;BR;
BRSTNCTD6ZJ5;01/12/2017;;;GBBR;;BB;BB;BOND;;;;;;;Sovereign;BR;
BRSTNCTD1XR4;01/01/2018;;;GBBR;;BB;BB;BOND;;;;;;;Sovereign;BR;
BRSTNCTD0YN3;01/02/2019;;;GBBR;;BB;BB;BOND;;;;;;;Sovereign;BR;
BRSTNCTD1GM0;01/12/2018;;;GBBR;;BB;BB;BOND;;;;;;;Sovereign;BR;
BRSTNCTD6Z85;01/11/2020;;;GBBR;;BB;BB;BOND;;;;;;;Sovereign;BR;
BRSTNCTD2U84;01/03/2021;;;GBBR;;BB;BB;BOND;;;;;;;Sovereign;BR;
BRSTNCTD70W5;01/12/2017;;;GBBR;;BB;BB;BOND;;;;;;;Sovereign;BR;
BRSTNCTD60N5;01/01/2018;;;GBBR;;BB;BB;BOND;;;;;;;Sovereign;BR;
BRSTNCTD2ZH8;01/12/2017;;;GBBR;;BB;BB;BOND;;;;;;;Sovereign;BR;
BRSTNCTD2LU1;01/02/2019;;;GBBR;;BB;BB;BOND;;;;;;;Sovereign;BR;
BRSTNCTD0HY5;01/05/2018;;;GBBR;;BB;BB;BOND;;;;;;;Sovereign;BR;
BRSTNCTD2ZJ4;01/12/2019;;;GBBR;;BB;BB;BOND;;;;;;;Sovereign;BR;
BRSTNCTD2PR8;01/12/2021;;;GBBR;;BB;BB;BOND;;;;;;;Sovereign;BR;
BRSTNCTD2WH5;01/03/2023;;;GBBR;;BB;BB;BOND;01/03/2023;GBBR;BRL;0.9501364;BOND;BRL TDAE090357;Sovereign;BR;
BRSTNCTD5X47;01/03/2026;;;GBBR;;BB;BB;BOND;01/03/2026;GBBR;BRL;0.8438518;BOND;BRL TDAE100374;Sovereign;BR;
BRSTNCTD6NA0;01/05/2023;;;GBBR;;BB;BB;BOND;01/05/2023;GBBR;BRL;0.942665;BOND;BRL TDAE110555;Sovereign;BR;
BRSTNCTD10Q3;01/09/2018;;;GBBR;;BB;BB;BOND;;;;;;;Sovereign;BR;
BRSTNCTD2LX5;01/02/2018;;;GBBR;;BB;BB;BOND;;;;;;;Sovereign;BR;
BRSTNCTD3WD2;01/12/2017;;;GBBR;;BB;BB;BOND;;;;;;;Sovereign;BR;
BRSTNCTD3Y89;01/04/2022;;;GBBR;;BB;BB;BOND;01/04/2022;GBBR;BRL;0.998027;BOND;BRL TDAD08D237;Sovereign;BR;
BRSTNCTD2SY8;01/07/2022;;;GBBR;;BB;BB;BOND;01/07/2022;GBBR;BRL;0.9776383;BOND;BRL TDAD08G237;Sovereign;BR;
BRSTNCTD5R37;01/08/2017;;;GBBR;;BB;BB;BOND;;;;;;;Sovereign;BR;
BRSTNCTD77U4;01/06/2020;;;GBBR;;BB;BB;BOND;;;;;;;Sovereign;BR;
BRSTNCTD2JG4;01/12/2018;;;GBBR;;BB;BB;BOND;;;;;;;Sovereign;BR;
BRSTNCTD2UL1;01/09/2018;;;GBBR;;BB;BB;BOND;;;;;;;Sovereign;BR;
BRSTNCTD78S6;01/06/2018;;;GBBR;;BB;BB;BOND;;;;;;;Sovereign;BR;
BRSTNCTD6SF8;01/08/2020;;;GBBR;;BB;BB;BOND;;;;;;;Sovereign;BR;
BRSTNCTD2VL9;01/09/2024;;;GBBR;;BB;BB;BOND;01/09/2024;GBBR;BRL;0.8906786;BOND;BRL TDAE070975;Sovereign;BR;
BRSTNCTD4EJ5;01/09/2018;;;GBBR;;BB;BB;BOND;;;;;;;Sovereign;BR;
BRSTNCTD4R19;01/03/2018;;;GBBR;;BB;BB;BOND;;;;;;;Sovereign;BR;
BRSTNCTD6PR9;01/09/2018;;;GBBR;;BB;BB;BOND;;;;;;;Sovereign;BR;
BRSTNCTD0RJ5;01/12/2017;;;GBBR;;BB;BB;BOND;;;;;;;Sovereign;BR;
BRSTNCTD0JA1;01/03/2018;;;GBBR;;BB;BB;BOND;;;;;;;Sovereign;BR;
BRSTNCTD2MN4;01/08/2019;;;GBBR;;BB;BB;BOND;;;;;;;Sovereign;BR;
BRSTNCTD6NR4;01/12/2021;;;GBBR;;BB;BB;BOND;;;;;;;Sovereign;BR;
BRSTNCTD2VP0;01/12/2019;;;GBBR;;BB;BB;BOND;;;;;;;Sovereign;BR;
BRSTNCTD6VM8;01/12/2017;;;GBBR;;BB;BB;BOND;;;;;;;Sovereign;BR;
BRSTCNTD78TA;01/06/2019;;;SEQW;;NR;;BOND;;;;;;;;;
BRSTNCTD2KO6;01/08/2018;;;GBBR;;BB;BB;BOND;;;;;;;Sovereign;BR;
BRSTNCTD6488;01/07/2020;;;GBBR;;BB;BB;BOND;;;;;;;Sovereign;BR;
BRSTNCTD60W6;01/04/2018;;;GBBR;;BB;BB;BOND;;;;;;;Sovereign;BR;
BRSTNCTD6NQ6;01/12/2020;;;GBBR;;BB;BB;BOND;;;;;;;Sovereign;BR;
BRSTNCTD2VR6;01/12/2021;;;GBBR;;BB;BB;BOND;;;;;;;Sovereign;BR;
BRSTNCTD78U2;01/10/2018;;;GBBR;;BB;BB;BOND;;;;;;;Sovereign;BR;
BRSTNCTD3ZX3;01/05/2019;;;GBBR;;BB;BB;BOND;;;;;;;Sovereign;BR;
BRSTNCTD2W25;01/06/2018;;;GBBR;;BB;BB;BOND;;;;;;;Sovereign;BR;
BRSTNCTD2WI3;01/03/2024;;;GBBR;;BB;BB;BOND;01/03/2024;GBBR;BRL;0.9084056;BOND;BRL TDAE090358;Sovereign;BR;
BRSTNCTD0V77;01/12/2018;;;GBBR;;BB;BB;BOND;;;;;;;Sovereign;BR;
BRSTNCTD2S96;01/03/2021;;;GBBR;;BB;BB;BOND;;;;;;;Sovereign;BR;
BRSTNCTD7593;01/08/2018;;;GBBR;;BB;BB;BOND;;;;;;;Sovereign;BR;
BRSTNCTD7981;01/08/2018;;;GBBR;;BB;BB;BOND;;;;;;;Sovereign;BR;
BRSTNCTD2M84;01/04/2018;;;GBBR;;BB;BB;BOND;;;;;;;Sovereign;BR;
BRSTNCTD2AM1;01/11/2017;;;GBBR;;BB;BB;BOND;;;;;;;Sovereign;BR;
BRSTNCTD2JV3;01/12/2021;;;GBBR;;BB;BB;BOND;;;;;;;Sovereign;BR;
BRSTNCTD2XS0;01/09/2017;;;GBBR;;BB;BB;BOND;;;;;;;Sovereign;BR;
BRSTNCTD49H0;01/09/2017;;;GBBR;;BB;BB;BOND;;;;;;;Sovereign;BR;
BRSTNCTD6E07;01/01/2018;;;GBBR;;BB;BB;BOND;;;;;;;Sovereign;BR;
BRSTNCTD25V1;01/02/2018;;;GBBR;;BB;BB;BOND;;;;;;;Sovereign;BR;
BRSTNCTD32F0;01/04/2018;;;GBBR;;BB;BB;BOND;;;;;;;Sovereign;BR;
BRSTNCTD3ZN4;01/05/2023;;;GBBR;;BB;BB;BOND;01/05/2023;GBBR;BRL;0.9137437;BOND;BRL TDAD08E238;Sovereign;BR;
BRSTNCTD2VM7;01/09/2025;;;GBBR;;BB;BB;BOND;01/09/2025;GBBR;BRL;0.8592211;BOND;BRL TDAE070976;Sovereign;BR;
BRSTNCTD5X05;01/03/2022;;;GBBR;;BB;BB;BOND;;;;;;;Sovereign;BR;
BRSTNCTD2ZU1;01/12/2017;;;GBBR;;BB;BB;BOND;;;;;;;Sovereign;BR;
BRSTNCTD5RC9;01/09/2017;;;GBBR;;BB;BB;BOND;;;;;;;Sovereign;BR;
BRSTNCTD6462;01/07/2018;;;GBBR;;BB;BB;BOND;;;;;;;Sovereign;BR;
BRSTNCTD2271;01/12/2017;;;GBBR;;BB;BB;BOND;;;;;;;Sovereign;BR;
BRSTNCTD2VJ3;01/08/2020;;;GBBR;;BB;BB;BOND;01/09/2022;GBBR;BRL;0.9747121;BOND;BRL TDAE070958;Sovereign;BR;
BRSTNCTD2VJ3;01/08/2020;;;GBBR;;BB;BB;BOND;01/09/2022;GBBR;BRL;0.9747121;BOND;BRL TDAE070973;Sovereign;BR;
BRSTNCTD2KR9;01/08/2021;;;GBBR;;BB;BB;BOND;;;;;;;Sovereign;BR;
BRSTNCTD62Y8;01/04/2019;;;GBBR;;BB;BB;BOND;;;;;;;Sovereign;BR;
BRSTNCTD7965;01/12/2019;;;GBBR;;BB;BB;BOND;;;;;;;Sovereign;BR;
BRSTNCTD2KG2;01/10/2018;;;GBBR;;BB;BB;BOND;;;;;;;Sovereign;BR;
BRSTNCTD3ZM6;01/05/2022;;;GBBR;;BB;BB;BOND;01/05/2022;GBBR;BRL;0.9918925;BOND;BRL TDAD08E237;Sovereign;BR;
BRSTNCTD6GB2;01/04/2018;;;GBBR;;BB;BB;BOND;;;;;;;Sovereign;BR;
BRSTNCTD2WD4;01/03/2019;;;GBBR;;BB;BB;BOND;;;;;;;Sovereign;BR;
BRSTNCTD1414;01/11/2017;;;GBBR;;BB;BB;BOND;;;;;;;Sovereign;BR;
BRSTNCTD1P58;01/09/2019;;;GBBR;;BB;BB;BOND;;;;;;;Sovereign;BR;
BRSTNCTD2JJ8;01/12/2019;;;GBBR;;BB;BB;BOND;;;;;;;Sovereign;BR;
BRSTNCTD47E1;01/06/2018;;;GBBR;;BB;BB;BOND;;;;;;;Sovereign;BR;
BRSTNCTD6WZ8;01/10/2018;;;GBBR;;BB;BB;BOND;;;;;;;Sovereign;BR;
BRSTNCTD2KP3;01/08/2019;;;GBBR;;BB;BB;BOND;;;;;;;Sovereign;BR;
BRSTNCTD4RI9;01/12/2018;;;GBBR;;BB;BB;BOND;;;;;;;Sovereign;BR;
BRSTNCTD19P6;01/05/2018;;;GBBR;;BB;BB;BOND;;;;;;;Sovereign;BR;
BRSTNCTD2289;01/12/2018;;;GBBR;;BB;BB;BOND;;;;;;;Sovereign;BR;
BRSTNCTD61D4;01/02/2019;;;GBBR;;BB;BB;BOND;;;;;;;Sovereign;BR;
BRSTNCTD2U76;01/03/2020;;;GBBR;;BB;BB;BOND;;;;;;;Sovereign;BR;
BRSTNCTD6NP8;01/02/2018;;;GBBR;;BB;BB;BOND;;;;;;;Sovereign;BR;
BRSTNCTD0EN5;01/12/2019;;;GBBR;;BB;BB;BOND;;;;;;;Sovereign;BR;
BRSTNCTD6DN4;01/09/2019;;;GBBR;;BB;BB;BOND;;;;;;;Sovereign;BR;
BRSTNCTD6NO1;01/12/2018;;;GBBR;;BB;BB;BOND;;;;;;;Sovereign;BR;
BRSTNCTD1E13;01/02/2018;;;GBBR;;BB;BB;BOND;;;;;;;Sovereign;BR;
BRSTNCTD2VS4;01/12/2022;;;GBBR;;BB;BB;BOND;01/12/2022;GBBR;BRL;0.9624353;BOND;BRL TDAH071273;Sovereign;BR;
BRSTNCTD7973;01/08/2017;;;GBBR;;BB;BB;BOND;;;;;;;Sovereign;BR;
BRSTNCTD3EM1;01/05/2018;;;GBBR;;BB;BB;BOND;;;;;;;Sovereign;BR;
BRSTNCTD3EN9;01/05/2019;;;GBBR;;BB;BB;BOND;;;;;;;Sovereign;BR;
BRSTNCTD2LM8;01/06/2019;;;SEQW;;NR;;BOND;;;;;;;;;
BRSTNCTD25F4;01/09/2018;;;GBBR;;BB;BB;BOND;;;;;;;Sovereign;BR;
BRSTNCTD2RB8;01/08/2018;;;GBBR;;BB;BB;BOND;;;;;;;Sovereign;BR;
BRSTNCTD2RC6;01/08/2019;;;GBBR;;BB;BB;BOND;;;;;;;Sovereign;BR;
BRSTNCTD27S3;01/11/2017;;;GBBR;;BB;BB;BOND;;;;;;;Sovereign;BR;
BRSTNCTD5X39;01/09/2019;;;GBBR;;BB;BB;BOND;01/03/2025;GBBR;BRL;0.8752451;BOND;BRL TDAE100358;Sovereign;BR;
BRSTNCTD5X39;01/09/2019;;;GBBR;;BB;BB;BOND;01/03/2025;GBBR;BRL;0.8752451;BOND;BRL TDAE100373;Sovereign;BR;
BRSTNCTD2RE2;01/08/2021;;;GBBR;;BB;BB;BOND;;;;;;;Sovereign;BR;
BRSTNCTD2RF9;01/08/2022;;;GBBR;;BB;BB;BOND;01/08/2022;GBBR;BRL;97.0859719;BOND;BRL TDAD07H238;Sovereign;BR;
BRSTNCTD2VI5;01/06/2018;;;GBBR;;BB;BB;BOND;;;;;;;Sovereign;BR;
BRSTNCTD2RD4;01/08/2020;;;GBBR;;BB;BB;BOND;;;;;;;Sovereign;BR;
BRSTNCTD26D7;01/05/2018;;;GBBR;;BB;BB;BOND;;;;;;;Sovereign;BR;
BRSTNCTD3EP4;01/05/2021;;;GBBR;;BB;BB;BOND;;;;;;;Sovereign;BR;
BRSTNCTD3EO7;01/05/2020;;;GBBR;;BB;BB;BOND;;;;;;;Sovereign;BR;
BRSTNCTD2RA0;01/08/2017;;;GBBR;;BB;BB;BOND;;;;;;;Sovereign;BR;
BRSTNCTD26M8;01/06/2018;;;GBBR;;BB;BB;BOND;;;;;;;Sovereign;BR;
BRSTNCTD0H75;01/12/2018;;;GBBR;;BB;BB;BOND;;;;;;;Sovereign;BR;
BRSTNCTD19T8;01/01/2018;;;GBBR;;BB;BB;BOND;;;;;;;Sovereign;BR;
BRSTNCTD1OF8;01/02/2018;;;GBBR;;BB;BB;BOND;;;;;;;Sovereign;BR;
BRSTNCTD23H5;01/08/2018;;;GBBR;;BB;BB;BOND;;;;;;;Sovereign;BR;
BRSTNCTD25G2;01/09/2019;;;GBBR;;BB;BB;BOND;;;;;;;Sovereign;BR;
BRSTNCTD2719;01/07/2020;;;GBBR;;BB;BB;BOND;;;;;;;Sovereign;BR;
BRSTNCTD2727;01/08/2018;;;GBBR;;BB;BB;BOND;;;;;;;Sovereign;BR;
BRSTNCTD29T7;01/09/2018;;;GBBR;;BB;BB;BOND;;;;;;;Sovereign;BR;
BRSTNCTD2IQ5;01/09/2018;;;GBBR;;BB;BB;BOND;;;;;;;Sovereign;BR;
BRSTNCTD2IR3;01/09/2019;;;GBBR;;BB;BB;BOND;;;;;;;Sovereign;BR;
BRSTNCTD2IS1;01/09/2020;;;GBBR;;BB;BB;BOND;;;;;;;Sovereign;BR;
BRSTNCTD2JH2;01/12/2020;;;GBBR;;BB;BB;BOND;;;;;;;Sovereign;BR;
BRSTNCTD2JQ3;01/02/2020;;;GBBR;;BB;BB;BOND;;;;;;;Sovereign;BR;
BRSTNCTD2JX9;01/12/2018;;;GBBR;;BB;BB;BOND;;;;;;;Sovereign;BR;
BRSTNCTD2K03;01/11/2022;;;GBBR;;BB;BB;BOND;01/11/2022;GBBR;BRL;0.9504566;BOND;BRL TDAD07K238;Sovereign;BR;
BRSTNCTD2K11;01/11/2021;;;GBBR;;BB;BB;BOND;;;;;;;Sovereign;BR;
BRSTNCTD2K29;01/11/2020;;;GBBR;;BB;BB;BOND;;;;;;;Sovereign;BR;
BRSTNCTD2K37;01/11/2019;;;GBBR;;BB;BB;BOND;;;;;;;Sovereign;BR;
BRSTNCTD2K45;01/11/2018;;;GBBR;;BB;BB;BOND;;;;;;;Sovereign;BR;
BRSTNCTD2VT2;01/08/2019;;;GBBR;;BB;BB;BOND;01/12/2023;GBBR;BRL;0.9175162;BOND;BRL TDAH071274;Sovereign;BR;
BRSTNCTD2VT2;01/08/2019;;;GBBR;;BB;BB;BOND;01/12/2023;GBBR;BRL;0.9175162;BOND;BRL TDAE071274;Sovereign;BR;
BRSTNCTD2KQ1;01/08/2020;;;GBBR;;BB;BB;BOND;;;;;;;Sovereign;BR;
BRSTNCTD2LL0;01/06/2018;;;GBBR;;BB;BB;BOND;;;;;;;Sovereign;BR;
BRSTNCTD2M50;01/03/2018;;;GBBR;;BB;BB;BOND;;;;;;;Sovereign;BR;
BRSTNCTD2MY1;01/10/2020;;;GBBR;;BB;BB;BOND;;;;;;;Sovereign;BR;
BRSTNCTD2N00;01/11/2019;;;GBBR;;BB;BB;BOND;;;;;;;Sovereign;BR;
BRSTNCTD2N18;01/11/2020;;;GBBR;;BB;BB;BOND;;;;;;;Sovereign;BR;
BRSTNCTD2OA7;01/05/2018;;;GBBR;;BB;BB;BOND;;;;;;;Sovereign;BR;
BRSTNCTD2P32;01/09/2019;;;GBBR;;BB;BB;BOND;;;;;;;Sovereign;BR;
BRSTNCTD2PJ5;01/11/2020;;;GBBR;;BB;BB;BOND;;;;;;;Sovereign;BR;
BRSTNCTD2Q49;01/03/2021;;;GBBR;;BB;BB;BOND;;;;;;;Sovereign;BR;
BRSTNCTD2QQ8;01/05/2018;;;GBBR;;BB;BB;BOND;;;;;;;Sovereign;BR;
BRSTNCTD2S05;01/04/2018;;;GBBR;;BB;BB;BOND;;;;;;;Sovereign;BR;
BRSTNCTD2S13;01/04/2019;;;GBBR;;BB;BB;BOND;;;;;;;Sovereign;BR;
BRSTNCTD2U50;01/03/2018;;;GBBR;;BB;BB;BOND;;;;;;;Sovereign;BR;
BRSTNCTD2VG9;01/09/2019;;;GBBR;;BB;BB;BOND;;;;;;;Sovereign;BR;
BRSTNCTD2VH7;01/09/2020;;;GBBR;;BB;BB;BOND;;;;;;;Sovereign;BR;
BRSTNCTD2VQ8;01/12/2020;;;GBBR;;BB;BB;BOND;;;;;;;Sovereign;BR;
BRSTNCTD2VU0;01/12/2024;;;GBBR;;BB;BB;BOND;01/12/2024;GBBR;BRL;0.8826479;BOND;BRL TDAE071275;Sovereign;BR;
BRSTNCTD2VU0;01/12/2024;;;GBBR;;BB;BB;BOND;01/12/2024;GBBR;BRL;0.8826479;BOND;BRL TDAH071275;Sovereign;BR;
BRSTNCTD2VV8;01/12/2025;;;GBBR;;BB;BB;BOND;01/12/2025;GBBR;BRL;0.8507698;BOND;BRL TDAH071276;Sovereign;BR;
BRSTNCTD2VV8;01/12/2025;;;GBBR;;BB;BB;BOND;01/12/2025;GBBR;BRL;0.8507698;BOND;BRL TDAE071276;Sovereign;BR;
BRSTNCTD2VX4;01/12/2027;;;GBBR;;BB;BB;BOND;01/12/2027;GBBR;BRL;0.7913312;BOND;BRL TDAH071278;Sovereign;BR;
BRSTNCTD2VX4;01/12/2027;;;GBBR;;BB;BB;BOND;01/12/2027;GBBR;BRL;0.7913312;BOND;BRL TDAE071278;Sovereign;BR;
BRSTNCTD2ZV9;01/12/2018;;;GBBR;;BB;BB;BOND;;;;;;;Sovereign;BR;
BRSTNCTD31G0;01/03/2019;;;GBBR;;BB;BB;BOND;;;;;;;Sovereign;BR;
BRSTNCTD31H8;01/03/2020;;;GBBR;;BB;BB;BOND;;;;;;;Sovereign;BR;
BRSTNCTD39H1;01/11/2017;;;GBBR;;BB;BB;BOND;;;;;;;Sovereign;BR;
BRSTNCTD3DW2;01/04/2019;;;GBBR;;BB;BB;BOND;;;;;;;Sovereign;BR;
BRSTNCTD3DX0;01/04/2020;;;GBBR;;BB;BB;BOND;;;;;;;Sovereign;BR;
BRSTNCTD3DY8;01/04/2021;;;GBBR;;BB;BB;BOND;;;;;;;Sovereign;BR;
BRSTNCTD3FR7;01/06/2020;;;GBBR;;BB;BB;BOND;;;;;;;Sovereign;BR;
BRSTNCTD3PE4;01/04/2020;;;GBBR;;BB;BB;BOND;;;;;;;Sovereign;BR;
BRSTNCTD3WDF7;01/12/2019;;;GBBR;;BB;BB;BOND;;;;;;;Sovereign;BR;
BRSTNCTD40W8;01/06/2018;;;GBBR;;BB;BB;BOND;;;;;;;Sovereign;BR;
BRSTNCTD40X6;01/06/2019;;;GBBR;;BB;BB;BOND;;;;;;;Sovereign;BR;
BRSTNCTD7395;01/06/2020;;;GBBR;;BB;BB;BOND;01/11/2022;GBBR;BRL;94.5201863;BOND;BRL TDAD12K332;Sovereign;BR;
BRSTNCTD4DQ2;01/12/2022;;;GBBR;;BB;BB;BOND;01/12/2022;GBBR;BRL;0.9624353;BOND;BRL TDAE041276;Sovereign;BR;
BRSTNCTD4Q47;01/03/2018;;;GBBR;;BB;BB;BOND;;;;;;;Sovereign;BR;
BRSTNCTD4Q54;01/03/2019;;;GBBR;;BB;BB;BOND;;;;;;;Sovereign;BR;
BRSTNCTD4Q62;01/03/2020;;;GBBR;;BB;BB;BOND;;;;;;;Sovereign;BR;
BRSTNCTD4Q70;01/03/2021;;;GBBR;;BB;BB;BOND;;;;;;;Sovereign;BR;
BRSTNCTD4Q88;01/03/2022;;;GBBR;;BB;BB;BOND;;;;;;;Sovereign;BR;
BRSTNCTD4Q96;01/03/2023;;;GBBR;;BB;BB;BOND;01/03/2023;GBBR;BRL;0.9254706;BOND;BRL TDAD10C236;Sovereign;BR;
BRSTNCTD4RJ7;01/03/2019;;;GBBR;;BB;BB;BOND;;;;;;;Sovereign;BR;
BRSTNCTD5D74;01/12/2018;;;GBBR;;BB;BB;BOND;;;;;;;Sovereign;BR;
BRSTNCTD5RD7;01/09/2018;;;GBBR;;BB;BB;BOND;;;;;;;Sovereign;BR;
BRSTNCTD5WZ0;01/03/2021;;;GBBR;;BB;BB;BOND;;;;;;;Sovereign;BR;
BRSTNCTD5X21;01/03/2024;;;GBBR;;BB;BB;BOND;01/03/2024;GBBR;BRL;0.9084056;BOND;BRL TDAE100357;Sovereign;BR;
BRSTNCTD5X21;01/03/2024;;;GBBR;;BB;BB;BOND;01/03/2024;GBBR;BRL;0.9084056;BOND;BRL TDAE100372;Sovereign;BR;
BRSTNCTD6MY2;01/02/2020;;;GBBR;;BB;BB;BOND;;;;;;;Sovereign;BR;
BRSTNCTD6M80;01/04/2018;;;GBBR;;BB;BB;BOND;;;;;;;Sovereign;BR;
BRSTNCTD6M72;01/12/2019;;;GBBR;;BB;BB;BOND;;;;;;;Sovereign;BR;
BRSTNCTD6M64;01/12/2018;;;GBBR;;BB;BB;BOND;;;;;;;Sovereign;BR;
BRSTNCTD6DO2;01/05/2018;;;GBBR;;BB;BB;BOND;;;;;;;Sovereign;BR;
BRSTNCTD6DY1;01/05/2018;;;GBBR;;BB;BB;BOND;;;;;;;Sovereign;BR;
BRSTNCTD6F30;01/12/2017;;;GBBR;;BB;BB;BOND;;;;;;;Sovereign;BR;
BRSTNCTD6J36;01/05/2019;;;GBBR;;BB;BB;BOND;;;;;;;Sovereign;BR;
BRSTNCTD6KS8;01/07/2018;;;GBBR;;BB;BB;BOND;;;;;;;Sovereign;BR;
BRSTNCTD62X0;01/12/2020;;;GBBR;;BB;BB;BOND;;;;;;;Sovereign;BR;
BRSTNCTD62L5;01/12/2021;;;GBBR;;BB;BB;BOND;;;;;;;Sovereign;BR;
BRSTNCTD6NB8;01/05/2024;;;GBBR;;BB;BB;BOND;01/05/2024;GBBR;BRL;0.9024358;BOND;BRL TDAE110556;Sovereign;BR;
BRSTNCTD6OC4;01/11/2017;;;GBBR;;BB;BB;BOND;;;;;;;Sovereign;BR;
BRSTNCTD6OE0;01/11/2019;;;GBBR;;BB;BB;BOND;;;;;;;Sovereign;BR;
BRSTNCTD6SR3;01/10/2018;;;GBBR;;BB;BB;BOND;;;;;;;Sovereign;BR;
BRSTNCTD6SS1;01/10/2019;;;GBBR;;BB;BB;BOND;;;;;;;Sovereign;BR;
BRSTNCTD6ST9;01/10/2020;;;GBBR;;BB;BB;BOND;;;;;;;Sovereign;BR;
BRSTNCTD6V48;01/01/2018;;;GBBR;;BB;BB;BOND;;;;;;;Sovereign;BR;
BRSTNCTD6V55;01/01/2019;;;GBBR;;BB;BB;BOND;;;;;;;Sovereign;BR;
BRSTNCTD6V63;01/01/2020;;;GBBR;;BB;BB;BOND;;;;;;;Sovereign;BR;
BRSTNCTD6V71;01/01/2021;;;GBBR;;BB;BB;BOND;;;;;;;Sovereign;BR;
BRSTNCTD7346;01/11/2017;;;GBBR;;BB;BB;BOND;;;;;;;Sovereign;BR;
BRSTNCTD7353;01/11/2018;;;GBBR;;BB;BB;BOND;;;;;;;Sovereign;BR;
BRSTNCTD7361;01/11/2019;;;GBBR;;BB;BB;BOND;;;;;;;Sovereign;BR;
BRSTNCTD7379;01/11/2020;;;GBBR;;BB;BB;BOND;;;;;;;Sovereign;BR;
BRSTNCTD40Y4;01/11/2022;;;GBBR;;BB;BB;BOND;;;;;;;Sovereign;BR;
BRSTNCTD76E0;01/12/2017;;;GBBR;;BB;BB;BOND;;;;;;;Sovereign;BR;
BRSTNCTD76F7;01/12/2018;;;GBBR;;BB;BB;BOND;;;;;;;Sovereign;BR;
BRSTNCTD77V2Q;01/11/2019;;;GBBR;;BB;BB;BOND;;;;;;;Sovereign;BR;
BRSTNCTD77W0;01/11/2020;;;GBBR;;BB;BB;BOND;;;;;;;Sovereign;BR;
BRSTNCTD77X8;01/11/2021;;;GBBR;;BB;BB;BOND;;;;;;;Sovereign;BR;
BRSTNCTD78X6;01/07/2018;;;GBBR;;BB;BB;BOND;;;;;;;Sovereign;BR;
BRSTNCTD78Y4;01/10/2018;;;GBBR;;BB;BB;BOND;;;;;;;Sovereign;BR;
BRSTNCTD7957;01/12/2018;;;GBBR;;BB;BB;BOND;;;;;;;Sovereign;BR;
BRSTNCTD7999;01/07/2019;;;GBBR;;BB;BB;BOND;;;;;;;Sovereign;BR;
BRSTNCTDG339;01/07/2018;;;GBBR;;BB;BB;BOND;;;;;;;Sovereign;BR;
BRSTNCTD5RD;01/09/2018;;;GBBR;;BB;BB;BOND;;;;;;;Sovereign;BR;
BRSTNCTD4RK5;01/03/2020;;;GBBR;;BB;BB;BOND;;;;;;;Sovereign;BR;
CBOT US ULTRA 10Y;;;;TSUS;;NR;;BOND;;;;;;;Sovereign;US;
US912796PG82;17/05/2018;;;GBBR;;BB;BB;BOND;;;;;;;Sovereign;BR;
BRECOACRA0S0;19/06/2019;;;3I5Z;;NR;;BOND;;;;;;;Diversified Finan Serv;BR;
BRRBCSCRI253;17/02/2023;;;S2VR;;NR;;BOND;;;;;;;;;
BRRBRACRI3V3;06/01/2027;;;S2VR;;NR;;BOND;;;;;;;;;
BRSTNCTD63T6;01/05/2019;;;GBBR;;BB;BB;BOND;;;;;;;Sovereign;BR;
CBOT US ULTRA;30/06/2018;;;TSUS;;NR;;BOND;;;;;;;Sovereign;US;
US912796PD51;08/11/2018;;;GBBR;;BB;BB;BOND;;;;;;;Sovereign;BR;
BRL TDA22110600;01/11/2022;;;GBBR;;BB;BB;BOND;01/11/2022;GBBR;BRL;0.9663585;BOND;BRL TDA22110600;Sovereign;BR;
BRSTNCTD2MA1;01/04/2020;;;GBBR;;BB;BB;BOND;;;;;;;Sovereign;BR;
BRSTNCTD79A2;01/07/2020;;;GBBR;;BB;BB;BOND;;;;;;;Sovereign;BR;
BRSTNCTD79B0;01/12/2020;;;GBBR;;BB;BB;BOND;;;;;;;Sovereign;BR;
BRSTNCNTB2U0;;;;GBBR;;BB;BB;BOND;15/05/2045;GBBR;BRL;1064.179369;BOND;BRL NTNB 150545 STPR;Sovereign;BR;
BRSTNCNTB4W2;;;;GBBR;;BB;BB;BOND;17/08/2026;GBBR;BRL;3104.279764;BOND;BRL NTNB 150826 STPR;Sovereign;BR;
BRSTNCTD79G9;;;;GBBR;;BB;BB;BOND;;;;;;;Sovereign;BR;
BRSTNCTD79H7;;;;GBBR;;BB;BB;BOND;;;;;;;Sovereign;BR;
BROCTSCRA267;;;;5NZP;;NR;;BOND;;;;;;;;;
BRGAFLCRA0A6;;;;DXX1;;NR;;BOND;;;;;;;Energy-Alternate Sources;BR;
BRGAFLCRA0E8;;;;DXX1;;NR;;BOND;;;;;;;Energy-Alternate Sources;BR;
BRECOACRA168;;;;;;NR;;BOND;;;;;;;;;
BROCTSCRA1R3;;;;;;NR;;BOND;;;;;;;;;
BRECOACRA1F5;;;;VUKC;;NR;;BOND;;;;;;;;;
BRBPSCCRI000;;;;2AEA;;NR;;BOND;;;;;;;;;
BRAPCSCRI1Z8;;;;4L6D;;NR;;BOND;;;;;;;Diversified Finan Serv;BR;
BRRBRACRI465;;;;RBT2;;NR;;BOND;;;;;;;Diversified Finan Serv;BR;
BRCMGDDBS041;;;;CEMI;;NR;;BOND;;;;;;;;;
BRSAIPDBS000;;;;SIPS12;;NR;;BOND;;;;;;;Commercial Services;BR;
US912796QC69;;;;TSUS;;AAA;AAA;BOND;;;;;;;Sovereign;US;
BRL CRI13H0098728;;;;5PTB;;BB;BB;BOND;;;;;;;Oil&Gas;BR;
BRCEEBDBS0F5;;;;C3N9;;BB;BB;BOND;;;;;;;Electric;BR;
BRAPCSCRI523;;;;DXX1;;NR;;BOND;;;;;;;Energy-Alternate Sources;BR;
BRSTNCNTB3E2;;;;GBBR;;BB;BB;BOND;15/05/2035;GBBR;BRL;1917.460538;BOND;BRL NTNB 150535 STPR;Sovereign;BR;
BRSTNCNTF1F9;;;;GBBR;;BB;BB;BOND;;;;;;;Sovereign;BR;
BRSTNCNTF1H5;;;;GBBR;;BB;BB;BOND;;;;;;;Sovereign;BR;
BRSTNCNTF1J1;;;;GBBR;;BB;BB;BOND;02/01/2023;GBBR;BRL;44.583153;BOND;BRL NTNF 010123 STCP;Sovereign;BR;
BRSTNCNTF1L7;;;;GBBR;;BB;BB;BOND;02/01/2024;GBBR;BRL;40.019122;BOND;BRL NTNF 010124 STCP;Sovereign;BR;
BRSTNCNTF1N3;;;;GBBR;;BB;BB;BOND;02/01/2025;GBBR;BRL;36.242533;BOND;BRL NTNF 010125 STCP;Sovereign;BR;
BRSTNCNTF1S2;;;;GBBR;;BB;BB;BOND;02/01/2026;GBBR;BRL;32.631815;BOND;BRL NTNF 010126 STCP;Sovereign;BR;
BRSTNCNTF1U8;;;;GBBR;;BB;BB;BOND;04/01/2027;GBBR;BRL;29.342964;BOND;BRL NTNF 010127 STCP;Sovereign;BR;
BRSTNCNTF1W4;;;;GBBR;;BB;BB;BOND;03/01/2028;GBBR;BRL;26.299069;BOND;BRL NTNF 010128 STCP;Sovereign;BR;
BRSTNCNTF1E2;;;;GBBR;;BB;BB;BOND;;;;;;;Sovereign;BR;
BRSTNCNTF1G7;;;;GBBR;;BB;BB;BOND;;;;;;;Sovereign;BR;
BRSTNCNTF1I3;;;;GBBR;;BB;BB;BOND;01/07/2022;GBBR;BRL;47.408808;BOND;BRL NTNF 010722 STCP;Sovereign;BR;
BRSTNCNTF1K9;;;;GBBR;;BB;BB;BOND;03/07/2023;GBBR;BRL;42.0959;BOND;BRL NTNF 010723 STCP;Sovereign;BR;
BRSTNCNTF1M5;;;;GBBR;;BB;BB;BOND;01/07/2024;GBBR;BRL;38.108058;BOND;BRL NTNF 010724 STCP;Sovereign;BR;
BRSTNCNTF006;;;;GBBR;;BB;BB;BOND;01/07/2025;GBBR;BRL;34.461695;BOND;BRL NTNF 010725 STCP;Sovereign;BR;
BRSTNCNTF1T0;;;;GBBR;;BB;BB;BOND;01/07/2026;GBBR;BRL;30.993674;BOND;BRL NTNF 010726 STCP;Sovereign;BR;
BRSTNCNTF1V6;;;;GBBR;;BB;BB;BOND;01/07/2027;GBBR;BRL;27.809675;BOND;BRL NTNF 010727 STCP;Sovereign;BR;
BRSTNCNTF1X2;;;;GBBR;;BB;BB;BOND;03/07/2028;GBBR;BRL;24.860012;BOND;BRL NTNF 010728 STCP;Sovereign;BR;
BRSTNCTD79K1;;;;GBBR;;BB;BB;BOND;;;;;;;Sovereign;BR;
BRSTNCTD23N3;;;;GBBR;;BB;BB;BOND;01/08/2022;GBBR;BRL;0.9652721;BOND;BRL TDAD04H416;Sovereign;BR;
BRSTNCTD2ZK2;;;;GBBR;;BB;BB;BOND;;;;;;;Sovereign;BR;
BRSTNCTD30P3;;;;GBBR;;BB;BB;BOND;;;;;;;Sovereign;BR;
BRSTNCTD4103;;;;GBBR;;BB;BB;BOND;01/06/2022;GBBR;BRL;98.4947938;BOND;BRL TDAD08F237;Sovereign;BR;
BRSTNCTD6MA2;;;;GBBR;;BB;BB;BOND;01/12/2022;GBBR;BRL;94.4738239;BOND;BRL TDAD11L234;Sovereign;BR;
BRSTNCTD74J4;;;;GBBR;;BB;BB;BOND;;;;;;;Sovereign;BR;
BRSTNCTD7635;;;;GBBR;;BB;BB;BOND;;;;;;;Sovereign;BR;
BRRBRACRI366;;;;DXX1;;NR;;BOND;;;;;;;Energy-Alternate Sources;BR;
BRCBSCCRA013;05/10/2020;;;IEG5;;NR;;BOND;;;;;;;;;
BRLIGHDBS0N6;;;;LSEL;;NR;;BOND;;;;;;;Electric;BR;
BRLIGHDBS0O4;;;;LSEL;;NR;;BOND;;;;;;;Electric;BR;
BRRBCSCRI386;;;;RBT2;;NR;;BOND;;;;;;;Diversified Finan Serv;BR;
BRRBRACRI523;;;;RBT2;;NR;;BOND;;;;;;;Diversified Finan Serv;BR;
CBOT USTNOTE 5Y;;;;TSUS;;NR;;BOND;;;;;;;Sovereign;US;
CBOT USTNOTE 10Y;;;;TSUS;;NR;;BOND;;;;;;;Sovereign;US;
US912796TD16;13/08/2020;;;TSUS;;AAA;AAA;BOND;;;;;;;Sovereign;US;
US912828Y388;15/07/2028;;;TSUS;;AAA;AAA;BOND;;;;;;;Sovereign;US;
BRECOACRA135;;;;UBSE;;NR;;BOND;;;;;;;;;
BRVIXLDBS021;;;;VTEN;;NR;;BOND;;;;;;;;;
BRSTNCTD1E93;;;;GBBR;;BB;BB;BOND;;;;;;;Sovereign;BR;
BRSTNCTD2XV4;;;;GBBR;;BB;BB;BOND;;;;;;;Sovereign;BR;
BRSTNCTD2ZX5;;;;GBBR;;BB;BB;BOND;;;;;;;Sovereign;BR;
BRSTNCTD2305;;;;GBBR;;BB;BB;BOND;;;;;;;Sovereign;BR;
BRSTNCTD4566;;;;GBBR;;BB;BB;BOND;;;;;;;Sovereign;BR;
BRSTNCTD30P6;;;;GBBR;;BB;BB;BOND;;;;;;;Sovereign;BR;
BRSTNCTD74K2;;;;GBBR;;BB;BB;BOND;;;;;;;Sovereign;BR;
BRSTNCNTF1Y0;;;;GBBR;;BB;BB;BOND;02/01/2029;GBBR;BRL;23.489036;BOND;BRL NTNF 010129 STCP;Sovereign;BR;
BRSTNCTD3D35;;;;GBBR;;BB;BB;BOND;;;;;;;Sovereign;BR;
BRSTNCTD2XU6;;;;GBBR;;BB;BB;BOND;;;;;;;Sovereign;BR;
BRSTNCTD36V8;;;;GBBR;;BB;BB;BOND;;;;;;;Sovereign;BR;
BRSTNCTD71H4;;;;GBBR;;BB;BB;BOND;;;;;;;Sovereign;BR;
BRSTNCTD4319;;;;GBBR;;BB;BB;BOND;;;;;;;Sovereign;BR;
BRSTNCTD6VO4;;;;GBBR;;BB;BB;BOND;;;;;;;Sovereign;BR;
BRSTNCTD2QS4;;;;GBBR;;BB;BB;BOND;;;;;;;Sovereign;BR;
BRSTNCTD7627;;;;GBBR;;BB;BB;BOND;;;;;;;Sovereign;BR;
BRSTNCTD35Q0;;;;GBBR;;BB;BB;BOND;;;;;;;Sovereign;BR;
BRSTNCTD46G8;;;;GBBR;;BB;BB;BOND;;;;;;;Sovereign;BR;
BRSTNCTD2PI7;;;;GBBR;;BB;BB;BOND;;;;;;;Sovereign;BR;
BRSTNCTD3WV4;;;;GBBR;;BB;BB;BOND;;;;;;;Sovereign;BR;
BRSTNCNTF1Z7;;;;GBBR;;BB;BB;BOND;02/01/2029;GBBR;BRL;481.244951;BOND;BRL NTNF 010129 STPR;Sovereign;BR;
BRSTNCTD7B17;;;;GBBR;;BB;BB;BOND;;;;;;;Sovereign;BR;
US9127963R87;;;;TSUS;;AAA;AAA;BOND;;;;;;;Sovereign;US;
US9128286A3;;;;TSUS;;NR;;BOND;;;;;;;Sovereign;US;
CBOT US ULTRA 30Y;;;;GBBR;;BB;BB;BOND;;;;;;;Sovereign;BR;
US912796F386;;;;TSUS;;AAA;AAA;BOND;;;;;;;Sovereign;US;
BRVOESDBS073;15/09/2019;;;CROV;A;A;;BOND;;;;;;;Engineering&Construction;BR;
BRCGASDBS028;15/09/2018;;;5G29;AA;AA;;BOND;;;;;;;Gas;BR;
BRCPLDDBS010;27/10/2019;;;01BJ;A;A;;BOND;;;;;;;;;
BRNSECCRI0O2;05/09/2019;;;00NSSD;AA;AA;;BOND;;;;;;;;;
BRIGTADBS031;15/02/2020;;;IEWH;AA;AA;;BOND;;;;;;;;;
BRCMGDDBS033;15/02/2021;;;CEMI;B;B;;BOND;;;;;;;;;
BRDAYCLFIKI2;13/04/2021;;;BE6D;AA;AA;BB;BOND;;;;;;;Banks;BR;
BRDAYCLFIKH4;13/04/2020;;;BE6D;BB;BB;BB;BOND;;;;;;;Banks;BR;
BRVERTCRA088;28/12/2021;;;351H;AA;AA;;BOND;;;;;;;Diversified Finan Serv;BR;
BRVALEDBS085;05/09/2019;;;CV12;AAA;AAA;;BOND;;;;;;;Iron/Steel;BR;
BRVERTCRA0Q7;15/03/2023;;;351H;AAA;AAA;;BOND;;;;;;;Diversified Finan Serv;BR;
BRVERTCRA0W5;17/10/2022;;;351H;AA;AA;;BOND;;;;;;;Diversified Finan Serv;BR;
BRPALFDBS0A2;15/09/2022;;;CPFM;AA;AA;;BOND;;;;;;;Electric;BR;
BRECOACRA671;25/10/2024;;;3I5Z;;NR;;BOND;;;;;;;Diversified Finan Serv;BR;
BRIMWLCRA127;;;;FRIB;AA;AA;BB;BOND;;;;;;;Food;AT;
BRSBSPDBS1S9;;;;CT3Y;AA;AA;BB;BOND;;;;;;;Water;BR;
BRTPNODBS025;;;;WOUP;;NR;;BOND;;;;;;;Electric;BR;
BRTBLEDBS061;15/12/2024;;;53TJ;AA;AA;;BOND;;;;;;;Electric;BR;
BRENBRDBS061;15/09/2024;;;EEHN;AA;AA;;BOND;;;;;;;Electric;BR;
BRRGEGDBS0D6;15/02/2024;;;RGES;AA;AA;;BOND;;;;;;;Electric;BR;
BRRAILDBS035;15/10/2029;;;AC4U;AA;AA;BB;BOND;;;;;;;Transportation;BR;
BRRBRACRI200;;;;RBT2;;NR;;BOND;;;;;;;Diversified Finan Serv;BR;
BRSMTODBS013;;;;SMZQ;AA;AA;;BOND;;;;;;;Energy-Alternate Sources;BR;
BRAPCSCRI9D8;17/04/2031;;;4L6D;AA;AA;;BOND;;;;;;;Diversified Finan Serv;BR;
BRUTPSDBS039;15/10/2036;;;921M;AAA;AAA;;BOND;;;;;;;Electric;BR;
BRTIETDBS051;15/12/2023;;;C3XT;AA;AA;;BOND;;;;;;;Electric;BR;
BRCOCEDBS0D7;15/03/2024;;;5G30;AA;AA;;BOND;;;;;;;Electric;BR;
BRCGASDBS0B7;;;;;AA;AA;;BOND;;;;;;;;;
BRARTRDBS039;15/10/2022;;;OHLB;AA;AA;;BOND;;;;;;;Commercial Services;BR;
BRPNBIDBS009;15/11/2025;;;TQ6B;AA;AA;;BOND;;;;;;;Oil&Gas;BR;
BRCBSCCRA047;15/07/2022;;;J68V;AA;AA;;BOND;;;;;;;Diversified Finan Serv;BR;
BRMRSADBS008;15/03/2024;;;MRSL;AA;AA;BB;BOND;;;;;;;Transportation;BR;
BRRBRACRA0F0;16/03/2026;;;RBT2;AA;AA;;BOND;;;;;;;Diversified Finan Serv;BR;
BRSBSPDBS1E9;15/07/2026;;;CT3Y;AAA;AAA;BB;BOND;;;;;;;Water;BR;
BRHBSCCRI1W4;;;;HEIM;;NR;;BOND;;;;;;;Real Estate;BR;
BRVERTCRA054;;;;351H;;NR;;BOND;;;;;;;Diversified Finan Serv;BR;
BRIMWLCRA1A7;;;;IEG5;;NR;;BOND;;;;;;;;;
BRBZRSCRI098;09/06/2022;;;CBRT;AA;AA;BB;BOND;;;;;;;Real Estate;BR;
BROMGEDBS036;15/05/2027;;;00OGS3;AA;AA;;BOND;;;;;;;Energy-Alternate Sources;BR;
BRCGASDBS069;15/12/2025;;;5G29;;NR;;BOND;;;;;;;Gas;BR;
BRRBRACRA0A1;15/12/2023;;;RBT2;AA;AA;;BOND;;;;;;;Diversified Finan Serv;BR;
BRRBRACRA0B9;18/12/2024;;;RBT2;AA;AA;;BOND;;;;;;;Diversified Finan Serv;BR;
BRSMFTDBS060;20/04/2026;;;7FHK;AA;AA;;BOND;;;;;;;Leisure Time;BR;
BRVERTCRA1Z6;;;;351H;AA;AA;;BOND;;;;;;;Diversified Finan Serv;BR;
BRENERDBS0F4;;;;5D47;AA;AA;;BOND;;;;;;;;;
BRAPCSCRIBX0;;;;DS52;;NR;;BOND;;;;;;;;;
BRCPGTDBS032;;;;CJNQ;;NR;;BOND;;;;;;;;;
BRECOACRA1H1;15/12/2023;;;3I5Z;AAA;AAA;;BOND;;;;;;;Diversified Finan Serv;BR;
BRSNTIDBS021;31/07/2022;;;URRJ;BBB;BBB;;BOND;;;;;;;;;
BREGIEDBS043;15/07/2025;;;53TJ;AA;AA;;BOND;;;;;;;Electric;BR;
BRCMGDDBS090;;;;CEMI;;NR;;BOND;;;;;;;;;
BRLIGHDBS0J4;15/10/2022;;;LSEL;AA;AA;;BOND;;;;;;;Electric;BR;
BRENJGDBS018;15/06/2027;;;00CG0L;AA;AA;;BOND;;;;;;;Energy-Alternate Sources;BR;
BRVERTCRI024;13/03/2026;;;351H;AA;AA;;BOND;;;;;;;Diversified Finan Serv;BR;
BREGIEDBS092;15/07/2026;;;53TJ;AA;AA;;BOND;;;;;;;Electric;BR;
BRRBRACRI3U5;;;;PTVM;;NR;;BOND;;;;;;;;;
BRENGIDBS0Q0;;;;ES4S;AA;AA;;BOND;;;;;;;Alternative Investment;BR;
BROCTSCRA1I2;30/05/2020;;;5NZP;AA;AA;;BOND;;;;;;;;;
BRGAFLCRA097;18/12/2019;;;66VX;AA;AA;;BOND;;;;;;;;;
BRSBSPDBS122;15/01/2020;;;5G26;A;A;;BOND;;;;;;;;;
BRCCRODBS0D2;15/11/2020;;;DDDR;BB;BB;;BOND;;;;;;;;;
BRECOACRA1I9;26/10/1976;;;3I5Z;;NR;;BOND;;;;;;;Diversified Finan Serv;BR;
BRTCPADBS019;15/10/2021;;;TTDD;;NR;;BOND;;;;;;;;;
BRSEDUDBS037;15/03/2021;;;G8IT;AA;AA;;BOND;;;;;;;;;
BRVERTCRA112;16/12/2025;;;CBLH;AA;AA;;BOND;;;;;;;Chemicals;BR;
BRCPGTDBS081;;;;CJNQ;AA;AA;;BOND;;;;;;;;;
BRAALRDBF016;01/09/2022;;;W91Y;AA;AA;;BOND;;;;;;;;;
BRVERTCRA0P9;15/03/2023;;;351H;AAA;AAA;;BOND;;;;;;;Diversified Finan Serv;BR;
BRDASADBS0B2;;;;DDAM;AA;AA;;BOND;;;;;;;;;
BREGIEDBS084;15/07/2029;;;53TJ;AA;AA;;BOND;;;;;;;Electric;BR;
BRVLIMDBS024;;;;VOAE;AA;AA;;BOND;;;;;;;Transportation;BR;
BRBLMNDBS026;15/12/2031;;;1OJX;AA;AA;;BOND;;;;;;;Electric;BR;
BRETAPDBS023;15/09/2025;;;00EETB;AA;AA;;BOND;;;;;;;;;
BRTAEEDBS076;15/10/2024;N;N;TPUJ;;AA;;BOND;;;;;;;Electric;BR;
BRCGASDBS077;15/12/2023;;;5G29;AA;AA;;BOND;;;;;;;Gas;BR;
BRGAFLCRA0U4;13/05/2022;;;66VX;AAA;AAA;;BOND;;;;;;;;;
BRALGTDBS084;17/03/2025;;;5LGQ;AAA;AAA;;BOND;;;;;;;Telecommunications;BR;
BRVPLTDBS024;15/06/2027;;;00CRDJ;AAA;AAA;;BOND;;;;;;;Engineering&Construction;BR;
LF00200075M;;;;BRAD;BB;BB;BB;BOND;;;;;;;Banks;BR;
BRNRTBDBS002;15/09/2026;;;BG7Z;AAA;AAA;;BOND;;;;;;;Electric;BR;
US105756BN96;10/01/2028;N;N;GBBR;BB;BB;BB;BOND;10/01/2028;GBBR;USD;19.5664125;BOND;GLOBAL 28 BRL;Sovereign;BR;
BRLIGHDBS009;15/10/2025;;;LSEL;AA;AA;;BOND;;;;;;;Electric;BR;
BRTIETDBS0D7;15/03/2029;;;C3XT;AA;AA;;BOND;;;;;;;Electric;BR;
BRCCRODBS0K7;;;;8Y9Q;AA;AA;;BOND;;;;;;;Commercial Services;BR;
BRCRBDDBS066;;;;DIKA;AA;AA;;BOND;;;;;;;Transportation;BR;
BRIMWLCRA1W1;;;;LWAI;;NR;;BOND;;;;;;;;;
BRUSASDBS009;;;;3ML2;;NR;;BOND;;;;;;;;;
BRSPRZDBS008;15/09/2030;;;9GBM;AA;AA;;BOND;;;;;;;;;
BRETENDBS053;;;;ES4S;AA;AA;;BOND;;;;;;;Alternative Investment;BR;
BRTSPEDBS017;15/10/2023;;;VQTL;AA;AA;;BOND;;;;;;;;;
BRECOACRA1Z3;15/04/2024;;;3I5Z;AA;AA;;BOND;;;;;;;Diversified Finan Serv;BR;
BRLIGHDBS0P1;;;;LSEL;;NR;;BOND;;;;;;;Electric;BR;
BRUTPSDBS005;;;;921M;;NR;;BOND;;;;;;;Electric;BR;
BRLIGHDBS0M8;;;;LSEL;;NR;;BOND;;;;;;;Electric;BR;
BRTRPLDBS0F6;;;;CCTK;AA;AA;;BOND;;;;;;;Electric;BR;
BRERDVDBS0E8;;;;EQHY;;NR;;BOND;;;;;;;;;
BRTPNODBS017;15/06/2029;;;WOUP;AA;AA;;BOND;;;;;;;Electric;BR;
BRAPCSCRI3B5;15/06/2023;;;IEWH;AA;AA;;BOND;;;;;;;;;
BRRBRACRA0M6;;;;RBT2;;NR;;BOND;;;;;;;Diversified Finan Serv;BR;
BRCEEDDBS019;;;;EES1;;NR;;BOND;;;;;;;Electric;BR;
BRSTENDBS012;15/04/2022;;;SW82;;AA;;BOND;;;;;;;Energy-Alternate Sources;BR;
BRGASMDBS076;;;;C1VD;AA;AA;;BOND;;;;;;;Gas;BR;
BRALGTDBS068;15/03/2023;;;5LGQ;AA;AA;;BOND;;;;;;;Telecommunications;BR;
BREQTNDBS008;15/01/2033;;;00ET7S;AA;AA;;BOND;;;;;;;;;
BRENEVDBS034;15/12/2027;;;NT10;AAA;AAA;;BOND;;;;;;;Electric;BR;
BRCRBDDBS017;15/07/2024;;;DIKA;A;A;;BOND;;;;;;;Transportation;BR;
BRCPTMDBS014;15/07/2022;;;CTUN;BB;BB;;BOND;;;;;;;Telecommunications;BR;
BRUNIDDBS0H2;10/04/2027;;;SEY4;AAA;AAA;;BOND;;;;;;;;;
BRVERTCRA153;15/04/2026;;;SMZQ;AAA;AAA;BBB;BOND;;;;;;;Energy-Alternate Sources;BR;
BREQTRDBS009;;;;00ET8S;AA;AA;;BOND;;;;;;;;;
BRVERTCRA2F6;;;;CBLH;AA;AA;;BOND;;;;;;;Chemicals;BR;
BRVNTTDBS006;15/06/2028;;;9IKR;AA;AA;;BOND;;;;;;;;;
BRIMWLCRA1U5;;;;USF2;AA;AA;;BOND;;;;;;;;;
BRTRIADBS020;15/04/2020;;;T675;BB;BB;;BOND;;;;;;;;;
BRAALRDBF008;01/09/2020;;;W91Y;AA;AA;;BOND;;;;;;;;;
BRCELPDBS018;15/12/2021;;;CJEB;;NR;;BOND;;;;;;;Electric;BR;
BRVIVTDBS069;08/02/2022;;;5TSP;;NR;;BOND;;;;;;;Telecommunications;BR;
BRIVIADBS041;15/10/2019;;;D728;AA;AA;;BOND;;;;;;;;;
BRRDLADBS010;15/07/2020;;;01BO;AA;AA;;BOND;;;;;;;;;
BRENMADBS064;15/10/2021;;;C1LW;;NR;;BOND;;;;;;;;;
BRALUPDBS0A3;15/04/2021;;;B84Z;AA;AA;;BOND;;;;;;;Electric;BR;
BRCMGTDBS062;15/02/2022;;;CGEV;AA;AA;BB;BOND;;;;;;;Electric;BR;
BRLAMEDBS0H1;10/01/2026;;;57AN;AA;AA;BB;BOND;;;;;;;Retail;BR;
BRAGRUDBS014;15/06/2025;;;YAQD;AA;AA;;BOND;;;;;;;;;
BRENGIDBS0P2;;;;ES4S;AA;AA;;BOND;;;;;;;Alternative Investment;BR;
BRIMWLCRIAQ9;;;;MY9H;;NR;;BOND;;;;;;;Home Builders;BR;
BRRBRACRI1X3;15/07/2031;;;RBT2;BB;BB;;BOND;;;;;;;Diversified Finan Serv;BR;
BRECOACRA1S8;;;;KLAB;AA;AA;BB;BOND;;;;;;;Packaging&Containers;BR;
BRESAMDBS030;15/06/2023;;;00EDXR;AA;AA;;BOND;;;;;;;Electric;BR;
BRECOACRA176;29/06/2026;;;3I5Z;BB;BB;;BOND;;;;;;;Diversified Finan Serv;BR;
BRCEADDBS009;15/06/2030;;;00CI08;AA;AA;;BOND;;;;;;;Energy-Alternate Sources;BR;
BREGIEDBS0A5;15/07/2029;;;53TJ;AA;AA;;BOND;;;;;;;Electric;BR;
BRSBSPDBS1J8;;;;CT3Y;AAA;AAA;BB;BOND;;;;;;;Water;BR;
BRIMWLCRA0N2;;;;TAMP;AA;AA;;BOND;;;;;;;Investment Companies;BR;
BRRAILDBS092;;;;AC4U;;BB;BB;BOND;;;;;;;Transportation;BR;
BRCBSCCRI3T1;15/12/2022;;;M1KM;AA;AA;;BOND;;;;;;;Real Estate;BR;
BREGIEDBS027;15/07/2026;;;53TJ;AA;AA;;BOND;;;;;;;Electric;BR;
BREDPTDBS001;15/05/2033;;;00ETS9;AA;AA;;BOND;;;;;;;Electric;BR;
BRENMTDBS0C9;;;;CEMW;AA;AA;;BOND;;;;;;;Electric;BR;
BRENMIDBS018;15/06/2027;;;00CG0M;AA;AA;;BOND;;;;;;;Electric;BR;
BRMRVEDBS0G2;;;;MY9H;;NR;;BOND;;;;;;;Home Builders;BR;
US105756CC23;;;;GBBR;;BB;BB;BOND;;;;;;;Sovereign;BR;
BRRBCSCRI2E8;;;;5PTB;;BB;BB;BOND;;;;;;;Oil&Gas;BR;
BROSECCRA046;22/12/2022;;;OUSESA;AAA;AAA;;BOND;;;;;;;Diversified Finan Serv;BR;
BRTIETDBS0C9;15/03/2029;;;C3XT;AA;AA;;BOND;;;;;;;Electric;BR;
BRCVCBDBS037;18/04/2023;;;H3ZJ;AA;AA;;BOND;;;;;;;Leisure Time;BR;
BRENEVDBS026;15/05/2029;;;NT10;AAA;AAA;;BOND;;;;;;;Electric;BR;
BRNEOEDBS054;15/06/2033;;;OSBE;AA;AA;BB;BOND;;;;;;;Electric;BR;
BRIMWLCRA1I0;;;;00GIUJ;;NR;;BOND;;;;;;;;;
BRALGTDBS0I0;;;;5LGQ;;NR;;BOND;;;;;;;Telecommunications;BR;
BRTAEEDBS0E0;15/07/2025;;;TPUJ;AA;AA;;BOND;;;;;;;Electric;BR;
BRENGIDBS0D8;;;;ES4S;AA;AA;;BOND;;;;;;;Alternative Investment;BR;
BRHBSCCRI2K7;;;;HEIM;;NR;;BOND;;;;;;;Real Estate;BR;
BRELPLDBS100;;;;5TQR;AA;AA;;BOND;;;;;;;Electric;BR;
BRVSTHDBS018;14/12/2027;;;1GQE;AA;AA;;BOND;;;;;;;Energy-Alternate Sources;BR;
BRUNIDDBS0I0;10/04/2029;;;SEY4;AAA;AAA;;BOND;;;;;;;;;
BRSMTODBS021;;;;SMZQ;;NR;;BOND;;;;;;;Energy-Alternate Sources;BR;
DEBELETIPCA;;;;5TRB;AA;AA;BB;BOND;;;;;;;Electric;BR;
BRSULADBS053;15/05/2022;;;SJO7;BB;BB;;BOND;;;;;;;Insurance;BR;
BRBSCSCRI822;15/10/2025;;;5PTB;BB;BB;BB;BOND;;;;;;;Oil&Gas;BR;
BRIMWLCRA0Z6;;;;MUTZ;AA;AA;;BOND;;;;;;;;;
BRENJGDBS000;15/06/2023;;;00CG0L;AA;AA;;BOND;;;;;;;Energy-Alternate Sources;BR;
BRSNGODBS000;15/11/2023;;;8DBU;AA;AA;;BOND;;;;;;;;;
BRIMWLCRA1H2;;;;00GIUJ;;NR;;BOND;;;;;;;;;
BRRBRACRA0V7;;;;NLDL;AA;AA;BB;BOND;;;;;;;Food;BR;
BREQTSDBS007;15/01/2033;;;00ET7S;AA;AA;;BOND;;;;;;;;;
BREGVGDBS009;15/10/2029;;;00EGPQ;AA;AA;;BOND;;;;;;;Energy-Alternate Sources;BR;
BRRESADBS039;16/11/2029;;;DXX1;AAA;AAA;BBB;BOND;;;;;;;Energy-Alternate Sources;BR;
BRCESPDBS2B8;;;;COES;AA;AA;BB;BOND;;;;;;;Electric;BR;
BRTAEEDBS0H3;;;;TPUJ;AA;AA;;BOND;;;;;;;Electric;BR;
BRCHPADBS006;15/03/2029;;;92ZC;BBB;BBB;;BOND;;;;;;;;;
BRODYADBS002;15/09/2031;;;9GBN;AA;AA;;BOND;;;;;;;;;
BRMYPKDBS066;26/03/2023;;;IOCH;AA;AA;;BOND;;;;;;;;;
BRRBRACRA0D5;09/12/2023;;;RBT2;AA;AA;;BOND;;;;;;;Diversified Finan Serv;BR;
BRJTEEDBS002;15/07/2033;;;00JTDG;AA;AA;;BOND;;;;;;;Electric;BR;
BRCVCBDBS045;18/04/2025;;;H3ZJ;BB;BB;;BOND;;;;;;;Leisure Time;BR;
BRRBRACRI5Q8;;;;CBRT;AA;AA;BB;BOND;;;;;;;Real Estate;BR;
BRSVTRDBS033;15/09/2031;;;WUMU;AA;AA;;BOND;;;;;;;Electric;BR;
LF0016003IF;;;;BRCI;;NR;;BOND;;;;;;;;;
BROCTSCRA143;05/11/2019;;;5NZP;AA;AA;;BOND;;;;;;;;;
BRGAFLCRA0O7;31/08/2021;;;66VX;AAA;AAA;;BOND;;;;;;;;;
BRVLOIDBS004;15/08/2021;;;VOAD;AA;AA;;BOND;;;;;;;Commercial Services;BR;
BRVERTCRA047;22/05/2020;;;351H;AA;AA;;BOND;;;;;;;Diversified Finan Serv;BR;
BRTRPLDBS048;15/07/2021;;;CCTK;AA;AA;;BOND;;;;;;;Electric;BR;
BRVERTCRA005;16/12/2020;;;351H;;NR;;BOND;;;;;;;Diversified Finan Serv;BR;
BRMOVIDBS0D8;;;;00MPUM;AA;AA;BB;BOND;;;;;;;Commercial Services;BR;
BRSBSPDBS130;15/01/2023;N;N;5G27;AAA;AAA;;BOND;;;;;;;;;
BRTEPEDBS025;15/05/2025;;;00TPIS;;NR;;BOND;;;;;;;Energy-Alternate Sources;BR;
BRELPLDBS0Y0;;;;5TQR;AA;AA;;BOND;;;;;;;Electric;BR;
BRCGASDBS051;15/12/2022;;;5G29;;NR;;BOND;;;;;;;Gas;BR;
BRRENTDBS0D2;15/05/2024;;;5LRW;AA;AA;BB;BOND;;;;;;;Commercial Services;BR;
BRCSRNDBS085;15/10/2022;;;5DGD;AAA;AAA;BB;BOND;;;;;;;Electric;BR;
LF00200075K;;;;BRAD;BB;BB;BB;BOND;;;;;;;Banks;BR;
BRIMWLCRA0V5;;;;R5OB;;NR;;BOND;;;;;;;;;
BRIMWLCRA1V3;;;;LWAI;;NR;;BOND;;;;;;;;;
BRSAPRDBS0I4;15/03/2027;;;CDUJ;AA;AA;;BOND;;;;;;;Water;BR;
BRANHBDBS0D8;15/07/2022;;;CS4C;AA;AA;;BOND;;;;;;;Commercial Services;BR;
BRRBRACRI549;15/12/2025;;;RBT2;AA;AA;;BOND;;;;;;;Diversified Finan Serv;BR;
BRCBSCCRA0A5;;;;J68V;AA;AA;;BOND;;;;;;;Diversified Finan Serv;BR;
BRVERTCRA0K0;25/10/2022;;;351H;AA;AA;;BOND;;;;;;;Diversified Finan Serv;BR;
BRELETDBS057;15/04/2031;;;5TRB;AAA;AAA;BB;BOND;;;;;;;Electric;BR;
BRSULADBS0A0;27/10/2022;;;SJO7;AA;AA;;BOND;;;;;;;Insurance;BR;
BRCPFPDBS081;15/12/2022;;;C01H;AA;AA;;BOND;;;;;;;Electric;BR;
BRBBDCLTRHZ0;;;;BRAD;BB;BB;BB;BOND;;;;;;;Banks;BR;
BRIMWLCRA168;;;;00IT3J;AA;AA;;BOND;;;;;;;;;
BRVALEDBS069;15/01/2024;;;CV12;AAA;AAA;;BOND;;;;;;;Iron/Steel;BR;
BRETBADBS015;;;;00E03T;AA;AA;;BOND;;;;;;;Electric;BR;
BREGIEDBS076;15/07/2026;;;53TJ;AA;AA;;BOND;;;;;;;Electric;BR;
BRPETRDBS0C2;15/09/2034;;;5PTB;AAA;AAA;BB;BOND;;;;;;;Oil&Gas;BR;
BRRBRACRI9W8;;;;HEP3;AA;AA;;BOND;;;;;;;;;
BRTEPEDBS033;15/08/2025;;;00TPIS;;NR;;BOND;;;;;;;Energy-Alternate Sources;BR;
BRTIETDBS093;;;;C3XT;;NR;;BOND;;;;;;;Electric;BR;
BRSEDUDBS011;15/08/2022;;;G8IT;AA;AA;;BOND;;;;;;;;;
BRVALEDBS0A5;15/08/2022;;;CV12;AAA;AAA;;BOND;;;;;;;Iron/Steel;BR;
BRIMWLCRA119;;;;FRIB;AA;AA;BB;BOND;;;;;;;Food;AT;
BRECOACRA4A0;;;;3I5Z;;NR;;BOND;;;;;;;Diversified Finan Serv;BR;
BRVTSSDBS007;15/06/2024;;;00VDSV;AA;AA;;BOND;;;;;;;;;
BRCOGNDBS079;;;;KES7;AA;AA;;BOND;;;;;;;Commercial Services;BR;
BRCRBDDBS009;15/01/2024;;;DIKA;A;A;;BOND;;;;;;;Transportation;BR;
BRRDVTDBS001;15/06/2028;;;UR87;AA;AA;;BOND;;;;;;;;;
BROMNGDBS011;15/12/2029;;;2O83;AA;AA;;BOND;;;;;;;Energy-Alternate Sources;BR;
BRAPCSCRA0N4;16/07/2029;;;DXX1;AA;AA;;BOND;;;;;;;Energy-Alternate Sources;BR;
BRENGIDBS0O5;;;;ES4S;;NR;;BOND;;;;;;;Alternative Investment;BR;
BRSTENDBS004;27/12/2022;;;SW82;AA;AA;;BOND;;;;;;;Energy-Alternate Sources;BR;
BRTCPADBS027;15/10/2022;;;TTDD;AAA;AAA;;BOND;;;;;;;;;
BRLAMEDBS0E8;15/04/2022;;;57AN;AA;AA;BB;BOND;;;;;;;Retail;BR;
BREGIEDBS019;15/07/2023;;;53TJ;AA;AA;;BOND;;;;;;;Electric;BR;
BRLAMEDBS0G3;20/04/2023;;;57AN;AA;AA;BB;BOND;;;;;;;Retail;BR;
BRAGRUDBS006;15/03/2025;;;YAQD;AA;AA;;BOND;;;;;;;;;
BRVERTCRA1H4;;;;351H;AA;AA;;BOND;;;;;;;Diversified Finan Serv;BR;
BRANHBDBS094;15/10/2018;;;CS4C;BB;BB;;BOND;;;;;;;Commercial Services;BR;
BROCTSCRA1H4;13/04/2020;;;CV15;;NR;;BOND;;;;;;;;;
BRBNDPDBS0C7;15/05/2019;;;BPU8;AA;AA;;BOND;;;;;;;;;
BRCGASDBS036;15/09/2020;;;5G29;AA;AA;;BOND;;;;;;;Gas;BR;
BRGETIDBS082;15/12/2020;;;C3XT;AA;AA;;BOND;;;;;;;Electric;BR;
BROCTSCRA1T9;30/06/2020;;;BCLP;AA;AA;;BOND;;;;;;;;;
BROCTSCRA1G6;19/04/2019;;;CV15;AAA;AAA;;BOND;;;;;;;;;
BRANHBDBS0A4;15/10/2019;;;CS4C;AA;AA;;BOND;;;;;;;Commercial Services;BR;
BRECOACRA1D0;28/08/2020;;;3I5Z;AA;AA;;BOND;;;;;;;Diversified Finan Serv;BR;
BROCTSCRA101;01/10/2018;;;5NZP;AAA;AAA;;BOND;;;;;;;;;
BRECOACRA1G3;17/01/2022;;;3I5Z;;NR;;BOND;;;;;;;Diversified Finan Serv;BR;
BRCPFGDBS072;17/10/2021;;;CGKH;AA;AA;;BOND;;;;;;;Electric;BR;
BRSEDUDBS003;15/08/2020;;;G8IT;AA;AA;;BOND;;;;;;;;;
BRVOESDBS081;15/11/2021;;;CROV;AA;AA;;BOND;;;;;;;Engineering&Construction;BR;
BRKLBNDBS004;19/03/2029;;;KLAB;AAA;AAA;BB;BOND;;;;;;;Packaging&Containers;BR;
BRENGIDBS0L1;;;;ES4S;AA;AA;;BOND;;;;;;;Alternative Investment;BR;
BREKTRDBS0L8;;;;01DU;;NR;;BOND;;;;;;;Electric;BR;
BRRBRACRA0R5;;;;FRIB;AA;AA;BB;BOND;;;;;;;Food;AT;
BRITMGDBS028;15/12/2028;;;7G0E;AA;AA;;BOND;;;;;;;;;
BRCSRNDBS093;15/10/2024;;;5DGD;AAA;AAA;BB;BOND;;;;;;;Electric;BR;
BRFURNDBS019;;;;FCFJ;AAA;AAA;;BOND;;;;;;;Electric;BR;
BRENEVDBS083;;;;NT10;AAA;AAA;;BOND;;;;;;;Electric;BR;
BRANIMDBS032;;;;1H4L;AA;AA;;BOND;;;;;;;;;
BREDITDBS014;15/12/2028;;;00EDXM;AA;AA;;BOND;;;;;;;Electric;BR;
BRVERTCRA1Y9;;;;351H;AA;AA;;BOND;;;;;;;Diversified Finan Serv;BR;
BRBRFSDBS026;;;;PS51;AA;AA;BB;BOND;;;;;;;Food;BR;
BRALGTDBS0E9;;;;5LGQ;AA;AA;;BOND;;;;;;;Telecommunications;BR;
BRELETDBS032;15/05/2029;;;5TRB;AAA;AAA;BB;BOND;;;;;;;Electric;BR;
BRCPFPDBS073;15/02/2024;;;C01H;AA;AA;;BOND;;;;;;;Electric;BR;
BRCPTMDBS006;15/10/2024;;;CTUN;AA;AA;;BOND;;;;;;;Telecommunications;BR;
BRRBRACRI7X0;;;;VCLS;;NR;;BOND;;;;;;;Building Materials;BR;
BRAGRUDBS030;15/12/2025;;;YAQD;AA;AA;;BOND;;;;;;;;;
BRELETDBS024;;;;5TRB;;BB;BB;BOND;;;;;;;Electric;BR;
BRIMWLCRA0P7;;;;00IT3J;AA;AA;;BOND;;;;;;;;;
BRCLAGDBS007;;;;01GN;AAA;AAA;;BOND;;;;;;;;;
BRNCENDBS001;15/12/2025;;;NZRS;AA;AA;;BOND;;;;;;;Electric;BR;
BRRBRACRI4L2;21/11/2032;;;5LRW;AA;AA;BB;BOND;;;;;;;Commercial Services;BR;
BRTBEGDBS004;16/07/2035;;;5NML;AA;AA;;BOND;;;;;;;Energy-Alternate Sources;BR;
BRTOWDBS034;;;;BC2U;AA;AA;BB;BOND;;;;;;;Retail;BR;
BRVERTCRA2C3;;;;PS51;AA;AA;BB;BOND;;;;;;;Food;BR;
BREXTZDBS008;15/01/2029;;;2HYC;AA;AA;;BOND;;;;;;;;;
BREGIEDBS035;15/07/2025;;;53TJ;AA;AA;;BOND;;;;;;;Electric;BR;
BRVERTCRA179;13/06/2026;;;KLAB;AAA;AAA;BB;BOND;;;;;;;Packaging&Containers;BR;
BRCTEEDBS007;15/12/2031;;;00CUKI;AA;AA;;BOND;;;;;;;Energy-Alternate Sources;BR;
BRNEOEDBS047;15/06/2029;;;OSBE;AA;AA;BB;BOND;;;;;;;Electric;BR;
BRENEVDBS018;;;;NT10;;NR;;BOND;;;;;;;Electric;BR;
BRCBSCCRA062;15/07/2025;;;J68V;AA;AA;;BOND;;;;;;;Diversified Finan Serv;BR;
BRENEVDBS091;;;;NT10;AAA;AAA;;BOND;;;;;;;Electric;BR;
BRSBSPDBS1N0;;;;CT3Y;;BB;BB;BOND;;;;;;;Water;BR;
BRRAILDBS076;;;;AC4U;AA;AA;BB;BOND;;;;;;;Transportation;BR;
US105756BT66;05/01/2024;N;N;GBBR;BB;BB;BB;BOND;05/01/2024;GBBR;USD;19.776804;BOND;GLOBAL 24 BRL;Sovereign;BR;
BRECOACRA2B2;;;;KLAB;AAA;AAA;BB;BOND;;;;;;;Packaging&Containers;BR;
BRIMWLCRI9U0;;;;J68V;AA;AA;;BOND;;;;;;;Diversified Finan Serv;BR;
BRPALFDBS0B0;15/09/2024;;;CPFM;AA;AA;;BOND;;;;;;;Electric;BR;
BRAPCSCRA108;;;;PUFU;;NR;;BOND;;;;;;;;;
BRPETRDBS068;15/08/2024;;;5PTB;AA;AA;BB;BOND;;;;;;;Oil&Gas;BR;
BRCCRODBS0E0;15/11/2022;;;8Y9Q;BB;BB;;BOND;;;;;;;Commercial Services;BR;
BRETENDBS046;;;;ES4S;;NR;;BOND;;;;;;;Alternative Investment;BR;
BRBRSTDBS001;15/03/2028;;;00BT8D;A;A;;BOND;;;;;;;Telecommunications;BR;
BRPRTEDBS019;15/03/2028;;;7NEH;AA;AA;;BOND;;;;;;;Electric;BR;
BRCGASDBS0C5;;;;;AA;AA;;BOND;;;;;;;;;
BRAPCSCRIAQ6;;;;SDSA;AA;AA;;BOND;;;;;;;;;
BRBVMFDBS005;01/12/2019;;;4BMF;BB;BB;BB;BOND;;;;;;;Diversified Finan Serv;BR;
BROCTSCRA1Q5;30/07/2019;;;5NZP;A;A;;BOND;;;;;;;;;
BRAPCSCRA058;14/04/2020;;;4L6D;A;A;;BOND;;;;;;;Diversified Finan Serv;BR;
BRVLIMDBS008;15/06/2020;;;VOAD;AA;AA;;BOND;;;;;;;Commercial Services;BR;
BRCCRODBS0A8;15/12/2018;;;DDDR;AA;AA;;BOND;;;;;;;;;
BRRGEGDBS0E4;15/02/2022;;;RGES;AA;AA;;BOND;;;;;;;Electric;BR;
BRECOACRA242;21/07/2021;;;3I5Z;;NR;;BOND;;;;;;;Diversified Finan Serv;BR;
US105756BL31;05/01/2022;;;GBBR;BB;BB;BB;BOND;;;;;;;Sovereign;BR;
BROCTSCRA200;30/06/2019;;;5SYG;AAA;AAA;;BOND;;;;;;;;;
BRCMGTDBS088;10/12/2018;;;CGEV;B;B;BB;BOND;;;;;;;Electric;BR;
BRVIALDBS037;15/04/2020;;;RJ8X;AA;AA;;BOND;;;;;;;;;
BRENBRDBS053;15/09/2021;;;EEHN;AA;AA;;BOND;;;;;;;Electric;BR;
BRECOACRA184;30/06/2025;;;3I5Z;AA;AA;;BOND;;;;;;;Diversified Finan Serv;BR;
BRAPCSCRA0T1;;;;4L6D;AA;AA;;BOND;;;;;;;Diversified Finan Serv;BR;
BRENGIDBS0C0;;;;ES4S;AA;AA;;BOND;;;;;;;Alternative Investment;BR;
BRVERTCRI099;;;;351H;AAA;AAA;;BOND;;;;;;;Diversified Finan Serv;BR;
BRCXERDBS001;15/12/2027;;;675N;AA;AA;;BOND;;;;;;;Energy-Alternate Sources;BR;
BRUNIDDBS0C3;29/09/2022;;;SEY4;AA;AA;;BOND;;;;;;;;;
BRRBCSCRI253;17/02/2023;;;RBT2;AA;AA;;BOND;;;;;;;Diversified Finan Serv;BR;
BRCRBDDBS082;15/07/2034;;;DIKA;AA;AA;;BOND;;;;;;;Transportation;BR;
BRETENDBS004;;;;00ETDE;AA;AA;;BOND;;;;;;;Electric;BR;
BRENGIDBS0S6;;;;ES4S;AA;AA;;BOND;;;;;;;Alternative Investment;BR;
BRRBCSCRI2F5;;;;RBT2;;NR;;BOND;;;;;;;Diversified Finan Serv;BR;
BRRBRACRA082;23/09/2022;;;FI9F;AAA;AAA;;BOND;;;;;;;Forest Products&Paper;BR;
BRCOCEDBS0B1;15/06/2025;;;5G30;AA;AA;;BOND;;;;;;;Electric;BR;
BRCPXBDBS027;15/09/2025;;;00E03G;AA;AA;;BOND;;;;;;;Energy-Alternate Sources;BR;
BRSMFTDBS037;20/04/2024;;;7FHK;AA;AA;;BOND;;;;;;;Leisure Time;BR;
BRVRDNDBS012;15/12/2034;;;V0SN;AA;AA;;BOND;;;;;;;;;
BRRAILDBS050;15/04/2030;;;AC4U;AA;AA;BB;BOND;;;;;;;Transportation;BR;
BRSTENDBS020;15/04/2024;;;SW82;;AA;;BOND;;;;;;;Energy-Alternate Sources;BR;
BRAPCSCRI2U7;03/10/2023;;;4L6D;AA;AA;;BOND;;;;;;;Diversified Finan Serv;BR;
BRTAEEDBS0F7;15/05/2026;;;TPUJ;AA;AA;;BOND;;;;;;;Electric;BR;
BRECOACRA1Y6;18/04/2022;;;3I5Z;AA;AA;;BOND;;;;;;;Diversified Finan Serv;BR;
BRRBRACRA0W5;;;;NLDL;;BB;BB;BOND;;;;;;;Food;BR;
BRECOACRA8B9;;;;58CT;;NR;;BOND;;;;;;;Chemicals;BR;
BRRPTADBS017;15/12/2024;;;DFPO;AA;AA;;BOND;;;;;;;;;
BRSRTIDBS006;;;;2XWL;AA;AA;;BOND;;;;;;;Energy-Alternate Sources;BR;
BRBPCHDBS012;15/11/2026;;;BQ0L;AA;AA;;BOND;;;;;;;;;
BRWDPRDBS007;15/12/2028;;;WIHOSA;AA;AA;;BOND;;;;;;;Energy-Alternate Sources;BR;
BRPALFDBS0C8;15/09/2027;;;CPFM;AA;AA;;BOND;;;;;;;Electric;BR;
BRSBSPDBS1F6;15/07/2029;;;CT3Y;AAA;AAA;BB;BOND;;;;;;;Water;BR;
BRCCRODBS0L5;;;;8Y9Q;AAA;AAA;;BOND;;;;;;;Commercial Services;BR;
BRSMFTDBS086;;;;7FHK;AA;AA;;BOND;;;;;;;Leisure Time;BR;
BRTEPEDBS009;15/11/2025;;;00TPIS;;NR;;BOND;;;;;;;Energy-Alternate Sources;BR;
BRCGASDBS044;15/07/2029;;;5G29;;NR;;BOND;;;;;;;Gas;BR;
BRTRPLDBS089;15/12/2029;;;CCTK;AA;AA;;BOND;;;;;;;Electric;BR;
BRAPCSCRA0U9;;;;4L6D;AA;AA;;BOND;;;;;;;Diversified Finan Serv;BR;
BRCEEBDBS0I9;;;;C3N9;AAA;AAA;BB;BOND;;;;;;;Electric;BR;
BRPETRDBS0B4;15/09/2029;;;5PTB;AAA;AAA;BB;BOND;;;;;;;Oil&Gas;BR;
BRRAILDBS084;;;;AC4U;AA;AA;BB;BOND;;;;;;;Transportation;BR;
BRECOVDBS044;15/04/2024;N;N;CF7A;AAA;AAA;;BOND;;;;;;;Agriculture;BR;
BRODTRDBS006;15/10/2025;;;DIKA;AA;AA;;BOND;;;;;;;Transportation;BR;
BRRBRACRA0E3;17/03/2026;;;RBT2;AA;AA;;BOND;;;;;;;Diversified Finan Serv;BR;
BRRBRACRI9V0;;;;HEP3;AA;AA;;BOND;;;;;;;;;
BRTEPEDBS017;15/02/2025;;;00TPIS;;NR;;BOND;;;;;;;Energy-Alternate Sources;BR;
BRGEPADBS079;16/07/2023;;;DEIZ;BB;BB;;BOND;;;;;;;;;
BRPNBIDBS017;15/11/2025;;;TQ6B;AA;AA;;BOND;;;;;;;Oil&Gas;BR;
BRGASCDBS044;;;;FF10;;NR;;BOND;;;;;;;;;
BRCEPEDBS0G7;;;;OSBE;AAA;AAA;BB;BOND;;;;;;;Electric;BR;
BRENERDBS099;;;;CEMW;AA;AA;;BOND;;;;;;;Electric;BR;
BRERDVDBS052;15/10/2022;;;EQHY;AAA;AAA;;BOND;;;;;;;;;
BRMRSADBS099;15/02/2025;;;MRSL;AAA;AAA;BB;BOND;;;;;;;Transportation;BR;
BRCTBCDBS056;15/05/2022;;;5LGQ;AAA;AAA;;BOND;;;;;;;Telecommunications;BR;
BRENTVDBS008;16/12/2030;;;00ECE1;AA;AA;;BOND;;;;;;;;;
BRMRSADBS0D8;15/03/2024;;;MRSL;AA;AA;BB;BOND;;;;;;;Transportation;BR;
BRAPCSCRA0M6;12/07/2029;;;DXX1;AA;AA;;BOND;;;;;;;Energy-Alternate Sources;BR;
BRECOACRA143;23/06/2020;;;3I5Z;A;A;;BOND;;;;;;;Diversified Finan Serv;BR;
BRVERTCRA0M6;30/06/2021;;;5SYG;AA;AA;;BOND;;;;;;;;;
BRCPGTDBS008;15/05/2020;;;CJNQ;A;A;;BOND;;;;;;;;;
BRECOVDBS036;15/04/2020;;;CF8A;A;A;;BOND;;;;;;;Commercial Services;BR;
BRCTBCDBS064;15/03/2022;;;5LGQ;;NR;;BOND;;;;;;;Telecommunications;BR;
BRAPCSCRA017;23/12/2019;;;4L6D;AA;AA;;BOND;;;;;;;Diversified Finan Serv;BR;
BRECOACRA234;21/07/2020;;;3I5Z;A;A;;BOND;;;;;;;Diversified Finan Serv;BR;
BRNCFPDBS029;23/12/2020;;;00NPS8;A;A;;BOND;;;;;;;Investment Companies;BR;
BRCTBCDBS080;15/03/2024;;;5LGQ;AAA;AAA;;BOND;;;;;;;Telecommunications;BR;
BRPETRDBS001;15/01/2026;;;5PTB;AA;AA;BB;BOND;;;;;;;Oil&Gas;BR;
BRSMFTDBS045;20/04/2026;;;7FHK;AA;AA;;BOND;;;;;;;Leisure Time;BR;
BRENMTDBS0B1;;;;CEMW;;NR;;BOND;;;;;;;Electric;BR;
BRVERTCRA0L8;;;;351H;AA;AA;;BOND;;;;;;;Diversified Finan Serv;BR;
BRRBRACRI4T5;09/03/2023;;;HEP3;AAA;AAA;;BOND;;;;;;;;;
BRECOACRA5P5;;;;3I5Z;;NR;;BOND;;;;;;;Diversified Finan Serv;BR;
BRCOLNDBS053;15/04/2023;;;RWZZ;A;A;;BOND;;;;;;;;;
BRRBRACRA033;15/05/2023;;;RBT2;AA;AA;;BOND;;;;;;;Diversified Finan Serv;BR;
BRRBRACRA074;03/10/2022;;;RBT2;AA;AA;;BOND;;;;;;;Diversified Finan Serv;BR;
BRCGASDBS085;15/10/2024;;;5G29;AA;AA;;BOND;;;;;;;Gas;BR;
BRVERTCRA0X3;15/10/2024;;;351H;AA;AA;;BOND;;;;;;;Diversified Finan Serv;BR;
BRSMFTDBS052;20/04/2024;;;7FHK;AA;AA;;BOND;;;;;;;Leisure Time;BR;
BRMNAUDBS029;;;;AE72;AA;AA;;BOND;;;;;;;;;
BRAGVLDBS015;15/08/2027;N;N;2RZG;;NR;;BOND;;;;;;;;;
BRRPTADBS025;15/12/2024;;;DFPO;B;B;;BOND;;;;;;;;;
BRENMIDBS000;15/06/2023;;;00CG0M;AA;AA;;BOND;;;;;;;Electric;BR;
BRCSMGDBS0I8;;;;C1VT;AA;AA;;BOND;;;;;;;;;
BRIMWLCRA267;;;;FRIB;;BB;BB;BOND;;;;;;;Food;AT;
BRCANTDBS030;15/06/2022;;;AHC9;B;B;;BOND;;;;;;;;;
BRITPEDBS000;15/08/2027;;;C1XI;AA;AA;;BOND;;;;;;;Water;BR;
BRTAEEDBS0G5;15/05/2044;;;TPUJ;AA;AA;;BOND;;;;;;;Electric;BR;
BRTRPLDBS0D1;;;;CCTK;AA;AA;;BOND;;;;;;;Electric;BR;
BRCPREDBS080;15/07/2022;;;EKO5;AA;AA;;BOND;;;;;;;Energy-Alternate Sources;BR;
BRSBSPDBS1M2;;;;CT3Y;;BB;BB;BOND;;;;;;;Water;BR;
BRECOACRA1R0;22/02/2024;;;VOAD;AA;AA;;BOND;;;;;;;Commercial Services;BR;
BRENMADBS072;15/10/2023;;;C1LW;AAA;AAA;;BOND;;;;;;;;;
BRCTGEDBS010;;;;CEDGET;AA;AA;;BOND;;;;;;;Electric;BR;
BRIMWLCRA275;;;;FRIB;;BB;BB;BOND;;;;;;;Food;AT;
BRRBRACRA025;16/05/2022;;;RBT2;AA;AA;;BOND;;;;;;;Diversified Finan Serv;BR;
BRPETRDBS092;15/01/2026;;;5PTB;AA;AA;BB;BOND;;;;;;;Oil&Gas;BR;
BRCBSCCRA054;;;;J68V;AA;AA;;BOND;;;;;;;Diversified Finan Serv;BR;
BRRENTDBS0K7;;;;5LRW;AAA;AAA;BB;BOND;;;;;;;Commercial Services;BR;
BRSPVIDBS030;15/11/2026;;;T9GG;A;A;;BOND;;;;;;;;;
BRVERTCRA104;18/12/2023;;;CBLH;AA;AA;;BOND;;;;;;;Chemicals;BR;
BRCCRODBS0N1;;;;DDDR;AAA;AAA;;BOND;;;;;;;;;
BRTSLEDBS008;15/12/2030;;;YWM2;AA;AA;;BOND;;;;;;;;;
BRCCRODBS0F7;15/11/2024;;;8Y9Q;AA;AA;;BOND;;;;;;;Commercial Services;BR;
BRPETRDBS050;15/08/2022;;;5PTB;AA;AA;BB;BOND;;;;;;;Oil&Gas;BR;
BRESTCDBS056;15/02/2024;;;EPXX;AAA;AAA;;BOND;;;;;;;Commercial Services;BR;
LF00200075I;;;;BRAD;BB;BB;BB;BOND;;;;;;;Banks;BR;
BRNRTBDBS010;15/09/2026;;;BG7Z;AAA;AAA;;BOND;;;;;;;Electric;BR;
BRVERTCRA013;18/12/2023;;;351H;AAA;AAA;;BOND;;;;;;;Diversified Finan Serv;BR;
LF00200075J;;;;BRAD;BB;BB;BB;BOND;;;;;;;Banks;BR;
BRECOACRA8K0;;;;3I5Z;;NR;;BOND;;;;;;;Diversified Finan Serv;BR;
BRTRPLDBS055;15/02/2024;;;CCTK;AA;AA;;BOND;;;;;;;Electric;BR;
BRLIGHDBS0V9;;;;LSEL;AA;AA;;BOND;;;;;;;Electric;BR;
BRVERTCRA161;16/05/2024;;;351H;AA;AA;;BOND;;;;;;;Diversified Finan Serv;BR;
BRCPTEDBS003;11/11/2023;;;C1TT;BB;BB;;BOND;;;;;;;;;
BRRBRACRI4D9;18/09/2024;;;RBT2;AA;AA;;BOND;;;;;;;Diversified Finan Serv;BR;
BRCCRODBS0G5;15/11/2024;;;8Y9Q;BB;BB;;BOND;;;;;;;Commercial Services;BR;
BRVDENDBS010;15/07/2025;;;00V0ES;AA;AA;;BOND;;;;;;;Energy-Alternate Sources;BR;
BRRESADBS054;;;;DXX1;AA;AA;;BOND;;;;;;;Energy-Alternate Sources;BR;
BRLIGHDBS0X5;;;;LSEL;AA;AA;;BOND;;;;;;;Electric;BR;
BRUTPSDBS021;;;;921M;;AAA;;BOND;;;;;;;Electric;BR;
LF00200074O;;;;BRAD;BB;BB;BB;BOND;;;;;;;Banks;BR;
BRVALEDBS051;15/01/2021;;;CV12;;NR;;BOND;;;;;;;Iron/Steel;BR;
BRVALEDBS093;15/08/2020;;;CV12;;NR;;BOND;;;;;;;Iron/Steel;BR;
BRTRPLDBS071;13/04/2020;;;CCTK;AA;AA;;BOND;;;;;;;Electric;BR;
BRDAYCLFISX4;15/03/2022;;;BE6D;AA;AA;BB;BOND;;;;;;;Banks;BR;
BRBRPRDBS019;15/07/2019;;;BPXJ;A;A;BB;BOND;;;;;;;Real Estate;BR;
BRMRSADBS081;15/02/2022;;;MRSL;AAA;AAA;BB;BOND;;;;;;;Transportation;BR;
BRGEPADBS095;20/05/2021;;;DEIZ;BB;BB;;BOND;;;;;;;;;
BRSAMMNPM092;04/12/2018;;;00SSDX;AA;AA;;BOND;;;;;;;;;
BRRDNTDBS073;15/11/2021;;;5RCR;AA;AA;;BOND;;;;;;;Commercial Services;BR;
BRL CRA0170018H;23/09/2020;;;MR9G;AAA;AAA;;BOND;;;;;;;;;
BRENBRDBS079;15/04/2022;;;EEHN;AA;AA;;BOND;;;;;;;Electric;BR;
BRCBSCCRI487;25/05/2023;;;M1KM;AA;AA;;BOND;;;;;;;Real Estate;BR;
BRAGRUDBS048;15/10/2026;;;YAQD;AA;AA;;BOND;;;;;;;;;
BRNASXDBS020;15/08/2024;;;Z7TC;AA;AA;;BOND;;;;;;;;;
BROCTSCRA3A5;;;;5NZP;;NR;;BOND;;;;;;;;;
BRENEVDBS0A9;;;;NT10;AAA;AAA;;BOND;;;;;;;Electric;BR;
BRALGTDBS076;;;;5LGQ;;NR;;BOND;;;;;;;Telecommunications;BR;
US105756CD06;;;;GBBR;;BB;BB;BOND;;;;;;;Sovereign;BR;
BRIMWLCRA0U7;;;;R5OB;AA;AA;;BOND;;;;;;;;;
BRFGENDBS024;15/12/2027;;;I72B;AA;AA;;BOND;;;;;;;;;
BRTAEEDBS0C4;15/09/2024;;;TPUJ;AA;AA;;BOND;;;;;;;Electric;BR;
BRRBRACRA066;17/04/2024;;;RBT2;AA;AA;;BOND;;;;;;;Diversified Finan Serv;BR;
BRVERTCRA187;15/03/2029;;;KLAB;AAA;AAA;BB;BOND;;;;;;;Packaging&Containers;BR;
BREQTRDBS017;15/04/2039;;;00ET8S;AA;AA;;BOND;;;;;;;;;
BRPRASDBS001;15/08/2034;;;00PSHS;AA;AA;A;BOND;;;;;;;Energy-Alternate Sources;BR;
BRIMWLCRA101;;;;MUTZ;AA;AA;;BOND;;;;;;;;;
BRVALEDBS077;15/01/2026;;;CV12;AAA;AAA;;BOND;;;;;;;Iron/Steel;BR;
BRRAILDBS019;15/02/2029;;;AC4U;AAA;AAA;BB;BOND;;;;;;;Transportation;BR;
BRIMWLCRI4C9;;;;4BMF;AA;AA;BB;BOND;;;;;;;Diversified Finan Serv;BR;
BRECOACRA150;23/06/2023;;;3I5Z;AAA;AAA;;BOND;;;;;;;Diversified Finan Serv;BR;
BRDAYCLFISY2;15/03/2023;;;BE6D;AA;AA;BB;BOND;;;;;;;Banks;BR;
BRUNIDDBS0G4;10/04/2024;;;SEY4;AA;AA;;BOND;;;;;;;;;
BRHBSCCRI2D2;21/12/2032;;;KNLZ;AAA;AAA;;BOND;;;;;;;;;
BRTIETDBS0B1;15/03/2027;;;C3XT;AA;AA;;BOND;;;;;;;Electric;BR;
BRECOACRA1C2;;;;3I5Z;AA;AA;;BOND;;;;;;;Diversified Finan Serv;BR;
BRRBRACRA058;19/04/2023;;;RBT2;AA;AA;;BOND;;;;;;;Diversified Finan Serv;BR;
BRPGMNDBS059;;;;EQ7A;AA;AA;;BOND;;;;;;;Retail;BR;
BRECOACRA8A1;;;;58CT;AA;AA;;BOND;;;;;;;Chemicals;BR;
BRALGTDBS0F6;;;;5LGQ;AA;AA;;BOND;;;;;;;Telecommunications;BR;
BRAPCSCRIAP8;;;;SDSA;AA;AA;;BOND;;;;;;;;;
BRETENDBS020;;;;ES4S;AA;AA;;BOND;;;;;;;Alternative Investment;BR;
BRSBSPDBS1B5;;;;CT3Y;AAA;AAA;BB;BOND;;;;;;;Water;BR;
BRSBSPDBS1L4;;;;CT3Y;AA;AA;BB;BOND;;;;;;;Water;BR;
BRHARGDBS003;;;;00HDEO;AAA;AAA;;BOND;;;;;;;Commercial Services;BR;
BRAPCSCRI3D1;15/08/2025;;;J68V;AA;AA;;BOND;;;;;;;Diversified Finan Serv;BR;
BRAPCSCRA0E3;21/01/2025;;;RBT2;AA;AA;;BOND;;;;;;;Diversified Finan Serv;BR;
BRIGSNDBS044;;;;00ISWU;AA;AA;;BOND;;;;;;;Water;BR;
BRENMTDBS0D7;;;;CEMW;;NR;;BOND;;;;;;;Electric;BR;
BRSBSPDBS1K6;;;;CT3Y;AAA;AAA;BB;BOND;;;;;;;Water;BR;
BRLIGHDBS0U1;;;;LSEL;AA;AA;;BOND;;;;;;;Electric;BR;
BRRAILDBS068;;;;AC4U;AA;AA;BB;BOND;;;;;;;Transportation;BR;
BRAPCSCRI9N7;13/04/2028;;;DEOX;;NR;;BOND;;;;;;;Real Estate;BR;
BRCOGNDBS087;;;;KES7;;NR;;BOND;;;;;;;Commercial Services;BR;
BRCELPDBS026;15/12/2023;;;CJEB;AAA;AAA;;BOND;;;;;;;Electric;BR;
BRAGRUDBS022;15/09/2025;;;YAQD;AA;AA;;BOND;;;;;;;;;
BRTAEEDBS0M3;;;;TPUJ;AA;AA;;BOND;;;;;;;Electric;BR;
BRENGIDBS0T4;;;;ES4S;AA;AA;;BOND;;;;;;;Alternative Investment;BR;
USL0R80QAA10;13/07/2035;N;N;00C1JH;;NR;;BOND;;;;;;;;;
BRSTNCLTN7V5;;;;GBBR;BB;BB;BB;BOND;01/10/2022;GBBR;BRL;941.3333;BOND;BRL LTN 011022;Sovereign;BR;
BRL LTN 010423;;;;GBBR;BB;BB;BB;BOND;;;;;;;Sovereign;BR;
BRSTNCLTN7O0;01/07/2022;;;GBBR;BB;BB;BB;BOND;01/07/2022;GBBR;BRL;971.329041;BOND;BRL LTN 010722;Sovereign;BR;
BRSTNCNTB5E7;;;;GBBR;;BB;BB;BOND;15/02/2039;GBBR;BRL;46.023764;BOND;BRL NTNB 150239 STCP;Sovereign;BR;
BRSTNCNTB1Z1;15/05/2030;;;GBBR;BB;BB;BB;BOND;15/05/2030;GBBR;BRL;74.816888;BOND;BRL NTNB 150530 STCP;Sovereign;BR;
BRSTNCNTB5A5;;;;GBBR;;BB;BB;BOND;15/02/2037;GBBR;BRL;51.375622;BOND;BRL NTNB 150237 STCP;Sovereign;BR;
BRSTNCNTB1W8;15/11/2028;;;GBBR;BB;BB;BB;BOND;16/11/2028;GBBR;BRL;81.088749;BOND;BRL NTNB 151128 STCP;Sovereign;BR;
BRSTNCNTB252;15/05/2033;;;GBBR;BB;BB;BB;BOND;16/05/2033;GBBR;BRL;63.178432;BOND;BRL NTNB 150533 STCP;Sovereign;BR;
BRSTNCNTB2M7;15/11/2041;;;GBBR;BB;BB;BB;BOND;18/11/2041;GBBR;BRL;39.171648;BOND;BRL NTNB 151141 STCP;Sovereign;BR;
BRSTNCNTB500;;;;GBBR;;BB;BB;BOND;15/02/2032;GBBR;BRL;67.710873;BOND;BRL NTNB 150232 STCP;Sovereign;BR;
BRSTNCNTB450;15/02/2024;;;GBBR;BB;BB;BB;BOND;15/02/2024;GBBR;BRL;103.883335;BOND;BRL NTNB 150224 STCP;Sovereign;BR;
BRSTNCNTB1T4;15/05/2027;;;GBBR;BB;BB;BB;BOND;17/05/2027;GBBR;BRL;88.118864;BOND;BRL NTNB 150527 STCP;Sovereign;BR;
BRSTNCNTB4G5;15/08/2028;;;GBBR;BB;BB;BB;BOND;15/08/2028;GBBR;BRL;82.201813;BOND;BRL NTNB 150828 STCP;Sovereign;BR;
BRSTNCNTB4E0;15/08/2027;;;GBBR;BB;BB;BB;BOND;16/08/2027;GBBR;BRL;86.883165;BOND;BRL NTNB 150827 STCP;Sovereign;BR;
BRSTNCNTB2T2;15/05/2045;;;GBBR;BB;BB;BB;BOND;15/05/2045;GBBR;BRL;31.460334;BOND;BRL NTNB 150545 STCP;Sovereign;BR;
BRSTNCNTB2S4;15/11/2044;;;GBBR;BB;BB;BB;BOND;16/11/2044;GBBR;BRL;32.477476;BOND;BRL NTNB 151144 STCP;Sovereign;BR;
BRSTNCNTB666;;;;GBBR;;BB;BB;BOND;15/08/2040;GBBR;BRL;1430.656025;BOND;BRL NTNB 150840 STPR;Sovereign;BR;
BRSTNCNTB674;;;;GBBR;BB;BB;BB;BOND;15/08/2032;GBBR;BRL;4064.819776;BOND;BRL NTNB 150832;Sovereign;BR;
BRSTNCNTB674;;;;GBBR;BB;BB;BB;BOND;15/08/2032;GBBR;BRL;4064.819775;BOND;BRL NTNB 150832;Sovereign;BR;
BRSTNCLF1R65;;;;GBBR;BB;BB;BB;BOND;01/03/2027;GBBR;BRL;11416.33695;BOND;BRL LFT 010327;Sovereign;BR;
BRSTNCNTB2F1;15/05/2038;;;GBBR;BB;BB;BB;BOND;17/05/2038;GBBR;BRL;47.965792;BOND;BRL NTNB 150538 STCP;Sovereign;BR;
BRSTNCNTB4C4;15/08/2026;;;GBBR;BB;BB;BB;BOND;17/08/2026;GBBR;BRL;91.771822;BOND;BRL NTNB 150826 STCP;Sovereign;BR;
BRSTNCNTB2J3;15/05/2040;;;GBBR;BB;BB;BB;BOND;15/05/2040;GBBR;BRL;42.957294;BOND;BRL NTNB 150540 STCP;Sovereign;BR;
BRSTNCNTB1H9;15/05/2021;;;GBBR;BB;BB;BB;BOND;;;;;;;Sovereign;BR;
BRSTNCNTB4A8;15/08/2025;;;GBBR;BB;BB;BB;BOND;15/08/2025;GBBR;BRL;96.508129;BOND;BRL NTNB 150825 STCP;Sovereign;BR;
BRSTNCNTB1K3;15/11/2022;;;GBBR;BB;BB;BB;BOND;16/11/2022;GBBR;BRL;110.38777;BOND;BRL NTNB 151122 STCP;Sovereign;BR;
BRSTNCNTB2C8;15/11/2036;;;GBBR;BB;BB;BB;BOND;17/11/2036;GBBR;BRL;52.097682;BOND;BRL NTNB 151136 STCP;Sovereign;BR;
BRSTNCNTB245;15/11/2032;;;GBBR;BB;BB;BB;BOND;16/11/2032;GBBR;BRL;64.91459;BOND;BRL NTNB 151132 STCP;Sovereign;BR;
BRSTNCNTB1M9;15/11/2023;;;GBBR;BB;BB;BB;BOND;16/11/2023;GBBR;BRL;105.088412;BOND;BRL NTNB 151123 STCP;Sovereign;BR;
BRSTNCNTB2H7;15/05/2039;;;GBBR;BB;BB;BB;BOND;16/05/2039;GBBR;BRL;45.417525;BOND;BRL NTNB 150539 STCP;Sovereign;BR;
BRSTNCNTB1U2;15/11/2027;;;GBBR;BB;BB;BB;BOND;16/11/2027;GBBR;BRL;85.702601;BOND;BRL NTNB 151127 STCP;Sovereign;BR;
BRSTNCNTB286;15/11/2034;;;GBBR;BB;BB;BB;BOND;16/11/2034;GBBR;BRL;58.205745;BOND;BRL NTNB 151134 STCP;Sovereign;BR;
BRSTNCNTB1Y4;15/11/2029;;;GBBR;BB;BB;BB;BOND;16/11/2029;GBBR;BRL;76.818415;BOND;BRL NTNB 151129 STCP;Sovereign;BR;
BRSTNCNTF212;;;;GBBR;BB;BB;BB;BOND;01/01/2033;GBBR;BRL;928.179121;BOND;BRL NTNF 010133;Sovereign;BR;
BRSTNCNTB1S6;15/11/2026;;;GBBR;BB;BB;BB;BOND;16/11/2026;GBBR;BRL;90.53765;BOND;BRL NTNB 151126 STCP;Sovereign;BR;
BRSTNCNTB443;15/08/2023;;;GBBR;BB;BB;BB;BOND;15/08/2023;GBBR;BRL;107.850335;BOND;BRL NTNB 150823 STCP;Sovereign;BR;
BRSTNCNTB526;;;;GBBR;;BB;BB;BOND;15/02/2033;GBBR;BRL;64.005915;BOND;BRL NTNB 150233 STCP;Sovereign;BR;
BRSTNCNTB575;;;;GBBR;;BB;BB;BOND;15/08/2035;GBBR;BRL;55.87547;BOND;BRL NTNB 150835 STCP;Sovereign;BR;
BRSTNCLF1RD2;;;;GBBR;BB;BB;BB;BOND;01/09/2025;GBBR;BRL;11479.91979;BOND;BRL LFT 010925;Sovereign;BR;
BRSTNCLTN7Q5;;;;GBBR;BB;BB;BB;BOND;01/07/2023;GBBR;BRL;862.258242;BOND;BRL LTN 010723;Sovereign;BR;
BRSTNCLTN7W3;;;;GBBR;BB;BB;BB;BOND;01/07/2024;GBBR;BRL;779.581675;BOND;BRL LTN 010724;Sovereign;BR;
BRSTNCLTN7T9;;;;GBBR;BB;BB;BB;BOND;01/04/2022;GBBR;BRL;999.562798;BOND;BRL LTN 010422;Sovereign;BR;
BRSTNCLTN7P7;;;;GBBR;BB;BB;BB;BOND;;;;;;;Sovereign;BR;
BRSTNCNTB2G9;15/11/2038;;;GBBR;BB;BB;BB;BOND;16/11/2038;GBBR;BRL;46.645421;BOND;BRL NTNB 151138 STCP;Sovereign;BR;
BRSTNCNTB2B0;15/05/2036;;;GBBR;BB;BB;BB;BOND;15/05/2036;GBBR;BRL;53.631764;BOND;BRL NTNB 150536 STCP;Sovereign;BR;
BRSTNCNTB2E4;15/11/2037;;;GBBR;BB;BB;BB;BOND;16/11/2037;GBBR;BRL;49.30169;BOND;BRL NTNB 151137 STCP;Sovereign;BR;
BRSTNCNTB468;15/08/2024;;;GBBR;BB;BB;BB;BOND;15/08/2024;GBBR;BRL;101.418638;BOND;BRL NTNB 150824 STCP;Sovereign;BR;
BRSTNCNTB211;15/05/2031;;;GBBR;BB;BB;BB;BOND;15/05/2031;GBBR;BRL;70.71643;BOND;BRL NTNB 150531 STCP;Sovereign;BR;
BRSTNCNTB4B6;15/02/2026;;;GBBR;BB;BB;BB;BOND;18/02/2026;GBBR;BRL;94.063399;BOND;BRL NTNB 150226 STCP;Sovereign;BR;
BRSTNCNTB237;15/05/2032;;;GBBR;BB;BB;BB;BOND;17/05/2032;GBBR;BRL;66.752774;BOND;BRL NTNB 150532 STCP;Sovereign;BR;
BRSTNCNTB1N7;15/05/2024;;;GBBR;BB;BB;BB;BOND;15/05/2024;GBBR;BRL;102.672692;BOND;BRL NTNB 150524 STCP;Sovereign;BR;
BRSTNCNTB1I7;15/11/2021;;;GBBR;BB;BB;BB;BOND;;;;;;;Sovereign;BR;
BRSTNCNTB518;;;;GBBR;;BB;BB;BOND;15/08/2032;GBBR;BRL;65.793344;BOND;BRL NTNB 150832 STCP;Sovereign;BR;
BRSTNCNTB435;15/02/2023;;;GBBR;BB;BB;BB;BOND;15/02/2023;GBBR;BRL;108.800084;BOND;BRL NTNB 150223 STCP;Sovereign;BR;
BRSTNCNTB1G1;15/11/2020;;;GBBR;BB;BB;BB;BOND;;;;;;;Sovereign;BR;
BRSTNCNTB260;15/11/2033;;;GBBR;BB;BB;BB;BOND;16/11/2033;GBBR;BRL;61.462043;BOND;BRL NTNB 151133 STCP;Sovereign;BR;
BRSTNCNTB5G2;;;;GBBR;;BB;BB;BOND;15/02/2040;GBBR;BRL;43.344039;BOND;BRL NTNB 150240 STCP;Sovereign;BR;
BRSTNCNTB5D9;;;;GBBR;;BB;BB;BOND;15/08/2038;GBBR;BRL;47.290522;BOND;BRL NTNB 150838 STCP;Sovereign;BR;
BRSTNCLTN7N2;;;;GBBR;BB;BB;BB;BOND;01/01/2025;GBBR;BRL;740.934634;BOND;BRL LTN 010125;Sovereign;BR;
BRSTNCLTN7Y9;;;;GBBR;BB;BB;BB;BOND;01/04/2024;GBBR;BRL;798.628656;BOND;BRL LTN 010424;Sovereign;BR;
BRSTNCNTB2K1;15/11/2040;;;GBBR;BB;BB;BB;BOND;16/11/2040;GBBR;BRL;41.691871;BOND;BRL NTNB 151140 STCP;Sovereign;BR;
BRSTNCNTB567;;;;GBBR;;BB;BB;BOND;15/02/2035;GBBR;BRL;57.440789;BOND;BRL NTNB 150235 STCP;Sovereign;BR;
BRSTNCNTB4H3;;;;GBBR;;BB;BB;BOND;15/02/2029;GBBR;BRL;80.025383;BOND;BRL NTNB 150229 STCP;Sovereign;BR;
BRSTNCNTB492;15/02/2025;;;GBBR;BB;BB;BB;BOND;17/02/2025;GBBR;BRL;98.883138;BOND;BRL NTNB 150225 STCP;Sovereign;BR;
BRSTNCNTB2Q8;15/11/2043;;;GBBR;BB;BB;BB;BOND;16/11/2043;GBBR;BRL;34.585816;BOND;BRL NTNB 151143 STCP;Sovereign;BR;
BRSTNCNTB4I1;;;;GBBR;;BB;BB;BOND;15/08/2029;GBBR;BRL;77.872865;BOND;BRL NTNB 150829 STCP;Sovereign;BR;
BRSTNCNTB427;15/08/2022;;;GBBR;BB;BB;BB;BOND;15/08/2022;GBBR;BRL;113.830948;BOND;BRL NTNB 150822 STCP;Sovereign;BR;
BRSTNCNTB682;;;;GBBR;BB;BB;BB;BOND;15/05/2027;GBBR;BRL;4086.297206;BOND;BRL NTNB 150527;Sovereign;BR;
BRSTNCNTB682;;;;GBBR;BB;BB;BB;BOND;15/05/2027;GBBR;BRL;4086.297205;BOND;BRL NTNB 150527;Sovereign;BR;
BRSTNCNTB4K7;;;;GBBR;;BB;BB;BOND;15/08/2030;GBBR;BRL;73.771881;BOND;BRL NTNB 150830 STCP;Sovereign;BR;
BRSTNCNTB2P0;15/05/2043;;;GBBR;BB;BB;BB;BOND;15/05/2043;GBBR;BRL;35.699485;BOND;BRL NTNB 150543 STCP;Sovereign;BR;
BRSTNCNTF170;02/01/2025;;;GBBR;BB;BB;BB;BOND;02/01/2025;GBBR;BRL;990.996771;BOND;BRL NTNF 010125;Sovereign;BR;
BRSTNCNTF204;;;;GBBR;BB;BB;BB;BOND;01/01/2031;GBBR;BRL;940.830723;BOND;BRL NTNF 010131;Sovereign;BR;
BRSTNCLF1RH3;;;;GBBR;BB;BB;BB;BOND;01/09/2027;GBBR;BRL;11401.93759;BOND;BRL LFT 010927;Sovereign;BR;
BRSTNCLF1RH3;;;;GBBR;BB;BB;BB;BOND;01/09/2027;GBBR;BRL;11401.93762;BOND;BRL LFT 010927;Sovereign;BR;
BRSTNCNTB4Z5;;;;GBBR;;BB;BB;BOND;15/08/2031;GBBR;BRL;69.684278;BOND;BRL NTNB 150831 STCP;Sovereign;BR;
BRSTNCNTB1P2;15/05/2025;;;GBBR;BB;BB;BB;BOND;15/05/2025;GBBR;BRL;97.763942;BOND;BRL NTNB 150525 STCP;Sovereign;BR;
BRSTNCNTB559;;;;GBBR;;BB;BB;BOND;15/08/2034;GBBR;BRL;59.006477;BOND;BRL NTNB 150834 STCP;Sovereign;BR;
BRSTNCNTB5H0;;;;GBBR;;BB;BB;BOND;15/08/2040;GBBR;BRL;42.294484;BOND;BRL NTNB 150840 STCP;Sovereign;BR;
BRSTNCNTB4F7;15/02/2028;;;GBBR;BB;BB;BB;BOND;15/02/2028;GBBR;BRL;84.482125;BOND;BRL NTNB 150228 STCP;Sovereign;BR;
BRSTNCNTB4D2;15/02/2027;;;GBBR;BB;BB;BB;BOND;15/02/2027;GBBR;BRL;89.339579;BOND;BRL NTNB 150227 STCP;Sovereign;BR;
BRSTNCNTB203;15/11/2030;;;GBBR;BB;BB;BB;BOND;18/11/2030;GBBR;BRL;72.678703;BOND;BRL NTNB 151130 STCP;Sovereign;BR;
BRSTNCNTB1O5;15/11/2024;;;GBBR;BB;BB;BB;BOND;18/11/2024;GBBR;BRL;100.113366;BOND;BRL NTNB 151124 STCP;Sovereign;BR;
BRSTNCNTB2D6;15/05/2037;;;GBBR;BB;BB;BB;BOND;15/05/2037;GBBR;BRL;50.708484;BOND;BRL NTNB 150537 STCP;Sovereign;BR;
BRSTNCNTB0K5;;;;GBBR;;BB;BB;BOND;15/08/2024;GBBR;BRL;3430.593593;BOND;BRL NTNB 150824 STPR;Sovereign;BR;
BRSTNCNTB1J5;15/05/2022;;;GBBR;BB;BB;BB;BOND;16/05/2022;GBBR;BRL;115.020994;BOND;BRL NTNB 150522 STCP;Sovereign;BR;
BRSTNCNTB2I5;15/11/2039;;;GBBR;BB;BB;BB;BOND;16/11/2039;GBBR;BRL;44.160527;BOND;BRL NTNB 151139 STCP;Sovereign;BR;
BRSTNCNTB2N5;15/05/2042;;;GBBR;BB;BB;BB;BOND;15/05/2042;GBBR;BRL;38.01604;BOND;BRL NTNB 150542 STCP;Sovereign;BR;
BRSTNCNTB690;;;;GBBR;BB;BB;BB;BOND;15/08/2060;GBBR;BRL;4128.248051;BOND;BRL NTNB 150860;Sovereign;BR;
BRSTNCLF1RE0;;;;GBBR;BB;BB;BB;BOND;01/03/2026;GBBR;BRL;11464.1852;BOND;BRL LFT 010326;Sovereign;BR;
BRSTNCLF1RE0;;;;GBBR;BB;BB;BB;BOND;01/03/2026;GBBR;BRL;11464.18523;BOND;BRL LFT 010326;Sovereign;BR;
BRSTNCLF1RF7;;;;GBBR;BB;BB;BB;BOND;01/09/2026;GBBR;BRL;11457.30205;BOND;BRL LFT 010926;Sovereign;BR;
BRSTNCLF1RC4;;;;GBBR;BB;BB;BB;BOND;01/03/2025;GBBR;BRL;11487.69549;BOND;BRL LFT 010325;Sovereign;BR;
BRSTNCLTN7D3;;;;GBBR;BB;BB;BB;BOND;01/01/2023;GBBR;BRL;913.463613;BOND;BRL LTN 010123;Sovereign;BR;
BRSTNCLF0008;01/09/2024;;;GBBR;BB;BB;BB;BOND;02/09/2024;GBBR;BRL;11494.84018;BOND;BRL LFT 010924;Sovereign;BR;
BRSTNCNTB4J9;;;;GBBR;;BB;BB;BOND;15/02/2030;GBBR;BRL;75.778243;BOND;BRL NTNB 150230 STCP;Sovereign;BR;
BRSTNCNTB633;;;;GBBR;BB;BB;BB;BOND;15/05/2025;GBBR;BRL;4045.680049;BOND;BRL NTNB 150525;Sovereign;BR;
BRSTNCNTB633;;;;GBBR;BB;BB;BB;BOND;15/05/2025;GBBR;BRL;4045.680048;BOND;BRL NTNB 150525;Sovereign;BR;
BRSTNCNTB2O3;15/11/2042;;;GBBR;BB;BB;BB;BOND;17/11/2042;GBBR;BRL;36.799997;BOND;BRL NTNB 151142 STCP;Sovereign;BR;
BRSTNCNTB229;15/11/2031;;;GBBR;BB;BB;BB;BOND;17/11/2031;GBBR;BRL;68.651657;BOND;BRL NTNB 151131 STCP;Sovereign;BR;
BRSTNCNTB4Y8;;;;GBBR;;BB;BB;BOND;15/02/2031;GBBR;BRL;71.650325;BOND;BRL NTNB 150231 STCP;Sovereign;BR;
BRSTNCNTB542;;;;GBBR;;BB;BB;BOND;15/02/2034;GBBR;BRL;60.601697;BOND;BRL NTNB 150234 STCP;Sovereign;BR;
BRSTNCNTB625;;;;GBBR;;BB;BB;BOND;15/08/2028;GBBR;BRL;2780.563987;BOND;BRL NTNB 150828 STPR;Sovereign;BR;
BRSTNCNTB1X6;15/05/2029;;;GBBR;BB;BB;BB;BOND;15/05/2029;GBBR;BRL;78.975962;BOND;BRL NTNB 150529 STCP;Sovereign;BR;
BRSTNCNTB401;15/08/2021;;;GBBR;BB;BB;BB;BOND;;;;;;;Sovereign;BR;
US912828XL95;02/01/2020;;;TSUS;AA;AA;AAA;BOND;;;;;;;Sovereign;US;
BRSTNCLTN7R3;;;;GBBR;BB;BB;BB;BOND;;;;;;;Sovereign;BR;
BRSTNCNTB3Z7;15/02/2021;;;GBBR;BB;BB;BB;BOND;;;;;;;Sovereign;BR;
BRSTNCNTB591;;;;GBBR;;BB;BB;BOND;15/08/2036;GBBR;BRL;52.865014;BOND;BRL NTNB 150836 STCP;Sovereign;BR;
BRSTNCNTB2A2;15/11/2035;;;GBBR;BB;BB;BB;BOND;16/11/2035;GBBR;BRL;55.10105;BOND;BRL NTNB 151135 STCP;Sovereign;BR;
BRSTNCNTB5F4;;;;GBBR;;BB;BB;BOND;15/08/2039;GBBR;BRL;44.779669;BOND;BRL NTNB 150839 STCP;Sovereign;BR;
BRSTNCLF1RI1;;;;GBBR;BB;BB;BB;BOND;01/03/2028;GBBR;BRL;11394.88178;BOND;BRL LFT 010328;Sovereign;BR;
BRSTNCLTN7S1;;;;GBBR;BB;BB;BB;BOND;01/01/2024;GBBR;BRL;818.993035;BOND;BRL LTN 010124;Sovereign;BR;
BRSTNCLTN7Z6;;;;GBBR;BB;BB;BB;BOND;01/07/2025;GBBR;BRL;703.653778;BOND;BRL LTN 010725;Sovereign;BR;
BRSTNCNTB278;15/05/2034;;;GBBR;BB;BB;BB;BOND;15/05/2034;GBBR;BRL;59.844176;BOND;BRL NTNB 150534 STCP;Sovereign;BR;
BRSTNCNTB1R8;15/05/2026;;;GBBR;BB;BB;BB;BOND;15/05/2026;GBBR;BRL;92.966002;BOND;BRL NTNB 150526 STCP;Sovereign;BR;
BRSTNCNTB583;;;;GBBR;;BB;BB;BOND;15/02/2036;GBBR;BRL;54.337363;BOND;BRL NTNB 150236 STCP;Sovereign;BR;
BRSTNCNTB534;;;;GBBR;;BB;BB;BOND;15/08/2033;GBBR;BRL;62.307572;BOND;BRL NTNB 150833 STCP;Sovereign;BR;
BRSTNCNTB1L1;15/05/2023;;;GBBR;BB;BB;BB;BOND;15/05/2023;GBBR;BRL;107.662922;BOND;BRL NTNB 150523 STCP;Sovereign;BR;
BRSTNCNTB1Q0;15/11/2025;;;GBBR;BB;BB;BB;BOND;17/11/2025;GBBR;BRL;95.249501;BOND;BRL NTNB 151125 STCP;Sovereign;BR;
BRSTNCNTB5B3;;;;GBBR;;BB;BB;BOND;15/08/2037;GBBR;BRL;49.983527;BOND;BRL NTNB 150837 STCP;Sovereign;BR;
BRSTNCNTB2L9;15/05/2041;;;GBBR;BB;BB;BB;BOND;15/05/2041;GBBR;BRL;40.458735;BOND;BRL NTNB 150541 STCP;Sovereign;BR;
BRSTNCNTB294;15/05/2035;;;GBBR;BB;BB;BB;BOND;15/05/2035;GBBR;BRL;56.685885;BOND;BRL NTNB 150535 STCP;Sovereign;BR;
BRSTNCNTB1V0;15/05/2028;;;GBBR;BB;BB;BB;BOND;15/05/2028;GBBR;BRL;83.389358;BOND;BRL NTNB 150528 STCP;Sovereign;BR;
BRSTNCNTB2R6;15/05/2044;;;GBBR;BB;BB;BB;BOND;16/05/2044;GBBR;BRL;33.529121;BOND;BRL NTNB 150544 STCP;Sovereign;BR;
BRSTNCNTB419;15/02/2022;;;GBBR;BB;BB;BB;BOND;;;;;;;Sovereign;BR;
BRSTNCNTB5C1;;;;GBBR;;BB;BB;BOND;15/08/2038;GBBR;BRL;47.290522;BOND;BRL NTNB 150238 STCP;Sovereign;BR;
