﻿ISIN;avg_daily_traded_volume;currency
BRSTNCNTA015;753563;EUR
BRSTNCLTN7O0;228936955.4;BRL
BRSTNCLTN7V5;326419891.4;BRL
BRSTNCLTN7D3;677709179;BRL
BRSTNCLTN7X1;21084224.13;BRL
BRSTNCLTN7Q5;841480977.8;BRL
BRSTNCLTN7S1;435574119.3;BRL
BRSTNCLTN7Y9;159483898.8;BRL
BRSTNCLTN7W3;104682298.4;BRL
BRSTNCLTN7N2;512407639;BRL
BRSTNCLTN7Z6;224635734.9;BRL
BRSTNCNTF147;267549451.1;BRL
BRSTNCNTF170;76568584.03;BRL
BRSTNCNTF1P8;181173293;BRL
BRSTNCNTF1Q6;156075427.2;BRL
BRSTNCNTF204;146212824.4;BRL
BRSTNCNTF212;34230315.53;BRL
BRSTNCNTC0K4;2756818.52;BRL
BRSTNCNTB3Y0;1004058047;BRL
BRSTNCNTB4O9;903496307.7;BRL
BRSTNCNTB096;542630364.5;BRL
BRSTNCNTB633;437499062.7;BRL
BRSTNCNTB4U6;614789869.9;BRL
BRSTNCNTB682;178127494.4;BRL
BRSTNCNTB4X0;288854997.2;BRL
BRSTNCNTB3B8;239357325.6;BRL
BRSTNCNTB674;28228276.86;BRL
BRSTNCNTB0O7;168366301.7;BRL
BRSTNCNTB3C6;66239717.42;BRL
BRSTNCNTB0A6;53631603.51;BRL
BRSTNCNTB3D4;99508603.1;BRL
BRSTNCNTB4Q4;87131269.46;BRL
BRSTNCNTB690;23840564.18;BRL
