﻿Id_type;Id;Market percentaje;Type
Sector;Consumer- Non-cyclical;30.00%;BOND
Sector;Financial;30.00%;BOND
Sector;Energy;30.00%;BOND
Sector;Utilities;30.00%;BOND
Sector;Communications;30.00%;BOND
Sector;Consumer- Cyclical;30.00%;BOND
Sector;Basic Materials;30.00%;BOND
Sector;Industrial;30.00%;BOND
Sector;Others;30.00%;BOND
Sector;Government-LTN;30.00%;BOND
Sector;Government-LFT;30.00%;BOND
Sector;Government-NTNF;30.00%;BOND
Sector;Government-NTNC;30.00%;BOND
Sector;Government-NTNB;30.00%;BOND
Sector;Government-NTNA;30.00%;BOND
