Type;Issuer/ISIN;ID;price_quotation;Nominal_ISIN;Precio AC;lot_size_ISIN;Capital_factor_ISIN;intragroup_flag_issuer;is_covered;industry;country;parent_company;region;ISIN rating;issuer_rating;instrument_type;Flag Default;Issuer;Traded volume;Market percentaje;Currency;portfolio;book;desk;entity;Maturity;Volatility
BOND;ISIN;BRSTNCNTA015;;;;;;;;Sovereign;BR;;Lat.Amer;BB;;;;GBBR;;;;;;;;;
BOND;ISIN;BRPNBIDBS009;;;;;;;;Energy;BR;;Lat.Amer;;;;;ALLLBZ;;;;;;;;;
BOND;ISIN;BRRAILDBS019;;;;;;;;Industrial;BR;;Lat.Amer;AAA;KO;;;CPFEBZ;;;;;;;;;
BOND;ISIN;BRTIETDBS051;;;;;;;;Utilities;BR;;Lat.Amer;;;;;ECOABZ;;;;;;;;;
BOND;ISIN;BRCPREDBS080;;;;;;;;Energy;BR;;Lat.Amer;AAA;KO;;;RBCSBZ;;;;;;;;;
BOND;ISIN;BRECOACRA1Z3;;;;;;;;Financial;BR;;Lat.Amer;;;;;RBCSBZ;;;;;;;;;
BOND;ISIN;BRECOACRA150;;;;;;;;Financial;BR;;Lat.Amer;AAA;KO;;;TAEEBZ;;;;;;;;;
BOND;ISIN;BRRBRACRA058;;;;;;;;Financial;BR;;Lat.Amer;AAA;KO;;;TAEEBZ;;;;;;;;;
BOND;ISIN;BRRBRACRA0A1;;;;;;;;Financial;BR;;Lat.Amer;AAA;KO;;;LIGTBZ;;;;;;;;;
BOND;ISIN;BRVERTCRA0K0;;;;;;;;Financial;BR;;Lat.Amer;;;;;LIGTBZ;;;;;;;;;
BOND;ISIN;BRTAEEDBS0E0;;;;;;;;Utilities;BR;;Lat.Amer;BBB;BBB;;;CTEEP;;;;;;;;;
BOND;ISIN;BRTAEEDBS0C4;;;;;;;;Utilities;BR;;Lat.Amer;AAA;BBB;;;CTEEP;;;;;;;;;
BOND;ISIN;BRJTEEDBS002;;;;;;;;Utilities;BR;;Lat.Amer;;;;;SVPRBZ;;;;;;;;;
BOND;ISIN;BRLIGHDBS0J4;;;;;;;;Utilities;BR;;Lat.Amer;AA;BB;;;ECORBZ;;;;;;;;;
BOND;ISIN;BRLIGHDBS009;;;;;;;;Utilities;BR;;Lat.Amer;AA;BB;;;CSRN;;;;;;;;;
BOND;ISIN;BRTRPLDBS071;;;;;;;;Utilities;BR;;Lat.Amer;AAA;KO;;;WDPRBZ;;;;;;;;;
BOND;ISIN;BRTRPLDBS055;;;;;;;;Utilities;BR;;Lat.Amer;AAA;KO;;;COELCE;;;;;;;;;
BOND;ISIN;BRBPCHDBS012;;;;;;;;Utilities;BR;;Lat.Amer;;;;;COELCE;;;;;;;;;
BOND;ISIN;BRSVTRDBS033;;;;;;;;Utilities;BR;;Lat.Amer;AAA;KO;;;TREB;;;;;;;;;
BOND;ISIN;BRECOVDBS044;;;;;;;;Consumer- Non-cyclical;BR;;Lat.Amer;AAA;KO;;;TREB;;;;;;;;;
BOND;ISIN;BRCSRNDBS085;;;;;;;;Utilities;BR;;Lat.Amer;AAA;BB;;;VALEBZ;;;;;;;;;
BOND;ISIN;BRWDPRDBS007;;;;;;;;Energy;BR;;Lat.Amer;AAA;KO;;;PETBRA;;;;;;;;;
BOND;ISIN;BRCOCEDBS0B1;;;;;;;;Utilities;BR;;Lat.Amer;AAA;KO;;;PETBRA;;;;;;;;;
BOND;ISIN;BRCOCEDBS0D7;;;;;;;;Utilities;BR;;Lat.Amer;AAA;KO;;;PRASBZ;;;;;;;;;
BOND;ISIN;BREGIEDBS035;;;;;;;;Utilities;BR;;Lat.Amer;AAA;BBB;;;EMTRBR;;;;;;;;;
BOND;ISIN;BREGIEDBS043;;;;;;;;Utilities;BR;;Lat.Amer;AAA;BBB;;;EDTEBZ;;;;;;;;;
BOND;ISIN;BRVALEDBS0A5;;;;;;;;Basic Materials;BR;;Lat.Amer;AAA;BBB;;;CGASBZ;;;;;;;;;
BOND;ISIN;BRPETRDBS092;;;;;;;;Energy;BR;;Lat.Amer;AA;BB;;;CCROBZ;;;;;;;;;
BOND;ISIN;BRPETRDBS001;;;;;;;;Energy;BR;;Lat.Amer;AA;BB;;;CESPBZ;;;;;;;;;
BOND;ISIN;BRITPEDBS000;;;;;;;;Utilities;BR;;Lat.Amer;;;;;PETBRA;;;;;;;;;
BOND;ISIN;BRPRASDBS001;;;;;;;;Energy;BR;;Lat.Amer;AAA;KO;;;ISECBZ;;;;;;;;;
BOND;ISIN;BRETBADBS015;;;;;;;;Utilities;BR;;Lat.Amer;AAA;KO;;;SBSPBZ;;;;;;;;;
BOND;ISIN;BREDITDBS014;;;;;;;;Utilities;BR;;Lat.Amer;AAA;KO;;;#N/A Invalid Security Corp;;;;;;;;;
BOND;ISIN;BRCGASDBS0C5;;;;;;;;Utilities;BR;;Lat.Amer;BBB;BBB;;;FURNAS;;;;;;;;;
BOND;ISIN;BRCCRODBS0N1;;;;;;;;Consumer- Non-cyclical;BR;;Lat.Amer;AAA;KO;;;ENGIBZ;;;;;;;;;
BOND;ISIN;BRSTNCNTA015;;;;;;;;#N/A Invalid Security Corp;BR;;Lat.Amer;;;;;RAILBZ;;;;;;;;;
BOND;ISIN;BRCESPDBS2B8;;;;;;;;Utilities;BR;;Lat.Amer;AAA;BB;;;#N/A Invalid Security Corp;;;;;;;;;
BOND;ISIN;BRPETRDBS0B4;;;;;;;;Energy;BR;;Lat.Amer;AAA;BB;;;RBCSBZ;;;;;;;;;
BOND;ISIN;BRIMWLCRI9U0;;;;;;;;Financial;BR;;Lat.Amer;BBB;KO;;;ELEBRA;;;;;;;;;
BOND;ISIN;BRSBSPDBS1J8;;;;;;;;Utilities;BR;;Lat.Amer;AAA;BB;;;APICBZ;;;;;;;;;
BOND;ISIN;BRIMWLCRA1U5;;;;;;;;#N/A Invalid Security Corp;BR;;Lat.Amer;BBB;KO;;;TIBABZ;;;;;;;;;
BOND;ISIN;BRFURNDBS019;;;;;;;;Utilities;BR;;Lat.Amer;AAA;KO;;;RAILBZ;;;;;;;;;
BOND;ISIN;BRENGIDBS0Q0;;;;;;;;Utilities;BR;;Lat.Amer;BB;BB;;;SBSPBZ;;;;;;;;;
BOND;ISIN;BRRAILDBS035;;;;;;;;Industrial;BR;;Lat.Amer;AAA;BB;;;RAILBZ;;;;;;;;;
BOND;ISIN;BRVERTCRA2C3;;;;;;;;#N/A Invalid Security Corp;BR;;Lat.Amer;BB;KO;;;MPXESA;;;;;;;;;
BOND;ISIN;BRENMADBS072;;;;;;;;#N/A Invalid Security Corp;BR;;Lat.Amer;;;;;PETBRA;;;;;;;;;
BOND;ISIN;BRVERTCRA2F6;;;;;;;;Financial;BR;;Lat.Amer;;;;;RBCSBZ;;;;;;;;;
BOND;ISIN;BRRBRACRI4D9;;;;;;;;Financial;BR;;Lat.Amer;AAA;KO;;;CTEEP;;;;;;;;;
BOND;ISIN;BRELETDBS057;;;;;;;;Utilities;BR;;Lat.Amer;AAA;BB;;;ENTRBR;;;;;;;;;
BOND;ISIN;BRAPCSCRA0N4;;;;;;;;Financial;BR;;Lat.Amer;AAA;KO;;;APICBZ;;;;;;;;;
BOND;ISIN;BRCCRODBS0K7;;;;;;;;Consumer- Non-cyclical;BR;;Lat.Amer;;;;;CTBON;;;;;;;;;
BOND;ISIN;BRCPGTDBS081;;;;;;;;Utilities;BR;;Lat.Amer;;;;;APICBZ;;;;;;;;;
BOND;ISIN;BRTBEGDBS004;;;;;;;;Energy;BR;;Lat.Amer;AAA;KO;;;ENGIBZ;;;;;;;;;
BOND;ISIN;BRRAILDBS084;;;;;;;;Industrial;BR;;Lat.Amer;AAA;BB;;;APICBZ;;;;;;;;;
BOND;ISIN;BRSBSPDBS1E9;;;;;;;;Utilities;BR;;Lat.Amer;AAA;BB;;;BRSTBZ;;;;;;;;;
BOND;ISIN;BRRAILDBS076;;;;;;;;Industrial;BR;;Lat.Amer;AAA;BB;;;TREB;;;;;;;;;
BOND;ISIN;BRENEVDBS083;;;;;;;;Utilities;BR;;Lat.Amer;AAA;KO;;;VERTBZ;;;;;;;;;
BOND;ISIN;BRVERTCRA104;;;;;;;;Financial;BR;;Lat.Amer;;;;;RBCSBZ;;;;;;;;;
BOND;ISIN;BRPETRDBS0C2;;;;;;;;Energy;BR;;Lat.Amer;AAA;BB;;;PAMESA;;;;;;;;;
BOND;ISIN;BRVERTCRA112;;;;;;;;#N/A Invalid Security Corp;BR;;Lat.Amer;;;;;VERTBZ;;;;;;;;;
BOND;ISIN;BRRBRACRA0F0;;;;;;;;Financial;BR;;Lat.Amer;AAA;KO;;;RAILBZ;;;;;;;;;
BOND;ISIN;BRTRPLDBS0D1;;;;;;;;Utilities;BR;;Lat.Amer;AAA;KO;;;CEPEBZ;;;;;;;;;
BOND;ISIN;BRETENDBS053;;;;;;;;Utilities;BR;;Lat.Amer;BBB;KO;;;COLOBZ;;;;;;;;;
BOND;ISIN;BRAPCSCRIAQ6;;;;;;;;Financial;BR;;Lat.Amer;BB;KO;;;EKTRBZ;;;;;;;;;
BOND;ISIN;BRALGTDBS0F6;;;;;;;;Communications;BR;;Lat.Amer;BBB;KO;;;VLIMBZ;;;;;;;;;
BOND;ISIN;BRAPCSCRI3B5;;;;;;;;Financial;BR;;Lat.Amer;AAA;KO;;;KROTBZ;;;;;;;;;
BOND;ISIN;BRENGIDBS0P2;;;;;;;;Utilities;BR;;Lat.Amer;AAA;BB;;;VERTBZ;;;;;;;;;
BOND;ISIN;BRAPCSCRI2U7;;;;;;;;Financial;BR;;Lat.Amer;AAA;KO;;;VERTBZ;;;;;;;;;
BOND;ISIN;BRBRSTDBS001;;;;;;;;Communications;BR;;Lat.Amer;A;KO;;;HARGBZ;;;;;;;;;
BOND;ISIN;BREGIEDBS084;;;;;;;;Utilities;BR;;Lat.Amer;AAA;BBB;;;APICBZ;;;;;;;;;
BOND;ISIN;BRVERTCRA179;;;;;;;;Financial;BR;;Lat.Amer;AAA;KO;;;MPXESA;;;;;;;;;
BOND;ISIN;BRRBRACRA0D5;;;;;;;;Financial;BR;;Lat.Amer;AAA;KO;;;SBSPBZ;;;;;;;;;
BOND;ISIN;BRPGMNDBS059;;;;;;;;Consumer- Cyclical;BR;;Lat.Amer;AA;KO;;;VERTBZ;;;;;;;;;
BOND;ISIN;BRVERTCRA161;;;;;;;;Financial;BR;;Lat.Amer;AA;KO;;;ENGIBZ;;;;;;;;;
BOND;ISIN;BRRAILDBS068;;;;;;;;Industrial;BR;;Lat.Amer;AAA;BB;;;RBCSBZ;;;;;;;;;
BOND;ISIN;BRCEPEDBS0G7;;;;;;;;Utilities;BR;;Lat.Amer;AAA;BB;;;APICBZ;;;;;;;;;
BOND;ISIN;BRCLAGDBS007;;;;;;;;Consumer- Non-cyclical;BR;;Lat.Amer;AAA;KO;;;ELPLBZ;;;;;;;;;
BOND;ISIN;BREKTRDBS0L8;;;;;;;;Utilities;BR;;Lat.Amer;BBB;KO;;;CTEEP;;;;;;;;;
BOND;ISIN;BRVLIMDBS024;;;;;;;;Industrial;BR;;Lat.Amer;BBB;KO;;;CTGEBZ;;;;;;;;;
BOND;ISIN;BRCOGNDBS079;;;;;;;;Consumer- Non-cyclical;BR;;Lat.Amer;AA;KO;;;CEELET;;;;;;;;;
BOND;ISIN;BRVERTCRA1Z6;;;;;;;;Financial;BR;;Lat.Amer;AA;KO;;;GNAN;;;;;;;;;
BOND;ISIN;BRVERTCRA1H4;;;;;;;;Financial;BR;;Lat.Amer;AAA;KO;;;RAIZBZ;;;;;;;;;
BOND;ISIN;BRCBSCCRA047;;;;;;;;Financial;BR;;Lat.Amer;;;;;LIGTBZ;;;;;;;;;
BOND;ISIN;BRHARGDBS003;;;;;;;;Consumer- Non-cyclical;BR;;Lat.Amer;AAA;KO;;;CIBRBZ;;;;;;;;;
BOND;ISIN;BRRBRACRI5Q8;;;;;;;;Financial;BR;;Lat.Amer;;;;;CEEB;;;;;;;;;
BOND;ISIN;BRAPCSCRIAP8;;;;;;;;Financial;BR;;Lat.Amer;BB;KO;;;NBTEBZ;;;;;;;;;
BOND;ISIN;BRENEVDBS034;;;;;;;;Utilities;BR;;Lat.Amer;AAA;KO;;;;;;;;;;;;
BOND;ISIN;BRSBSPDBS1S9;;;;;;;;Utilities;BR;;Lat.Amer;BB;BB;;;;;;;;;;;;
BOND;ISIN;BRVERTCRA187;;;;;;;;Financial;BR;;Lat.Amer;AAA;KO;;;;;;;;;;;;
BOND;ISIN;BRENGIDBS0L1;;;;;;;;Utilities;BR;;Lat.Amer;AAA;BB;;;;;;;;;;;;
BOND;ISIN;BRRBRACRA0E3;;;;;;;;Financial;BR;;Lat.Amer;AAA;KO;;;;;;;;;;;;
BOND;ISIN;BRAPCSCRA0T1;;;;;;;;Financial;BR;;Lat.Amer;AAA;KO;;;;;;;;;;;;
BOND;ISIN;BRELPLDBS100;;;;;;;;Utilities;BR;;Lat.Amer;BBB;KO;;;;;;;;;;;;
BOND;ISIN;BRTRPLDBS0F6;;;;;;;;Utilities;BR;;Lat.Amer;BBB;KO;;;;;;;;;;;;
BOND;ISIN;BRCTGEDBS010;;;;;;;;Utilities;BR;;Lat.Amer;AA;KO;;;;;;;;;;;;
BOND;ISIN;BRENMTDBS0C9;;;;;;;;Utilities;BR;;Lat.Amer;BBB;KO;;;;;;;;;;;;
BOND;ISIN;BRCTBCDBS080;;;;;;;;#N/A Invalid Security Corp;BR;;Lat.Amer;;;;;;;;;;;;;;
BOND;ISIN;BRNEOEDBS054;;;;;;;;Utilities;BR;;Lat.Amer;AA;BB;;;;;;;;;;;;
BOND;ISIN;BRRESADBS039;;;;;;;;Energy;BR;;Lat.Amer;AAA;BBB;;;;;;;;;;;;
BOND;ISIN;BRCSMGDBS0I8;;;;;;;;Utilities;BR;;Lat.Amer;;;;;;;;;;;;;;
BOND;ISIN;BRLIGHDBS0X5;;;;;;;;Utilities;BR;;Lat.Amer;AA;KO;;;;;;;;;;;;
BOND;ISIN;BRCBSCCRA054;;;;;;;;Financial;BR;;Lat.Amer;AAA;KO;;;;;;;;;;;;
BOND;ISIN;BRCEEBDBS0I9;;;;;;;;Utilities;BR;;Lat.Amer;AAA;BB;;;;;;;;;;;;
BOND;ISIN;BRNRTBDBS010;;;;;;;;Utilities;BR;;Lat.Amer;AAA;KO;;;;;;;;;;;;
