﻿ISIN;volatility;;;;
BRSTNCTD2VI5;48.469582;;;;
BRTIETDBS0B1;27.732577;;;;
BRENBRDBS061;19.635436;;;;
PP28012022;16.499487;;;;
BRODYADBS002;11.678473;;;;
BRCEADDBS009;10.443558;;;;
BREXTZDBS008;7.764930;;;;
BRAGRUDBS048;2.595681;;;;
USL0R80QAA10;0.497836;;;;
US105756BV13;0.094628;;;;
TB076636;0.079357;;;;
BRSBSPDBS130;0.074054;;;;
BRSTNCCSC2A5;0.072244;;;;
BRENBRDBS053;0.070206;;;;
BRVIVTDBS069;0.065899;;;;
BRLAMEDBS0E8;0.062994;;;;
BRSEDUDBS011;0.062994;;;;
BRAALRDBF016;0.062994;;;;
BRUNIDDBS0C3;0.062994;;;;
BRARTRDBS039;0.062994;;;;
BRMYPKDBS066;0.062994;;;;
BRCTBCDBS056;0.061885;;;;
BRRBRACRA0M6;0.061699;;;;
BRENBRDBS079;0.061348;;;;
BRBZRSCRI098;0.060838;;;;
BRVERTCRA0W5;0.058750;;;;
BRTCPADBS027;0.056799;;;;
BRCGASDBS051;0.055720;;;;
DEBCCRIPCA;0.055323;;;;
BRNOOSCRI094;0.046236;;;;
BRTAEEDBS076;0.032209;;;;
BRSTENDBS004;0.031228;;;;
BRAPCSCRI2U7;0.028991;;;;
BRSTNCCFTIS2;0.028867;;;;
BREGIEDBS019;0.026721;;;;
BRVALEDBS069;0.026232;;;;
BRENJGDBS000;0.024449;;;;
BRENMIDBS000;0.023544;;;;
BRRBCSCRI2E8;0.023078;;;;
BRGAFLCRA0A6;0.022995;;;;
BRCRBDDBS009;0.021347;;;;
BRSTENDBS012;0.021070;;;;
BRSTNCCFTCE5;0.020618;;;;
BRIMWLCRA101;0.018065;;;;
BRSTNCNTA015;0.017891;;;;
BRSTNCCFTD27;0.017617;;;;
BRSTNCCFTHL9;0.017587;;;;
BRRBCSCRI2P4;0.017160;;;;
BRCMGDDBS041;0.016811;;;;
BRSTNCCFTE34;0.016113;;;;
BRRBRACRI549;0.015983;;;;
BRCRBDDBS066;0.015752;;;;
BRLAMEDBS0H1;0.015662;;;;
DEBCCR2IPCA;0.015507;;;;
BRRBCSCRI253;0.015310;;;;
XS0339380122;0.014689;;;;
BRSTNCCFTBY5;0.014524;;;;
BRSAIPDBS000;0.014400;;;;
BRRDVTDBS001;0.014190;;;;
BRCRBDDBS082;0.014099;;;;
BRCPTEDBS003;0.013946;;;;
BRUTPSDBS039;0.013840;;;;
BRSTNCCFTB29;0.013693;;;;
BRSTNCCFTK77;0.012855;;;;
BRSTNCCFT256;0.012782;;;;
BRSTNCCFTB11;0.012236;;;;
BRSTNCCFTLZ1;0.012119;;;;
US105756BT66;0.012060;;;;
BRSTNCNTF212;0.011559;;;;
BRSTNCCFTAK6;0.011436;;;;
BRCRBDDBS017;0.011207;;;;
BREGVGDBS009;0.011170;;;;
BRCOCEDBS0B1;0.010937;;;;
BRLIGHDBS0X5;0.010061;;;;
BRSTNCNTB2T2;0.009984;;;;
BRSTNCNTB2U0;0.009984;;;;
US105756BN96;0.009954;;;;
BRSTNCNTB666;0.009821;;;;
BRSTNCNTB5H0;0.009800;;;;
BRSTNCNTB2S4;0.009765;;;;
BRSTNCNTB5G2;0.009596;;;;
BRSTNCNTB2R6;0.009574;;;;
BRSTNCNTB2Q8;0.009416;;;;
BRSTNCNTB5F4;0.009348;;;;
US105756BL31;0.009326;;;;
BRSTNCNTB2P0;0.009282;;;;
BRSTNCNTF1Y0;0.009236;;;;
BRSTNCNTF1Z7;0.009236;;;;
BREDPTDBS001;0.009230;;;;
BRSTNCNTB2O3;0.009180;;;;
BRSTNCNTB5E7;0.009149;;;;
BRSTNCNTB2N5;0.009097;;;;
BRSTNCNTB2M7;0.009044;;;;
BRSTNCNTB2L9;0.009011;;;;
BRSTNCNTB2K1;0.009000;;;;
BRSTNCNTB5C1;0.008962;;;;
BRSTNCNTB5D9;0.008962;;;;
BRSTNCNTB2J3;0.008899;;;;
BRSTNCNTB2I5;0.008704;;;;
BRSTNCNTF1X2;0.008681;;;;
BRSTNCNTB5B3;0.008632;;;;
BRSTNCNTB2H7;0.008521;;;;
BRSTNCNTB5A5;0.008494;;;;
BRSTNCNTB591;0.008367;;;;
BRSTNCNTB2G9;0.008357;;;;
BRSTNCNTB583;0.008265;;;;
BRSTNCNTB2F1;0.008203;;;;
BRSTNCNTF1W4;0.008188;;;;
BRSTNCNTB575;0.008180;;;;
BREQTRDBS009;0.008163;;;;
BREQTRDBS017;0.008163;;;;
BRSTNCNTB2E4;0.008080;;;;
BRSTNCNTF1Q6;0.008065;;;;
BRSTNCNTB567;0.007996;;;;
BRSTNCNTB2D6;0.007970;;;;
BRSTNCNTB2C8;0.007883;;;;
BRSTNCNTB2B0;0.007813;;;;
BRSTNCNTB2A2;0.007770;;;;
BRSTNCNTB3E2;0.007746;;;;
BRSTNCNTB294;0.007746;;;;
BRSTNCNTB559;0.007700;;;;
BRSVTRDBS033;0.007682;;;;
BRSTNCNTC0K4;0.007561;;;;
BRSTNCNTF1V6;0.007512;;;;
BRSTNCNTB286;0.007472;;;;
BRIMWLCRA119;0.007418;;;;
BRSTNCNTB542;0.007413;;;;
BRENMADBS064;0.007372;;;;
BRENTVDBS008;0.007330;;;;
BRRBRACRI200;0.007311;;;;
BRPETRDBS0C2;0.007269;;;;
BRSTNCNTB690;0.007207;;;;
BRSTNCNTB278;0.007192;;;;
DEBCCR2CDI;0.007169;;;;
BRSTNCNTB534;0.007120;;;;
BRVSTHDBS018;0.007106;;;;
BRSTNCNTB4Q4;0.007098;;;;
BRSTNCNTF1P8;0.007039;;;;
BRENEVDBS0A9;0.007003;;;;
BRSTNCNTB260;0.006928;;;;
BRSTNCNTF204;0.006925;;;;
BRSTNCNTB3D4;0.006922;;;;
BRSTNCNTF1U8;0.006912;;;;
BRIMWLCRA127;0.006870;;;;
BRRPTADBS017;0.006847;;;;
BRSTNCNTB526;0.006843;;;;
BRJTEEDBS002;0.006809;;;;
BRAGRUDBS006;0.006782;;;;
BREGIEDBS0A5;0.006690;;;;
BRSTNCNTB252;0.006662;;;;
BREGIEDBS084;0.006658;;;;
BRVRDNDBS012;0.006620;;;;
BRCGASDBS0B7;0.006570;;;;
BRSTNCNTB518;0.006568;;;;
BRTAEEDBS0G5;0.006555;;;;
BRSBSPDBS1B5;0.006497;;;;
BRTAEEDBS0H3;0.006469;;;;
BRSTNCNTB245;0.006408;;;;
BRAPCSCRI3D1;0.006367;;;;
BRSTNCNTB3C6;0.006360;;;;
BRSTNCNTB0A6;0.006344;;;;
BRSTNCNTF1T0;0.006323;;;;
BRAPCSCRA0M6;0.006321;;;;
BRSTNCNTB500;0.006303;;;;
DEBCOMGASIPCA2;0.006163;;;;
BRSTNCNTB237;0.006161;;;;
BRRAILDBS076;0.006153;;;;
BRCGASDBS0C5;0.006101;;;;
BRSTNCNTB4Z5;0.006043;;;;
BRSTNCNTB0O7;0.005976;;;;
BRIMWLCRA0N2;0.005949;;;;
BRVERTCRA0X3;0.005933;;;;
BRSTNCNTB229;0.005926;;;;
BRCPGTDBS081;0.005872;;;;
BRSTNCNTF1S2;0.005824;;;;
BRNRTBDBS010;0.005811;;;;
BRSTNCNTF170;0.005810;;;;
BRSTNCNTB4Y8;0.005797;;;;
BRETENDBS053;0.005797;;;;
BRNRTBDBS002;0.005792;;;;
BRENGIDBS0P2;0.005730;;;;
BRESAMDBS030;0.005724;;;;
BRENMTDBS0C9;0.005699;;;;
BREGIEDBS092;0.005689;;;;
BRSTNCNTB211;0.005685;;;;
BREGIEDBS076;0.005616;;;;
BRSBSPDBS1K6;0.005566;;;;
BRIGSNDBS044;0.005507;;;;
BRSTNCNTB203;0.005470;;;;
BRRBRACRA0V7;0.005470;;;;
BRRENTDBS0K7;0.005441;;;;
BRVTSSDBS007;0.005436;;;;
BRTRPLDBS089;0.005424;;;;
BRSTNCNTB4K7;0.005414;;;;
BRBTOWDBS034;0.005390;;;;
BRTRPLDBS0D1;0.005375;;;;
BRTBEGDBS004;0.005346;;;;
BREGIEDBS043;0.005304;;;;
BRENEVDBS083;0.005282;;;;
BRSTNCNTB4J9;0.005280;;;;
BRAGRUDBS014;0.005271;;;;
BRRAILDBS068;0.005265;;;;
BRRESADBS039;0.005260;;;;
BRBSCSCRI830;0.005256;;;;
BRVALEDBS085;0.005245;;;;
BRENEVDBS091;0.005229;;;;
BRRESADBS054;0.005227;;;;
BRVERTCRA187;0.005223;;;;
BRSTNCNTB1Z1;0.005223;;;;
BRENMADBS072;0.005223;;;;
BRVERTCRA1H4;0.005185;;;;
BRELETDBS057;0.005181;;;;
BRODTRDBS006;0.005162;;;;
BRALGTDBS0F6;0.005158;;;;
BRSTNCNTF006;0.005145;;;;
BRLAMEDBS0G3;0.005135;;;;
BRLIGHDBS0U1;0.005129;;;;
BRRBRACRA0R5;0.005122;;;;
BRAPCSCRA0U9;0.005110;;;;
BRIMWLCRA0Z6;0.005109;;;;
BRSTNCNTB674;0.005101;;;;
BRVERTCRA1Z6;0.005090;;;;
BRNEOEDBS047;0.005083;;;;
BRAGRUDBS022;0.005079;;;;
BRNEOEDBS054;0.005076;;;;
BRPETRDBS092;0.005058;;;;
BRAPCSCRA0N4;0.005037;;;;
BRTIETDBS0D7;0.005034;;;;
BRSTNCNTB4I1;0.005026;;;;
BRSBSPDBS1F6;0.005026;;;;
BRVERTCRA2C3;0.005023;;;;
BRCOGNDBS079;0.005006;;;;
BRSTNCNTB1Y4;0.004987;;;;
XS0242491313;0.004972;;;;
BRRAILDBS035;0.004969;;;;
BRIMWLCRI4C9;0.004953;;;;
BRCESPDBS2B8;0.004941;;;;
BRRAILDBS084;0.004911;;;;
BRSBSPDBS1J8;0.004907;;;;
BRRAILDBS050;0.004907;;;;
BRPETRDBS0B4;0.004887;;;;
BREGIEDBS027;0.004872;;;;
BRCPTMDBS006;0.004866;;;;
BRRBRACRI9W8;0.004856;;;;
BRTRPLDBS0F6;0.004850;;;;
BRHARGDBS003;0.004840;;;;
BRLIGHDBS009;0.004818;;;;
BRCGASDBS069;0.004814;;;;
BRL CRA BRF CDI;0.004790;;;;
BRSTNCNTB4H3;0.004790;;;;
BRAGRUDBS030;0.004779;;;;
BRVALEDBS077;0.004776;;;;
BRSTNCNTB1X6;0.004760;;;;
BRGASMDBS076;0.004739;;;;
BRRBRACRI1X3;0.004736;;;;
BRNCENDBS001;0.004733;;;;
BRENGIDBS0L1;0.004730;;;;
BREQTNDBS008;0.004727;;;;
BREQTSDBS007;0.004722;;;;
BRCELPDBS026;0.004711;;;;
BRAPCSCRIAQ6;0.004687;;;;
BRIMWLCRA0P7;0.004674;;;;
BREKTRDBS0L8;0.004659;;;;
BRLIGHDBS0J4;0.004650;;;;
BRAPCSCRI9D8;0.004648;;;;
BRENERDBS0F4;0.004630;;;;
BRSTNCLTN7N2;0.004608;;;;
BRELETDBS032;0.004601;;;;
BRENEVDBS026;0.004600;;;;
BRLIGHDBS0V9;0.004594;;;;
BRSTNCLTN7Z6;0.004579;;;;
BRSTNCNTF1N3;0.004576;;;;
BRSTNCNTB1W8;0.004568;;;;
BRTAEEDBS0E0;0.004558;;;;
BRCCRODBS0K7;0.004508;;;;
BRPRASDBS001;0.004498;;;;
BRIMWLCRA1U5;0.004490;;;;
BRSTNCNTB4G5;0.004488;;;;
BRSTNCNTB625;0.004488;;;;
BREDITDBS014;0.004484;;;;
BRMRVEDBS0G2;0.004480;;;;
BRVERTCRA1Y9;0.004474;;;;
BRAPCSCRA0T1;0.004473;;;;
BRSTNCTD2VX4;0.004470;;;;
BRETBADBS015;0.004466;;;;
BRL CRA BRF IPC;0.004459;;;;
BRSTNCNTB4X0;0.004459;;;;
BRIMWLCRA1A7;0.004457;;;;
BRCCRODBS0N1;0.004451;;;;
BRIMWLCRI9U0;0.004447;;;;
BRKLBNDBS004;0.004445;;;;
BRCTGEDBS010;0.004442;;;;
DEBELETIPCA;0.004441;;;;
BRPALFDBS0C8;0.004434;;;;
BRRBRACRI9V0;0.004427;;;;
BRCCRODBS0L5;0.004424;;;;
BRENGIDBS0Q0;0.004419;;;;
BRCLAGDBS007;0.004413;;;;
BRCTBCDBS080;0.004413;;;;
BREGIEDBS035;0.004407;;;;
BRRAILDBS019;0.004398;;;;
BRBLMNDBS026;0.004395;;;;
BRCEEBDBS0I9;0.004393;;;;
BRFURNDBS019;0.004385;;;;
BRETENDBS020;0.004382;;;;
BRCEPEDBS0G7;0.004378;;;;
BRTIETDBS0C9;0.004372;;;;
BRCHPADBS006;0.004370;;;;
BRCBSCCRA062;0.004363;;;;
BRSTNCTD2VO3;0.004355;;;;
BRSTNCNTB1V0;0.004352;;;;
BRSTNCNTF147;0.004352;;;;
BRENEVDBS034;0.004345;;;;
BRSBSPDBS1S9;0.004343;;;;
BRVDENDBS010;0.004343;;;;
BRIMWLCRA168;0.004336;;;;
BRECOACRA8A1;0.004303;;;;
BRMRSADBS099;0.004291;;;;
BRVERTCRA112;0.004287;;;;
BRSBSPDBS1E9;0.004274;;;;
BRCSRNDBS093;0.004257;;;;
BRSTNCNTB4F7;0.004251;;;;
BRECOACRA1H1;0.004247;;;;
BROMGEDBS036;0.004234;;;;
BRCGASDBS077;0.004220;;;;
BRTBLEDBS061;0.004206;;;;
BRENGIDBS0D8;0.004197;;;;
BRSAPRDBS0I4;0.004191;;;;
BRVERTCRA0Q7;0.004185;;;;
BRAPCSCRIAP8;0.004185;;;;
BRPNBIDBS009;0.004173;;;;
BRCTEEDBS007;0.004169;;;;
BRBRSTDBS001;0.004166;;;;
BRCPXBDBS027;0.004153;;;;
BRTIETDBS051;0.004151;;;;
BRRBRACRA0F0;0.004149;;;;
BRSTNCNTB1U2;0.004123;;;;
BRELPLDBS0Y0;0.004109;;;;
BRECOACRA150;0.004059;;;;
BRECOACRA1C2;0.004052;;;;
BRTSLEDBS008;0.004034;;;;
BRPETRDBS068;0.004032;;;;
BRVALEDBS028;0.004026;;;;
BRSTNCNTB4E0;0.004024;;;;
BRSTNCNTB3B8;0.004020;;;;
BRMNAUDBS029;0.004001;;;;
BRPETRDBS001;0.003977;;;;
BRVALEDBS0A5;0.003963;;;;
BRETAPDBS023;0.003960;;;;
BRSTNCNTB4U6;0.003954;;;;
BRSTNCTD2VW6;0.003940;;;;
BRVERTCRA0L8;0.003939;;;;
BRFGENDBS024;0.003923;;;;
BRSTNCNTB1T4;0.003907;;;;
BRRBCSCRI386;0.003907;;;;
BRBPSCCRI000;0.003895;;;;
BRETENDBS004;0.003894;;;;
BRRBRACRA0B9;0.003881;;;;
BRENMIDBS018;0.003868;;;;
BRTRPLDBS071;0.003837;;;;
BRCSMGDBS0I8;0.003835;;;;
BRSTNCNTB4D2;0.003816;;;;
BRSTNCTD2VN5;0.003809;;;;
BRVERTCRA2F6;0.003798;;;;
BRELPLDBS100;0.003786;;;;
BRSRTIDBS006;0.003770;;;;
BRCGASDBS085;0.003752;;;;
BROMNGDBS011;0.003735;;;;
BRSTNCNTF1M5;0.003713;;;;
BRSTNCNTB1S6;0.003711;;;;
BRCXERDBS001;0.003689;;;;
BRTRPLDBS055;0.003689;;;;
BRSTNCNTB4W2;0.003687;;;;
BRSTNCNTB4C4;0.003687;;;;
BRVPLTDBS024;0.003680;;;;
BRSTENDBS020;0.003630;;;;
BRSTNCTD6ND4;0.003626;;;;
BRTAEEDBS0C4;0.003617;;;;
BRCOCEDBS0D7;0.003551;;;;
BRECOACRA1Z3;0.003549;;;;
BRSTNCTD5X47;0.003539;;;;
BRSTNCLTN7W3;0.003523;;;;
BRIMWLCRA0U7;0.003522;;;;
BRRBRACRA066;0.003502;;;;
BRBPCHDBS012;0.003467;;;;
BRVLIMDBS024;0.003458;;;;
BRSTNCNTB1R8;0.003448;;;;
BRENGIDBS0C0;0.003429;;;;
BRSTNCTD2VV8;0.003403;;;;
BRSTNCNTB4B6;0.003393;;;;
BRSBSPDBS1L4;0.003366;;;;
BRVERTCRA179;0.003363;;;;
BRENJGDBS018;0.003358;;;;
BRRBRACRA033;0.003343;;;;
BRVNTTDBS006;0.003314;;;;
BRSTNCNTB096;0.003309;;;;
BRITPEDBS000;0.003300;;;;
BRALGTDBS076;0.003294;;;;
BRRBRACRA0E3;0.003259;;;;
BRENERDBS099;0.003247;;;;
BRSTNCTD2VM7;0.003242;;;;
DEBCOMGASCDI2;0.003222;;;;
BRVERTCRI024;0.003199;;;;
BRSMTODBS013;0.003182;;;;
BRWDPRDBS007;0.003179;;;;
BRCBSCCRA054;0.003179;;;;
XS0242704244 2;0.003159;;;;
BRSTNCNTB1Q0;0.003146;;;;
BRCPFPDBS073;0.003117;;;;
US912828Y388;0.003110;;;;
BRRBRACRI4D9;0.003106;;;;
BRCSRNDBS085;0.003103;;;;
BRSPRZDBS008;0.003099;;;;
BRUNIDDBS0H2;0.003088;;;;
BRECOVDBS044;0.003044;;;;
BRPETRDBS050;0.003043;;;;
BRSTNCNTF1L7;0.003034;;;;
BRPRTEDBS019;0.003034;;;;
BRSTNCNTB4A8;0.003031;;;;
BRMRSADBS008;0.003019;;;;
BRSTNCTD6NC6;0.003014;;;;
BRTAEEDBS0F7;0.002998;;;;
BRPALFDBS0B0;0.002997;;;;
BRVERTCRA153;0.002974;;;;
BRTPNODBS017;0.002944;;;;
BRSTNCTD5X39;0.002907;;;;
BRSTNCLTN7Y9;0.002902;;;;
BRANHBDBS0D8;0.002900;;;;
BRSTNCNTB682;0.002887;;;;
BRRGEGDBS0D6;0.002880;;;;
BRAPCSCRA0E3;0.002869;;;;
BRSTNCNTB1P2;0.002868;;;;
BRRBRACRA0D5;0.002864;;;;
BRSTNCNTB633;0.002847;;;;
BRVERTCRA0P9;0.002829;;;;
BRRBRACRA074;0.002821;;;;
BRSTNCLTN7S1;0.002801;;;;
BRSTNCNTB492;0.002795;;;;
BRALGTDBS0E9;0.002791;;;;
BRSTNCNTB4O9;0.002775;;;;
BRRBRACRA082;0.002773;;;;
BRESTCDBS056;0.002737;;;;
BRECOACRA4A0;0.002731;;;;
BRRBCSCRI2F5;0.002723;;;;
BRSTNCTD2VU0;0.002716;;;;
BRSTNCTD4DS8;0.002716;;;;
BRRBRACRA025;0.002714;;;;
BRSMFTDBS045;0.002694;;;;
BRRBRACRI3V3;0.002694;;;;
BRCPREDBS080;0.002634;;;;
BRMOVIDBS0D8;0.002632;;;;
BRVERTCRI099;0.002571;;;;
BRSTNCNTB1O5;0.002528;;;;
BRSTNCTD2VL9;0.002511;;;;
BRSTNCNTB468;0.002411;;;;
BRRBRACRI5Q8;0.002406;;;;
BRVOESDBS081;0.002349;;;;
BRSTNCNTB0K5;0.002337;;;;
BRRBRACRI366;0.002288;;;;
BRPALFDBS0A2;0.002273;;;;
XS0446091349;0.002269;;;;
BRRBRACRA0A1;0.002268;;;;
BRCBSCCRI487;0.002268;;;;
BRVERTCRA161;0.002263;;;;
BRVERTCRA104;0.002262;;;;
BRVERTCRA013;0.002258;;;;
BRSTNCNTF1K9;0.002256;;;;
BRVIXLDBS021;0.002242;;;;
BRSTNCNTB3Y0;0.002224;;;;
BRSTNCTD6NB8;0.002220;;;;
BRCBSCCRA047;0.002207;;;;
BRSTNCNTB1N7;0.002186;;;;
TB013631_2;0.002179;;;;
BRUNIDDBS0I0;0.002153;;;;
BRAPCSCRI523;0.002145;;;;
BRAPCSCRI3B5;0.002138;;;;
XS0234696184;0.002124;;;;
BRECOACRA1G3;0.002104;;;;
BRSTNCLTN7Q5;0.002089;;;;
BRSTNCTD2WI3;0.002078;;;;
BRSTNCTD5X21;0.002078;;;;
BRSTNCNTB450;0.002049;;;;
BROSECCRA046;0.002046;;;;
BRCBSCCRI3T1;0.002033;;;;
BRLIGHDBS0O4;0.002026;;;;
BRECOACRA184;0.001989;;;;
TB066683;0.001954;;;;
TB066763;0.001951;;;;
TB066905;0.001951;;;;
BRLIGHDBS0N6;0.001938;;;;
BRRBRACRI4L2;0.001906;;;;
BRSTNCTD2VT2;0.001878;;;;
BRSTNCTD4DR0;0.001878;;;;
BRECOACRA2B2;0.001875;;;;
BRVERTCRA088;0.001860;;;;
BRSTNCNTB1M9;0.001858;;;;
TA807875;0.001856;;;;
BRCBSCCRA0A5;0.001851;;;;
BRCMGDDBS090;0.001837;;;;
BRSTNCTD7932;0.001746;;;;
BRCVCBDBS045;0.001732;;;;
TA539258;0.001724;;;;
TB061229;0.001710;;;;
BRSTNCNTB443;0.001699;;;;
TB067006;0.001698;;;;
TB067009;0.001698;;;;
TB061231;0.001682;;;;
BRSTNCTD2VK1;0.001681;;;;
BRCEEBDBS0F5;0.001646;;;;
TB067126;0.001646;;;;
TB067131;0.001646;;;;
TB067135;0.001646;;;;
BRRBRACRA058;0.001643;;;;
BRSTNCNTB1L1;0.001615;;;;
BRVERTCRA0K0;0.001573;;;;
BRSTNCNTF1J1;0.001571;;;;
BRSTNCNTB435;0.001570;;;;
BRSTNCLTN7D3;0.001541;;;;
BRSTNCTD3ZN4;0.001422;;;;
BRECOACRA1Y6;0.001420;;;;
XS0242704244;0.001413;;;;
BRSTNCTD6NA0;0.001409;;;;
BRSTNCNTB1K3;0.001383;;;;
BRSTNCTD77X8;0.001382;;;;
BRSTNCTD6MA2;0.001359;;;;
BRSTNCTD4DP4;0.001325;;;;
BRSTNCTD6MY2;0.001320;;;;
BRSTNCTD7395;0.001316;;;;
BRSTNCNTB427;0.001302;;;;
BRSTNCTD4Q96;0.001295;;;;
BRSTNCTD2WH5;0.001287;;;;
BRSTNCTD5XI3;0.001287;;;;
BRSTNCTD2SY8;0.001277;;;;
BRECOACRA1S8;0.001217;;;;
BRSTNCTD2RF9;0.001182;;;;
BRSTNCNTB419;0.001141;;;;
BRSTNCLTN7X1;0.001137;;;;
BRSTNCLTN7V5;0.001131;;;;
BRL TDA22120300;0.001129;;;;
BRSTNCTD2VS4;0.001125;;;;
BRSTNCTD4DQ2;0.001125;;;;
BRSTNCTD4103;0.001114;;;;
BRECOACRA1R0;0.001092;;;;
BRSTNCTD2K03;0.001081;;;;
BRL TDA22110600;0.001078;;;;
BRSTNCTD77Y6;0.001078;;;;
BRUTPSDBS021;0.001062;;;;
BRSTNCNTB1J5;0.001046;;;;
BRSTNCTD7924;0.001030;;;;
BRSTNCNTB1I7;0.001019;;;;
BRSTNCNTB401;0.001017;;;;
BRSTNCTD2VJ3;0.000981;;;;
BRSTNCTD23N3;0.000930;;;;
BRSTNCTD3ZM6;0.000812;;;;
BRSTNCTD6N97;0.000811;;;;
BRSTNCTD6DZ8;0.000803;;;;
TA566311;0.000792;;;;
BRSTNCTD3Y89;0.000787;;;;
BRSTNCNTF1I3;0.000779;;;;
BRSTNCTD5X05;0.000768;;;;
BRSTNCTD5XO5;0.000768;;;;
BRSTNCTD3EP4;0.000762;;;;
BRL TDA21050300;0.000761;;;;
BRSTNCTD4Q88;0.000758;;;;
BRSTNCTD3D35;0.000754;;;;
BRSTNCLTN7O0;0.000754;;;;
BRPGMNDBS059;0.000748;;;;
BRSTNCTD30P3;0.000733;;;;
BRMRSADBS081;0.000729;;;;
BRSTNCTD2VR6;0.000710;;;;
BRSTNCTD6NR4;0.000710;;;;
BRSTNCTD2JV3;0.000698;;;;
BRSTNCTD2PR8;0.000698;;;;
BRSTNCTD6ZN7;0.000698;;;;
BRSTNCTD7916;0.000697;;;;
BRL TDA21110600;0.000697;;;;
BRSTNCTD6KV2;0.000695;;;;
BRSTNCTD7B17;0.000694;;;;
BRSTNCTD2305;0.000683;;;;
BRL TDAD08F236;0.000683;;;;
BRSTNCTD2K11;0.000682;;;;
BRSTNCTD2KR9;0.000681;;;;
BRSTNCTD2RE2;0.000681;;;;
BRSTNCTD6SG6;0.000681;;;;
BRSTNCTD3FS5;0.000681;;;;
BRSTNCTD7387;0.000679;;;;
BRCELPDBS018;0.000677;;;;
BRSTNCTD30P6;0.000668;;;;
BRTRPLDBS048;0.000631;;;;
US912796U492;0.000602;;;;
BRCMGTDBS062;0.000585;;;;
BRRDNTDBS073;0.000576;;;;
BRITMGDBS028;0.000517;;;;
BRCPFGDBS072;0.000493;;;;
BRVLOIDBS004;0.000463;;;;
BRSTNCLTN7T9;0.000455;;;;
BRSTNCNTB4T8;0.000420;;;;
BRSTNCNTB1H9;0.000420;;;;
BRSTNCTD2SC4;0.000409;;;;
BRALUPDBS0A3;0.000401;;;;
BRSTNCLF1RI1;0.000391;;;;
BRIMWLCRA1V3;0.000374;;;;
US912796S348;0.000372;;;;
BRSTNCTD2SX0;0.000359;;;;
BRSTNCTD74K2;0.000348;;;;
LF00200075J;0.000347;;;;
LF00200075K;0.000347;;;;
LF00200075M;0.000347;;;;
BRRBRACRI3U5;0.000338;;;;
LF00200074O;0.000337;;;;
144P;0.000332;;;;
LF00200075I;0.000331;;;;
SERIES200709;0.000316;;;;
SERIES200706;0.000300;;;;
SERIES200707;0.000300;;;;
BRENGIDBS0T4;0.000295;;;;
BRCPTMDBS014;0.000279;;;;
BRBSCSCRI822;0.000279;;;;
BRBBDCLTRHZ0;0.000268;;;;
BRSTNCLTN7K8;0.000262;;;;
BRRBRACRA0W5;0.000260;;;;
BRSTNCNTF1H5;0.000260;;;;
BRSTNCLF1RH3;0.000247;;;;
BRSTNCLF1R65;0.000233;;;;
BRSTNCLF1RF7;0.000229;;;;
BRSTNCLF1RD2;0.000218;;;;
BRSTNCLF1RE0;0.000217;;;;
BRSTNCLF1RC4;0.000210;;;;
BRENGIDBS0S6;0.000209;;;;
XS0362356759;0.000203;;;;
BRDAYCLFISY2;0.000191;;;;
BRERDVDBS0E8;0.000189;;;;
TB008366;0.000182;;;;
BRSTNCLF0008;0.000179;;;;
BRSTNCLF1RA8;0.000159;;;;
BRSTNCLF1R90;0.000127;;;;
BRSTNCLF1R82;0.000112;;;;
BRSTNCLF1R74;0.000105;;;;
BRDAYCLFISX4;0.000099;;;;
US912796T254;0.000094;;;;
BRSTNCLF1R66;0.000094;;;;
BRSTNCLTN7R3;0.000092;;;;
US912828ZR48;0.000086;;;;
US912796F386;0.000082;;;;
US912796S835;0.000080;;;;
US9128285A44;0.000072;;;;
BRANIMDBS032;0.000068;;;;
TB076109;0.000037;;;;
BRSTNCLF1R58;0.000037;;;;
TA539256;0.000036;;;;
US912796U237;0.000036;;;;
DEBCCRCDI;0.000036;;;;
BRSMFTDBS086;0.000034;;;;
BRSTNCLTN7I2;0.000032;;;;
DEBELETCDI;0.000032;;;;
US912796L806;0.000031;;;;
BRSTNCNTF1G7;0.000028;;;;
US912796Q854;0.000027;;;;
BRECOACRA242;0.000024;;;;
BRVERTCRA0M6;0.000022;;;;
TA751602;0.000020;;;;
BRA 3 7/8 6/30;0.000017;;;;
US912796J677;0.000014;;;;
SERIES200802;0.000014;;;;
TA825217;0.000013;;;;
US9127963H06;0.000012;;;;
US9127964B27;0.000011;;;;
US912796F469;0.000010;;;;
US9127964W63;0.000007;;;;
BRA 2 7/8 6/25;0.000006;;;;
US912796C565;0.000006;;;;
US9127964Z94;0.000006;;;;
US912796G780;0.000005;;;;
TB011354;0.000003;;;;
TB070682;0.000000;;;;
TB065796;0.000000;;;;
TB083699;0.000000;;;;
BRVERTCRA054;0.000000;;;;
BRSTBADBS023;0.000000;;;;
BRCCRODBS0F7;0.000000;;;;
BRCPFPDBS081;0.000000;;;;
BRDASADBS0B2;0.000000;;;;
BRDAYCLFIKI2;0.000000;;;;
BRECOACRA176;0.000000;;;;
BRELETDBS024;0.000000;;;;
BRGAFLCRA0E8;0.000000;;;;
BRGAFLCRA0O7;0.000000;;;;
BRRBRACRI4T5;0.000000;;;;
BRRBRACRI523;0.000000;;;;
BRRENTDBS0D2;0.000000;;;;
BRSULADBS0A0;0.000000;;;;
BRECOACRA978;;;;;
BRSTNCLTN7P7;;;;;
BRSTNCNTC0M0;;;;;
BRSTNCTD3DY8;;;;;
BRSTNCTD3Y71;;;;;
DEBELETCDI2;;;;;
DEBELETIPCA2;;;;;
TB100722 12/27;;;;;
