﻿code_out;book;portfolio
GCB;NON FLOWBAL_PSFX_RF_BSBIRDBOND*;BAL_PSFX_RF_BSB
GCB;FLOWTD_VOLIR_RF_BSBIRDBOND*;TD_VOLIR_RF_BSB
GCB;NON FLOWBAL_BPRI_RF_BSBIRDBOND*;BAL_BPRI_RF_BSB
GCB;PROPTR_IPCLB_RF_BSBIRDBOND*;TR_IPCLB_RF_BSB
GCB;NON FLOWBAL_BRL_CL1_BSBIRDBOND*;BAL_BRL_CL1_BSB
GCB;FLOWTR_MM_REALM_BSBIRDBOND*;TR_MM_REALM_BSB
GCB;PROPTR_PREB_LM_BSBIRDBOND*;TR_PREB_LM_BSB
GCB;FLOWTR_MM_CASRF_BSBIRDBOND*;TR_MM_CASRF_BSB
GCB;FLOWTR_MM_DAPLM_BSBIRDBOND*;TR_MM_DAPLM_BSB
GCB;PROPTRD_COMP1RF_BSBIRDBOND*;TRD_COMP1RF_BSB
GCB;NON FLOWBAL_REAL_LM_BSBIRDBOND*;BAL_REAL_LM_BSB
GCB;FLOWTR_MM_PAPSR_BSBIRDBOND*;TR_MM_PAPSR_BSB
GCB;NON FLOWBAL_LEIL_RF_BSBIRDBOND*;BAL_LEIL_RF_BSB
GCB;NON FLOWBAL_PSPRERF_BSBIRDBOND*;BAL_PSPRERF_BSB
GCB;NON FLOWBAL_PSPRELM_BSBIRDBOND*;BAL_PSPRELM_BSB
GCB;NON FLOWBAL_BRL_CLI_BSBIRDBOND*;BAL_BRL_CLI_BSB
GCB;NON FLOWBAL_REAL_LM_BSBIRDBOND*;BAL_REAL_LM_BSB
GCB;NON FLOWBAL_BRL_CL1_BSBIRDBOND*;BAL_BRL_CL1_BSB
GCB;FLOWTR_MM_IPCL_BSBIRDBOND*;TR_MM_IPCL_BSB
GCB;PROPTR_IPCA_RF_BSBIRDBOND*;TR_IPCA_RF_BSB
GCB;FLOWTR_MM_REALM_BSBIRDBOND*;TR_MM_REALM_BSB
GCB;FLOWTR_MM_PAPSR_BSBIRDBOND*;TR_MM_PAPSR_BSB
GCB;FLOWTR_MM_PAPRF_BSBIRDBOND*;TR_MM_PAPRF_BSB
GCB;FLOWTR_MM_IPCL_BSBIRDBOND*;TR_MM_IPCL_BSB
GCB;FLOWTD_VOLIR_LM_BSBIRDBOND*;TD_VOLIR_LM_BSB
GCB;NON FLOWBAL_PSPRELM_BSBIRDBOND*;BAL_PSPRELM_BSB
GCB;FLOWTR_MM_IPCRF_BSBIRDBOND*;TR_MM_IPCRF_BSB
GCB;NON FLOWBAL_BRL_RF_BSBIRDBOND*;BAL_BRL_RF_BSB
GCB;FLOWTR_MM_PAPLM_BSBIRDBOND*;TR_MM_PAPLM_BSB
GCB;NON FLOWBAL_BRL_RF_BSBIRDBOND*;BAL_BRL_RF_BSB
GCB;FLOWTR_MM_REALM_BSBIRDBOND*;TR_MM_REALM_BSB
GCB;FLOWTR_MM_IPCRF_BSBIRDBOND*;TR_MM_IPCRF_BSB
GCB;FLOWTR_MM_IPCRF_BSBIRDBOND*;TR_MM_IPCRF_BSB
GCB;PROPTR_IPCA_RF_BSBIRDBOND*;TR_IPCA_RF_BSB
GCB;FLOWTR_MM_RB_SR_BSBIRDBOND*;TR_MM_RB_SR_BSB
GCB;NON FLOWBAL_BRL_RF_BSBIRDBOND*;BAL_BRL_RF_BSB
GCB;NON FLOWBAL_BRL_CL2_BSBIRDBOND*;BAL_BRL_CL2_BSB
GCB;PROPTR_PDLB_RF_BSBIRDBOND*;TR_PDLB_RF_BSB
GCB;NON FLOWBAL_BPRI_RF_BSBIRDBOND*;BAL_BPRI_RF_BSB
GCB;NON FLOWBAL_SECA_RF_BSBIRDBOND*;BAL_SECA_RF_BSB
GCB;NON FLOWBAL_PSPRELM_BSBIRDBOND*;BAL_PSPRELM_BSB
GCB;FLOWTR_MM_PAPRF_BSBIRDBOND*;TR_MM_PAPRF_BSB
GCB;PROPTR_IPCLB_LM_BSBIRDBOND*;TR_IPCLB_LM_BSB
ALCO;MM_LIQUIDITYITGE_SAC_BSBIRDBOND*;ITGE_SAC_BSB
GCB;NON FLOWBAL_PCPN_RF_BSBIRDBOND*;BAL_PCPN_RF_BSB
GCB;NON FLOWBAL_BPRI_RF_BSBIRDBOND*;BAL_BPRI_RF_BSB
GCB;NON FLOWBAL_BPRI_RF_BSBIRDBOND*;BAL_BPRI_RF_BSB
GCB;NON FLOWBAL_BPRI_RF_BSBIRDBOND*;BAL_BPRI_RF_BSB
GCB;NON FLOWBAL_BRL_AST_BSBIRDBOND*;BAL_BRL_AST_BSB
GCB;FLOWTD_VOLIR_LM_BSBIRDBOND*;TD_VOLIR_LM_BSB
GCB;FLOWMM_CASLB_LM_BSBIRDBOND*;MM_CASLB_LM_BSB
GCB;PROPTRD_COMP_RF_BSBIRDBOND*;TRD_COMP_RF_BSB
GCB;FLOWUS_CLIE_SR_BSBIRDBOND*;US_CLIE_SR_BSB
GCB;FLOWTD_ST3_RF_BSBIRDBOND*;TD_ST3_RF_BSB
GCB;FLOWMM_COMLB_LM_BSBIRDBOND*;MM_COMLB_LM_BSB
GCB;FLOWTR_MM_RBOND_BSBIRDBOND*;TR_MM_RBOND_BSB
GCB;FLOWTR_MM_REALM_BSBIRDBOND*;TR_MM_REALM_BSB
GCB;NON FLOWBAL_DELTALM_BSBIRDBOND*;BAL_DELTALM_BSB
GCB;NON FLOWBAL_BPRI_RF_BSBIRDBOND*;BAL_BPRI_RF_BSB
GCB;PROPTR_IPCA_RF_BSBIRDBOND*;TR_IPCA_RF_BSB
GCB;FLOWMM_PAPGT_RF_BSBIRDBOND*;MM_PAPGT_RF_BSB
GCB;PROPTR_IPCLB_RF_BSBIRDBOND*;TR_IPCLB_RF_BSB
GCB;FLOWFII_BZBONDRF_SCIRDBOND*;FII_BZBONDRF_SC
GCB;NON FLOWBAL_BRL_CL1_BSBIRDBOND*;BAL_BRL_CL1_BSB
GCB;NON FLOWBAL_DELTARF_BSBIRDBOND*;BAL_DELTARF_BSB
GCB;CREDITOBAL_DEBP_RF_BSBIRDBOND*;BAL_DEBP_RF_BSB
GCB;FLOWTR_MM_IPCRF_BSBIRDBOND*;TR_MM_IPCRF_BSB
GCB;FLOWTR_MM_IPCRF_BSBIRDBOND*;TR_MM_IPCRF_BSB
GCB;NON FLOWBAL_REAL_LM_BSBIRDBOND*;BAL_REAL_LM_BSB
GCB;PROPTR_IPC_LM_BSBIRDBOND*;TR_IPC_LM_BSB
GCB;FLOWTR_MM_PAPLM_BSBIRDBOND*;TR_MM_PAPLM_BSB
GCB;FLOWMM_IPCAR_RF_BSBIRDBOND*;MM_IPCAR_RF_BSB
GCB;NON FLOWBAL_SECA_LM_BSBIRDBOND*;BAL_SECA_LM_BSB
GCB;NON FLOWBAL_BPRI_RF_BSBIRDBOND*;BAL_BPRI_RF_BSB
GCB;FLOWTR_MM_PAPRF_BSBIRDBOND*;TR_MM_PAPRF_BSB
ALCO;MM_LIQUIDITYITGE_SAC_BSBIRDBOND*;ITGE_SAC_BSB
GCB;NON FLOWBAL_BRL_CL1_BSBIRDBOND*;BAL_BRL_CL1_BSB
GCB;NON FLOWBAL_LEIL_RF_BSBIRDBOND*;BAL_LEIL_RF_BSB
GCB;NON FLOWBAL_BPRI_RF_BSBIRDBOND*;BAL_BPRI_RF_BSB
GCB;FLOWMM_CASAR_RF_BSBIRDBOND*;MM_CASAR_RF_BSB
GCB;NON FLOWBAL_PSPRELM_BSBIRDBOND*;BAL_PSPRELM_BSB
GCB;FLOWTR_MM_IPCRF_BSBIRDBOND*;TR_MM_IPCRF_BSB
GCB;NON FLOWBAL_SECA_SR_BSBIRDBOND*;BAL_SECA_SR_BSB
GCB;NON FLOWBAL_PSPRERF_BSBIRDBOND*;BAL_PSPRERF_BSB
GCB;FLOWTR_MM_FBLM_BSBIRDBOND*;TR_MM_FBLM_BSB
GCB;NON FLOWBAL_PSPRERF_BSBIRDBOND*;BAL_PSPRERF_BSB
GCB;FLOWMM_TIPGT_RF_BSBIRDBOND*;MM_TIPGT_RF_BSB
GCB;FLOWTR_MM_IPCL_BSBIRDBOND*;TR_MM_IPCL_BSB
GCB;NON FLOWBAL_BPRI_RF_BSBIRDBOND*;BAL_BPRI_RF_BSB
GCB;PROPTRD_COMP_RF_BSBIRDBOND*;TRD_COMP_RF_BSB
GCB;NON FLOWBAL_BRL_SR_BSBIRDBOND*;BAL_BRL_SR_BSB
GCB;FLOWMM_IPCLB_RF_BSBIRDBOND*;MM_IPCLB_RF_BSB
GCB;FLOWTR_MM_CASRF_BSBIRDBOND*;TR_MM_CASRF_BSB
GCB;FLOWMM_TIPGT_LM_BSBIRDBOND*;MM_TIPGT_LM_BSB
GCB;NON FLOWBAL_BRL_RF_BSBIRDBOND*;BAL_BRL_RF_BSB
GCB;FLOWMM_IPCAR_RF_BSBIRDBOND*;MM_IPCAR_RF_BSB
GCB;NON FLOWBAL_SECA_RF_BSBIRDBOND*;BAL_SECA_RF_BSB
GCB;NON FLOWBAL_BRL_CL1_BSBIRDBOND*;BAL_BRL_CL1_BSB
GCB;NON FLOWBAL_DELTARF_BSBIRDBOND*;BAL_DELTARF_BSB
GCB;NON FLOWBAL_BRL_RF_BSBIRDBOND*;BAL_BRL_RF_BSB
GCB;FLOWMM_CASLB_RF_BSBIRDBOND*;MM_CASLB_RF_BSB
GCB;NON FLOWBAL_PSFX_LM_BSBIRDBOND*;BAL_PSFX_LM_BSB
GCB;FLOWTR_MM_IPCL_BSBIRDBOND*;TR_MM_IPCL_BSB
GCB;FLOWTR_MM_PAPRF_BSBIRDBOND*;TR_MM_PAPRF_BSB
ALCO;ALM_OSCORP_GFIZ_BSBIRDBOND*;CORP_GFIZ_BSB
GCB;PROPTR_IPC_LM_BSBIRDBOND*;TR_IPC_LM_BSB
GCB;NON FLOWBAL_SECA_LM_BSBIRDBOND*;BAL_SECA_LM_BSB
ALCO;GLOBALSTRCTB_SCGBL_STRCT_B_SCIRDBOND*;GBL_STRCT_B_SC
GCB;FLOWTR_MM_REALM_BSBIRDBOND*;TR_MM_REALM_BSB
GCB;NON FLOWBAL_PSPRERF_BSBIRDBOND*;BAL_PSPRERF_BSB
GCB;FLOWTR_MM_RB_LM_BSBIRDBOND*;TR_MM_RB_LM_BSB
GCB;NON FLOWBAL_BRL_RF_BSBIRDBOND*;BAL_BRL_RF_BSB
GCB;NON FLOWBAL_PSFX_RF_BSBIRDBOND*;BAL_PSFX_RF_BSB
GCB;FLOWTR_MM_CASRF_BSBIRDBOND*;TR_MM_CASRF_BSB
ALCO;ALM_OSCORP_GFEZ_BSBIRDBOND*;CORP_GFEZ_BSB
GCB;NON FLOWBAL_PSPRERF_BSBIRDBOND*;BAL_PSPRERF_BSB
GCB;FLOWTR_MM_IPCSR_BSBIRDBOND*;TR_MM_IPCSR_BSB
GCB;NON FLOWBAL_BRL_RF_BSBIRDBOND*;BAL_BRL_RF_BSB
GCB;NON FLOWBAL_SECA_RF_BSBIRDBOND*;BAL_SECA_RF_BSB
GCB;NON FLOWBAL_BRL_CL2_BSBIRDBOND*;BAL_BRL_CL2_BSB
GCB;NON FLOWBAL_BPRI_RF_BSBIRDBOND*;BAL_BPRI_RF_BSB
ALCO;ALM_OSCORP_GFEZ_BSBIRDBOND*;CORP_GFEZ_BSB
GCB;FLOWTD_VOLIR_SR_BSBIRDBOND*;TD_VOLIR_SR_BSB
ALCO;ALM_OSCORP_GFEZ_BSBIRDBOND*;CORP_GFEZ_BSB
GCB;NON FLOWBAL_PSPRELM_BSBIRDBOND*;BAL_PSPRELM_BSB
GCB;NON FLOWBAL_SECA_RF_BSBIRDBOND*;BAL_SECA_RF_BSB
GCB;FLOWMM_CASAR_RF_BSBIRDBOND*;MM_CASAR_RF_BSB
ALCO;ALM_OSCORP_ATU2_BSBIRDBOND*;CORP_ATU2_BSB
GCB;FLOWTD_VOLIR_RF_BSBIRDBOND*;TD_VOLIR_RF_BSB
ALCO;ALM_OSCORP_GFEZ_BSBIRDBOND*;CORP_GFEZ_BSB
GCB;PROPTR_PDLB_LM_BSBIRDBOND*;TR_PDLB_LM_BSB
GCB;FLOWTR_MM_FBLM_BSBIRDBOND*;TR_MM_FBLM_BSB
GCB;NON FLOWBAL_BPRI_RF_BSBIRDBOND*;BAL_BPRI_RF_BSB
GCB;NON FLOWBAL_PSPRERF_BSBIRDBOND*;BAL_PSPRERF_BSB
GCB;NON FLOWBAL_SECA_RF_BSBIRDBOND*;BAL_SECA_RF_BSB
ALCO;ALM_OSCORP_LFTC_BSBIRDBOND*;CORP_LFTC_BSB
GCB;NON FLOWBAL_BRL_RF_BSBIRDBOND*;BAL_BRL_RF_BSB
GCB;NON FLOWBAL_BPRI_RF_BSBIRDBOND*;BAL_BPRI_RF_BSB
GCB;NON FLOWBAL_PSPRELM_BSBIRDBOND*;BAL_PSPRELM_BSB
GCB;NON FLOWBAL_SECA_LM_BSBIRDBOND*;BAL_SECA_LM_BSB
GCB;NON FLOWBAL_PSPRERF_BSBIRDBOND*;BAL_PSPRERF_BSB
GCB;FLOWTR_MM_CASRF_BSBIRDBOND*;TR_MM_CASRF_BSB
ALCO;MM_LIQUIDITYITGE_SAC_BSBIRDBOND*;ITGE_SAC_BSB
GCB;FLOWTR_MM_PAPSR_BSBIRDBOND*;TR_MM_PAPSR_BSB
GCB;NON FLOWBAL_REAL_LM_BSBIRDBOND*;BAL_REAL_LM_BSB
GCB;FLOWMM_CASAR_RF_BSBIRDBOND*;MM_CASAR_RF_BSB
GCB;FLOWTR_MM_LBRF_BSBIRDBOND*;TR_MM_LBRF_BSB
GCB;PROPTR_BEBRT_LM_BSBIRDBOND*;TR_BEBRT_LM_BSB
GCB;FLOWTR_MM_LBRF_BSBIRDBOND*;TR_MM_LBRF_BSB
GCB;NON FLOWBAL_BRL_RF_BSBIRDBOND*;BAL_BRL_RF_BSB
GCB;NON FLOWBAL_BPRI_RF_BSBIRDBOND*;BAL_BPRI_RF_BSB
GCB;FLOWTD_ST3_RF_BSBIRDBOND*;TD_ST3_RF_BSB
GCB;FLOWTR_MM_LBSR_BSBIRDBOND*;TR_MM_LBSR_BSB
GCB;NON FLOWBAL_BPRI_RF_BSBIRDBOND*;BAL_BPRI_RF_BSB
GCB;FLOWTD_ST3_LM_BSBIRDBOND*;TD_ST3_LM_BSB
GCB;NON FLOWBAL_LEIL_RF_BSBIRDBOND*;BAL_LEIL_RF_BSB
GCB;PROPTR_IPCA_RF_BSBIRDBOND*;TR_IPCA_RF_BSB
GCB;NON FLOWBAL_FPRI_RF_BSBIRDBOND*;BAL_FPRI_RF_BSB
GCB;PROPTRD_COMP2RF_BSBIRDBOND*;TRD_COMP2RF_BSB
GCB;NON FLOWBAL_INF_LM_BSBIRDBOND*;BAL_INF_LM_BSB
GCB;NON FLOWBAL_PSPRERF_BSBIRDBOND*;BAL_PSPRERF_BSB
GCB;FLOWMM_PAPGT_RF_BSBIRDBOND*;MM_PAPGT_RF_BSB
GCB;PROPTR_PDLB_RF_BSBIRDBOND*;TR_PDLB_RF_BSB
GCB;NON FLOWBAL_PSFX_SR_BSBIRDBOND*;BAL_PSFX_SR_BSB
GCB;NON FLOWBAL_BRL_RF_BSBIRDBOND*;BAL_BRL_RF_BSB
GCB;FLOWTR_MM_IPCRF_BSBIRDBOND*;TR_MM_IPCRF_BSB
GCB;FLOWTR_MM_PAPRF_BSBIRDBOND*;TR_MM_PAPRF_BSB
GCB;NON FLOWBAL_BRL_SR_BSBIRDBOND*;BAL_BRL_SR_BSB
GCB;FLOWTR_MM_RBOND_BSBIRDBOND*;TR_MM_RBOND_BSB
GCB;NON FLOWBAL_BPRI_RF_BSBIRDBOND*;BAL_BPRI_RF_BSB
GCB;PROPTR_PDLB_RF_BSBIRDBOND*;TR_PDLB_RF_BSB
GCB;NON FLOWBAL_BRL_CL1_BSBIRDBOND*;BAL_BRL_CL1_BSB
GCB;NON FLOWBAL_BPRI_RF_BSBIRDBOND*;BAL_BPRI_RF_BSB
GCB;NON FLOWBAL_SECA_SR_BSBIRDBOND*;BAL_SECA_SR_BSB
GCB;NON FLOWBAL_PSPRERF_BSBIRDBOND*;BAL_PSPRERF_BSB
GCB;FLOWTR_MM_RBOND_BSBIRDBOND*;TR_MM_RBOND_BSB
GCB;NON FLOWBAL_DELTARF_BSBIRDBOND*;BAL_DELTARF_BSB
GCB;NON FLOWBAL_PSPRERF_BSBIRDBOND*;BAL_PSPRERF_BSB
GCB;FLOWMM_IPCAR_RF_BSBIRDBOND*;MM_IPCAR_RF_BSB
GCB;NON FLOWBAL_FPRI_RF_BSBIRDBOND*;BAL_FPRI_RF_BSB
GCB;FLOWTR_MM_PAPLM_BSBIRDBOND*;TR_MM_PAPLM_BSB
GCB;NON FLOWBAL_BRL_RF_BSBIRDBOND*;BAL_BRL_RF_BSB
GCB;NON FLOWBAL_BPRI_RF_BSBIRDBOND*;BAL_BPRI_RF_BSB
GCB;PROPTR_PDLB_RF_BSBIRDBOND*;TR_PDLB_RF_BSB
GCB;NON FLOWBAL_DELTARF_BSBIRDBOND*;BAL_DELTARF_BSB
ALCO;ALM_OSCORP_ATU2_BSBIRDBOND*;CORP_ATU2_BSB
GCB;NON FLOWBAL_BRL_RF_BSBIRDBOND*;BAL_BRL_RF_BSB
GCB;FLOWMM_CASLB_RF_BSBIRDBOND*;MM_CASLB_RF_BSB
GCB;FLOWMM_TIPGT_RF_BSBIRDBOND*;MM_TIPGT_RF_BSB
GCB;NON FLOWBAL_BPRI_RF_BSBIRDBOND*;BAL_BPRI_RF_BSB
GCB;NON FLOWBAL_BPRI_RF_BSBIRDBOND*;BAL_BPRI_RF_BSB
GCB;NON FLOWBAL_BRL_CL2_BSBIRDBOND*;BAL_BRL_CL2_BSB
GCB;NON FLOWBAL_SECA_RF_BSBIRDBOND*;BAL_SECA_RF_BSB
GCB;NON FLOWBAL_BRL_RF_BSBIRDBOND*;BAL_BRL_RF_BSB
GCB;NON FLOWBAL_BRL_RF_BSBIRDBOND*;BAL_BRL_RF_BSB
GCB;FLOWTR_MM_FBLM_BSBIRDBOND*;TR_MM_FBLM_BSB
GCB;NON FLOWBAL_SECA_RF_BSBIRDBOND*;BAL_SECA_RF_BSB
GCB;PROPTR_IPCLB_RF_BSBIRDBOND*;TR_IPCLB_RF_BSB
GCB;FLOWTR_MM_RB_LM_BSBIRDBOND*;TR_MM_RB_LM_BSB
GCB;NON FLOWBAL_BRL_LM_BSBIRDBOND*;BAL_BRL_LM_BSB
GCB;NON FLOWBAL_PSPRELM_BSBIRDBOND*;BAL_PSPRELM_BSB
GCB;FLOWTR_MM_PAPRF_BSBIRDBOND*;TR_MM_PAPRF_BSB
ALCO;MM_LIQUIDITYITGE_SAC_BSBIRDBOND*;ITGE_SAC_BSB
GCB;FLOWTR_MM_IPCRF_BSBIRDBOND*;TR_MM_IPCRF_BSB
GCB;NON FLOWBAL_BRL_RF_BSBIRDBOND*;BAL_BRL_RF_BSB
GCB;PROPTR_PREBT_LM_BSBIRDBOND*;TR_PREBT_LM_BSB
GCB;NON FLOWBAL_BPRI_RF_BSBIRDBOND*;BAL_BPRI_RF_BSB
GCB;NON FLOWBAL_BRL_CL1_BSBIRDBOND*;BAL_BRL_CL1_BSB
GCB;FLOWTR_MM_LBSR_BSBIRDBOND*;TR_MM_LBSR_BSB
GCB;FLOWTD_VOLIR_RF_BSBIRDBOND*;TD_VOLIR_RF_BSB
GCB;NON FLOWBAL_BRL_SR_BSBIRDBOND*;BAL_BRL_SR_BSB
GCB;NON FLOWBAL_DELTARF_BSBIRDBOND*;BAL_DELTARF_BSB
GCB;NON FLOWBAL_SECA_LM_BSBIRDBOND*;BAL_SECA_LM_BSB
GCB;NON FLOWBAL_PSPRERF_BSBIRDBOND*;BAL_PSPRERF_BSB
GCB;FLOWTR_MM_LBRF_BSBIRDBOND*;TR_MM_LBRF_BSB
GCB;FLOWTD_VOLIR_LM_BSBIRDBOND*;TD_VOLIR_LM_BSB
GCB;NON FLOWBAL_BPRI_RF_BSBIRDBOND*;BAL_BPRI_RF_BSB
GCB;PROPTR_BEBRT_LM_BSBIRDBOND*;TR_BEBRT_LM_BSB
GCB;ACPMACPM_XVARF2_BSBIRDBOND*;ACPM_XVARF2_BSB
GCB;NON FLOWBAL_BRL_RF_BSBIRDBOND*;BAL_BRL_RF_BSB
GCB;FLOWMM_PAPGT_LM_BSBIRDBOND*;MM_PAPGT_LM_BSB
ALCO;ALM_OSCORP_LFTC_BSBIRDBOND*;CORP_LFTC_BSB
GCB;FLOWTR_MM_RBOND_BSBIRDBOND*;TR_MM_RBOND_BSB
ALCO;ALM_OSCORP_LFTX_BSBIRDBOND*;CORP_LFTX_BSB
GCB;FLOWMM_COMLB_RF_BSBIRDBOND*;MM_COMLB_RF_BSB
ALCO;ALM_OSCORP_LFTC_BSBIRDBOND*;CORP_LFTC_BSB
GCB;FLOWMM_COMLB_LM_BSBIRDBOND*;MM_COMLB_LM_BSB
GCB;FLOWTR_MM_LBLM_BSBIRDBOND*;TR_MM_LBLM_BSB
GCB;PROPTR_BEBRT_LM_BSBIRDBOND*;TR_BEBRT_LM_BSB
GCB;NON FLOWBAL_BRL_RF_BSBIRDBOND*;BAL_BRL_RF_BSB
GCB;FLOWMM_PAPGT_RF_BSBIRDBOND*;MM_PAPGT_RF_BSB
GCB;FLOWMM_IPCAR_RF_BSBIRDBOND*;MM_IPCAR_RF_BSB
ALCO;ALM_OSCORP_LFTC_BSBIRDBOND*;CORP_LFTC_BSB
GCB;NON FLOWBAL_BPRI_RF_BSBIRDBOND*;BAL_BPRI_RF_BSB
GCB;FLOWTR_MM_IPCL_BSBIRDBOND*;TR_MM_IPCL_BSB
GCB;FLOWMM_COMLB_LM_BSBIRDBOND*;MM_COMLB_LM_BSB
GCB;NON FLOWBAL_SECA_RF_BSBIRDBOND*;BAL_SECA_RF_BSB
GCB;FLOWTR_MM_FBRF_BSBIRDBOND*;TR_MM_FBRF_BSB
GCB;NON FLOWBAL_BPRI_RF_BSBIRDBOND*;BAL_BPRI_RF_BSB
ALCO;ALM_OSCORP_GFEZ_BDPIRDBOND*;CORP_GFEZ_BDP
GCB;FLOWTR_MM_FBRF_BSBIRDBOND*;TR_MM_FBRF_BSB
GCB;FLOWTR_MM_RB_LM_BSBIRDBOND*;TR_MM_RB_LM_BSB
GCB;FLOWTR_MM_RB_SR_BSBIRDBOND*;TR_MM_RB_SR_BSB
GCB;NON FLOWBAL_BPRI_RF_BSBIRDBOND*;BAL_BPRI_RF_BSB
GCB;FLOWMM_PAPGT_LM_BSBIRDBOND*;MM_PAPGT_LM_BSB
GCB;PROPTR_PAPDI_RF_BSBIRDBOND*;TR_PAPDI_RF_BSB
GCB;NON FLOWBAL_SECA_RF_BSBIRDBOND*;BAL_SECA_RF_BSB
GCB;PROPTR_PDLB_LM_BSBIRDBOND*;TR_PDLB_LM_BSB
GCB;FLOWMM_CASAR_LM_BSBIRDBOND*;MM_CASAR_LM_BSB
GCB;NON FLOWBAL_LEIL_RF_BSBIRDBOND*;BAL_LEIL_RF_BSB
GCB;FLOWTR_MM_RBOND_BSBIRDBOND*;TR_MM_RBOND_BSB
GCB;FLOWTR_MM_IPCL_BSBIRDBOND*;TR_MM_IPCL_BSB
GCB;FLOWTR_MM_FBLM_BSBIRDBOND*;TR_MM_FBLM_BSB
GCB;FLOWTR_MM_PAPSR_BSBIRDBOND*;TR_MM_PAPSR_BSB
GCB;NON FLOWBAL_LEIL_RF_BSBIRDBOND*;BAL_LEIL_RF_BSB
GCB;NON FLOWBAL_BRL_RF_BSBIRDBOND*;BAL_BRL_RF_BSB
ALCO;ALM_OSCORP_ATU2_SDAIRDBOND*;CORP_ATU2_SDA
GCB;PROPTR_BEBRT_LM_BSBIRDBOND*;TR_BEBRT_LM_BSB
GCB;NON FLOWBAL_SECA_RF_BSBIRDBOND*;BAL_SECA_RF_BSB
GCB;NON FLOWBAL_BRL_RF_BSBIRDBOND*;BAL_BRL_RF_BSB
GCB;FLOWTR_MM_FBRF_BSBIRDBOND*;TR_MM_FBRF_BSB
GCB;FLOWMM_IPCAR_RF_BSBIRDBOND*;MM_IPCAR_RF_BSB
GCB;FLOWMM_COMLB_LM_BSBIRDBOND*;MM_COMLB_LM_BSB
GCB;FLOWTD_SGC_INF2_BSBIRDBOND*;TD_SGC_INF2_BSB
GCB;NON FLOWBAL_PSPRERF_BSBIRDBOND*;BAL_PSPRERF_BSB
ALCO;MM_LIQUIDITYITGE_SAC_BSBIRDBOND*;ITGE_SAC_BSB
GCB;NON FLOWBAL_SECA_SR_BSBIRDBOND*;BAL_SECA_SR_BSB
GCB;NON FLOWBAL_DELTALM_BSBIRDBOND*;BAL_DELTALM_BSB
GCB;FLOWTR_MM_IPCSR_BSBIRDBOND*;TR_MM_IPCSR_BSB
GCB;NON FLOWBAL_BRL_CL2_BSBIRDBOND*;BAL_BRL_CL2_BSB
GCB;FLOWMM_IPCLB_LM_BSBIRDBOND*;MM_IPCLB_LM_BSB
GCB;NON FLOWBAL_BRL_RF_BSBIRDBOND*;BAL_BRL_RF_BSB
GCB;NON FLOWBAL_BRL_RF_BSBIRDBOND*;BAL_BRL_RF_BSB
GCB;PROPTR_BEIP_LM_BSBIRDBOND*;TR_BEIP_LM_BSB
GCB;NON FLOWBAL_BRL_CL1_BSBIRDBOND*;BAL_BRL_CL1_BSB
GCB;NON FLOWBAL_BPRI_RF_BSBIRDBOND*;BAL_BPRI_RF_BSB
GCB;PROPTR_IPCA_LM_BSBIRDBOND*;TR_IPCA_LM_BSB
GCB;NON FLOWBAL_BRL_CL1_BSBIRDBOND*;BAL_BRL_CL1_BSB
GCB;FLOWTR_MM_PAPSR_BSBIRDBOND*;TR_MM_PAPSR_BSB
GCB;NON FLOWBAL_BRL_RF_BSBIRDBOND*;BAL_BRL_RF_BSB
GCB;FLOWMM_COMLB_LM_BSBIRDBOND*;MM_COMLB_LM_BSB
GCB;NON FLOWBAL_PSPRESR_BSBIRDBOND*;BAL_PSPRESR_BSB
GCB;PROPTR_IPCA_SR_BSBIRDBOND*;TR_IPCA_SR_BSB
GCB;PROPTRD_COMP_LM_BSBIRDBOND*;TRD_COMP_LM_BSB
GCB;PROPTR_IPCLB_RF_BSBIRDBOND*;TR_IPCLB_RF_BSB
GCB;NON FLOWBAL_BRL_CL1_BSBIRDBOND*;BAL_BRL_CL1_BSB
GCB;NON FLOWBAL_BRL_SR_BSBIRDBOND*;BAL_BRL_SR_BSB
GCB;FLOWMM_CASLB_LM_BSBIRDBOND*;MM_CASLB_LM_BSB
GCB;NON FLOWBAL_LEIL_RF_BSBIRDBOND*;BAL_LEIL_RF_BSB
GCB;NON FLOWBAL_SECA_RF_BSBIRDBOND*;BAL_SECA_RF_BSB
GCB;CREDITOBAL_DEBFSA_BSBIRDBOND*;BAL_DEBFSA_BSB
GCB;NON FLOWBAL_BRL_CL1_BSBIRDBOND*;BAL_BRL_CL1_BSB
GCB;FLOWTR_MM_IPCL_BSBIRDBOND*;TR_MM_IPCL_BSB
GCB;FLOWMM_PAPGT_RF_BSBIRDBOND*;MM_PAPGT_RF_BSB
GCB;PROPTR_IPCLB_LM_BSBIRDBOND*;TR_IPCLB_LM_BSB
GCB;PROPTR_BEBRT_LM_BSBIRDBOND*;TR_BEBRT_LM_BSB
GCB;FLOWTD_VOLIR_RF_BSBIRDBOND*;TD_VOLIR_RF_BSB
GCB;FLOWTR_MM_IPCLM_BSBIRDBOND*;TR_MM_IPCLM_BSB
GCB;FLOWTR_MM_LBRF_BSBIRDBOND*;TR_MM_LBRF_BSB
GCB;FLOWTD_VOLIR_RF_BSBIRDBOND*;TD_VOLIR_RF_BSB
GCB;NON FLOWBAL_DELTALM_BSBIRDBOND*;BAL_DELTALM_BSB
ALCO;ALM_OSCORP_AFGB_BSBIRDBOND*;CORP_AFGB_BSB
GCB;NON FLOWBAL_BPRI_RF_BSBIRDBOND*;BAL_BPRI_RF_BSB
GCB;FLOWTR_MM_PAPSR_BSBIRDBOND*;TR_MM_PAPSR_BSB
GCB;FLOWTR_MM_LBRF_BSBIRDBOND*;TR_MM_LBRF_BSB
GCB;FLOWMM_CASLB_RF_BSBIRDBOND*;MM_CASLB_RF_BSB
GCB;FLOWTR_MM_LBRF_BSBIRDBOND*;TR_MM_LBRF_BSB
GCB;NON FLOWBAL_BRL_LM_BSBIRDBOND*;BAL_BRL_LM_BSB
GCB;FLOWTR_MM_PAPRF_BSBIRDBOND*;TR_MM_PAPRF_BSB
GCB;NON FLOWBAL_SECA_SR_BSBIRDBOND*;BAL_SECA_SR_BSB
GCB;NON FLOWBAL_LEIL_RF_BSBIRDBOND*;BAL_LEIL_RF_BSB
GCB;ACPMACPM_XVARF2_BSBIRDBOND*;ACPM_XVARF2_BSB
GCB;ACPMACPM_XVARF1_BSBIRDBOND*;ACPM_XVARF1_BSB
GCB;NON FLOWBAL_BRL_CL2_BSBIRDBOND*;BAL_BRL_CL2_BSB
GCB;FLOWTD_VOLIR_LM_BSBIRDBOND*;TD_VOLIR_LM_BSB
GCB;NON FLOWBAL_PSPRELM_BSBIRDBOND*;BAL_PSPRELM_BSB
GCB;NON FLOWBAL_BPRI_RF_BSBIRDBOND*;BAL_BPRI_RF_BSB
GCB;FLOWTR_MM_LBRF_BSBIRDBOND*;TR_MM_LBRF_BSB
GCB;FLOWTR_MM_FBRF_BSBIRDBOND*;TR_MM_FBRF_BSB
GCB;NON FLOWBAL_PSFX_RF_BSBIRDBOND*;BAL_PSFX_RF_BSB
GCB;NON FLOWBAL_REAL_LM_BSBIRDBOND*;BAL_REAL_LM_BSB
GCB;PROPTR_IPCA_LM_BSBIRDBOND*;TR_IPCA_LM_BSB
GCB;PROPTR_PREB_RF_BSBIRDBOND*;TR_PREB_RF_BSB
GCB;FLOWTR_MM_RB_LM_BSBIRDBOND*;TR_MM_RB_LM_BSB
GCB;PROPTRD_COMP2LM_BSBIRDBOND*;TRD_COMP2LM_BSB
GCB;FLOWFII_BZBONDRF_SCIRDBOND*;FII_BZBONDRF_SC
GCB;NON FLOWBAL_BRL_CL1_BSBIRDBOND*;BAL_BRL_CL1_BSB
GCB;NON FLOWBAL_BRL_RF_BSBIRDBOND*;BAL_BRL_RF_BSB
GCB;NON FLOWBAL_SECA_LM_BSBIRDBOND*;BAL_SECA_LM_BSB
GCB;FLOWTR_MM_IPCL_BSBIRDBOND*;TR_MM_IPCL_BSB
GCB;NON FLOWBAL_INF_LM_BSBIRDBOND*;BAL_INF_LM_BSB
GCB;FLOWTD_VOLIR_RF_BSBIRDBOND*;TD_VOLIR_RF_BSB
GCB;FLOWMM_CASLB_LM_BSBIRDBOND*;MM_CASLB_LM_BSB
GCB;FLOWTR_MM_RB_SR_BSBIRDBOND*;TR_MM_RB_SR_BSB
GCB;FLOWMM_COMLB_RF_BSBIRDBOND*;MM_COMLB_RF_BSB
GCB;FLOWMM_TIPGT_RF_BSBIRDBOND*;MM_TIPGT_RF_BSB
GCB;NON FLOWBAL_INF_LM_BSBIRDBOND*;BAL_INF_LM_BSB
GCB;NON FLOWBAL_BRL_RF_BSBIRDBOND*;BAL_BRL_RF_BSB
GCB;NON FLOWBAL_DELTALM_BSBIRDBOND*;BAL_DELTALM_BSB
GCB;ACPMACPM_XVARF2_BSBIRDBOND*;ACPM_XVARF2_BSB
ALCO;MM_LIQUIDITYITGE_SAC_BSBIRDBOND*;ITGE_SAC_BSB
GCB;NON FLOWBAL_TJLP_RF_BSBIRDBOND*;BAL_TJLP_RF_BSB
GCB;FLOWTR_MM_RBOND_BSBIRDBOND*;TR_MM_RBOND_BSB
GCB;NON FLOWBAL_BRL_RF_BSBIRDBOND*;BAL_BRL_RF_BSB
GCB;NON FLOWBAL_SECA_SR_BSBIRDBOND*;BAL_SECA_SR_BSB
GCB;FLOWTR_MM_LBLM_BSBIRDBOND*;TR_MM_LBLM_BSB
GCB;FLOWTR_MM_LBRF_BSBIRDBOND*;TR_MM_LBRF_BSB
GCB;FLOWTR_MM_REALM_BSBIRDBOND*;TR_MM_REALM_BSB
GCB;PROPTR_IPC_LM_BSBIRDBOND*;TR_IPC_LM_BSB
GCB;NON FLOWBAL_BPRI_RF_BSBIRDBOND*;BAL_BPRI_RF_BSB
GCB;NON FLOWBAL_FPRI_RF_BSBIRDBOND*;BAL_FPRI_RF_BSB
GCB;FLOWTR_MM_REALM_BSBIRDBOND*;TR_MM_REALM_BSB
GCB;NON FLOWBAL_BRL_RF_BSBIRDBOND*;BAL_BRL_RF_BSB
GCB;FLOWTR_MM_IPCL_BSBIRDBOND*;TR_MM_IPCL_BSB
GCB;FLOWTD_VOLIR_LM_BSBIRDBOND*;TD_VOLIR_LM_BSB
GCB;FLOWTR_MM_LBRF_BSBIRDBOND*;TR_MM_LBRF_BSB
GCB;NON FLOWBAL_BRL_CL2_BSBIRDBOND*;BAL_BRL_CL2_BSB
GCB;NON FLOWBAL_PSPRELM_BSBIRDBOND*;BAL_PSPRELM_BSB
GCB;FLOWMM_CASLB_RF_BSBIRDBOND*;MM_CASLB_RF_BSB
GCB;CREDITOBAL_DEBP_RF_BSBIRDBOND*;BAL_DEBP_RF_BSB
GCB;NON FLOWBAL_PSPRELM_BSBIRDBOND*;BAL_PSPRELM_BSB
GCB;PROPTR_IPCA_RF_BSBIRDBOND*;TR_IPCA_RF_BSB
GCB;NON FLOWBAL_BRL_CL1_BSBIRDBOND*;BAL_BRL_CL1_BSB
GCB;PROPTR_IGPM_RF_BSBIRDBOND*;TR_IGPM_RF_BSB
GCB;FLOWTR_MM_PAPRF_BSBIRDBOND*;TR_MM_PAPRF_BSB
GCB;NON FLOWBAL_DELTALM_BSBIRDBOND*;BAL_DELTALM_BSB
GCB;NON FLOWBAL_LEIL_RF_BSBIRDBOND*;BAL_LEIL_RF_BSB
GCB;NON FLOWBAL_BRL_CL2_BSBIRDBOND*;BAL_BRL_CL2_BSB
GCB;IRTBAL_DBHRMRF_BSBIRDBOND*;BAL_DBHRMRF_BSB
GCB;PROPTR_IPCLB_RF_BSBIRDBOND*;TR_IPCLB_RF_BSB
GCB;NON FLOWBAL_BRL_CL2_BSBIRDBOND*;BAL_BRL_CL2_BSB
GCB;FLOWTR_MM_FBLM_BSBIRDBOND*;TR_MM_FBLM_BSB
GCB;FLOWTR_MM_RB_LM_BSBIRDBOND*;TR_MM_RB_LM_BSB
GCB;FLOWTR_MM_FBLM_BSBIRDBOND*;TR_MM_FBLM_BSB
GCB;FLOWMM_IPCGT_LM_BSBIRDBOND*;MM_IPCGT_LM_BSB
GCB;FLOWTR_MM_IPCL_BSBIRDBOND*;TR_MM_IPCL_BSB
GCB;FLOWTR_MM_CASRF_BSBIRDBOND*;TR_MM_CASRF_BSB
GCB;FLOWMM_PAPGT_LM_BSBIRDBOND*;MM_PAPGT_LM_BSB
GCB;FLOWTR_MM_REALM_BSBIRDBOND*;TR_MM_REALM_BSB
GCB;NON FLOWBAL_BRL_CL1_BSBIRDBOND*;BAL_BRL_CL1_BSB
GCB;FLOWMM_COMLB_LM_BSBIRDBOND*;MM_COMLB_LM_BSB
GCB;FLOWTR_MM_FBRF_BSBIRDBOND*;TR_MM_FBRF_BSB
GCB;NON FLOWBAL_BRL_RF_BSBIRDBOND*;BAL_BRL_RF_BSB
GCB;NON FLOWBAL_BRL_RF_BSBIRDBOND*;BAL_BRL_RF_BSB
GCB;NON FLOWBAL_BPRI_RF_BSBIRDBOND*;BAL_BPRI_RF_BSB
GCB;NON FLOWBAL_BRL_CL2_BSBIRDBOND*;BAL_BRL_CL2_BSB
GCB;FLOWTR_MM_LBLM_BSBIRDBOND*;TR_MM_LBLM_BSB
GCB;PROPTR_IPCA_SR_BSBIRDBOND*;TR_IPCA_SR_BSB
GCB;NON FLOWBAL_BRL_RF_BSBIRDBOND*;BAL_BRL_RF_BSB
GCB;NON FLOWBAL_BRL_SR_BSBIRDBOND*;BAL_BRL_SR_BSB
GCB;FLOWMM_IPCLB_RF_BSBIRDBOND*;MM_IPCLB_RF_BSB
GCB;FLOWTR_MM_FBRF_BSBIRDBOND*;TR_MM_FBRF_BSB
GCB;NON FLOWBAL_BPRI_RF_BSBIRDBOND*;BAL_BPRI_RF_BSB
GCB;NON FLOWBAL_PSFX_RF_BSBIRDBOND*;BAL_PSFX_RF_BSB
GCB;CREDITOBAL_DEBP_RF_BSBIRDBOND*;BAL_DEBP_RF_BSB
GCB;FLOWMM_CASAR_RF_BSBIRDBOND*;MM_CASAR_RF_BSB
GCB;PROPTRD_COMP_RF_BSBIRDBOND*;TRD_COMP_RF_BSB
GCB;NON FLOWBAL_BPRI_RF_BSBIRDBOND*;BAL_BPRI_RF_BSB
GCB;NON FLOWBAL_BRL_SR_BSBIRDBOND*;BAL_BRL_SR_BSB
GCB;NON FLOWBAL_DELTARF_BSBIRDBOND*;BAL_DELTARF_BSB
GCB;FLOWTR_MM_IPCL_BSBIRDBOND*;TR_MM_IPCL_BSB
GCB;FLOWTR_MM_PAPRF_BSBIRDBOND*;TR_MM_PAPRF_BSB
GCB;ACPMACPM_XVARF1_BSBIRDBOND*;ACPM_XVARF1_BSB
GCB;FLOWTR_MM_RBOND_BSBIRDBOND*;TR_MM_RBOND_BSB
GCB;NON FLOWBAL_PSFX_RF_BSBIRDBOND*;BAL_PSFX_RF_BSB
GCB;FLOWTR_MM_IPCL_BSBIRDBOND*;TR_MM_IPCL_BSB
GCB;NON FLOWBAL_BRL_RF_BSBIRDBOND*;BAL_BRL_RF_BSB
GCB;FLOWTR_MM_RB_SR_BSBIRDBOND*;TR_MM_RB_SR_BSB
GCB;NON FLOWBAL_BRL_CL2_BSBIRDBOND*;BAL_BRL_CL2_BSB
ALCO;ALM_OSCORP_GFEZ_RDTIRDBOND*;CORP_GFEZ_RDT
GCB;NON FLOWBAL_BRL_RF_BSBIRDBOND*;BAL_BRL_RF_BSB
GCB;FLOWTR_MM_PAPRF_BSBIRDBOND*;TR_MM_PAPRF_BSB
GCB;NON FLOWBAL_BRL_SR_BSBIRDBOND*;BAL_BRL_SR_BSB
GCB;FLOWTR_MM_LBRF_BSBIRDBOND*;TR_MM_LBRF_BSB
GCB;EQUITYEQ_MM_CX_FDOIRDBOND*;EQ_MM_CX_FDO
GCB;FLOWTR_MM_CASRF_BSBIRDBOND*;TR_MM_CASRF_BSB
GCB;NON FLOWBAL_BRL_RF_BSBIRDBOND*;BAL_BRL_RF_BSB
GCB;FLOWTR_MM_IPCRF_BSBIRDBOND*;TR_MM_IPCRF_BSB
GCB;FLOWTR_MM_CASLM_BSBIRDBOND*;TR_MM_CASLM_BSB
GCB;NON FLOWBAL_REAL_LM_BSBIRDBOND*;BAL_REAL_LM_BSB
GCB;NON FLOWBAL_BRL_CL1_BSBIRDBOND*;BAL_BRL_CL1_BSB
GCB;NON FLOWBAL_BRL_CL2_BSBIRDBOND*;BAL_BRL_CL2_BSB
GCB;PROPTR_PREBT_LM_BSBIRDBOND*;TR_PREBT_LM_BSB
GCB;NON FLOWBAL_BRL_CL1_BSBIRDBOND*;BAL_BRL_CL1_BSB
GCB;FLOWTR_MM_CASRF_BSBIRDBOND*;TR_MM_CASRF_BSB
ALCO;MM_LIQUIDITYITGE_SAC_BSBIRDBOND*;ITGE_SAC_BSB
GCB;NON FLOWBAL_BRL_RF_BSBIRDBOND*;BAL_BRL_RF_BSB
GCB;FLOWTR_MM_RBOND_BSBIRDBOND*;TR_MM_RBOND_BSB
GCB;NON FLOWBAL_PSPRERF_BSBIRDBOND*;BAL_PSPRERF_BSB
GCB;NON FLOWBAL_BRL_CL2_BSBIRDBOND*;BAL_BRL_CL2_BSB
GCB;FLOWMM_IPCAR_RF_BSBIRDBOND*;MM_IPCAR_RF_BSB
GCB;PROPTR_IPC_LM_BSBIRDBOND*;TR_IPC_LM_BSB
GCB;NON FLOWBAL_REAL_LM_BSBIRDBOND*;BAL_REAL_LM_BSB
GCB;PROPTR_IPCLB_LM_BSBIRDBOND*;TR_IPCLB_LM_BSB
GCB;NON FLOWBAL_SECA_LM_BSBIRDBOND*;BAL_SECA_LM_BSB
GCB;NON FLOWBAL_BRL_RF_BSBIRDBOND*;BAL_BRL_RF_BSB
GCB;FLOWTR_MM_PAPSR_BSBIRDBOND*;TR_MM_PAPSR_BSB
GCB;NON FLOWBAL_BRL_LM_BSBIRDBOND*;BAL_BRL_LM_BSB
GCB;FLOWTR_MM_CASLM_BSBIRDBOND*;TR_MM_CASLM_BSB
GCB;NON FLOWBAL_BPRI_RF_BSBIRDBOND*;BAL_BPRI_RF_BSB
GCB;PROPTR_IPCLB_LM_BSBIRDBOND*;TR_IPCLB_LM_BSB
GCB;NON FLOWBAL_FPRI_RF_BSBIRDBOND*;BAL_FPRI_RF_BSB
ALCO;ALM_OSCORP_GFEZ_BSBIRDBOND*;CORP_GFEZ_BSB
GCB;PROPTR_PADI_LM_BSBIRDBOND*;TR_PADI_LM_BSB
GCB;FLOWMM_TIPGT_RF_BSBIRDBOND*;MM_TIPGT_RF_BSB
GCB;EQUITYEQ_MM_CX_FDOIRDBOND*;EQ_MM_CX_FDO
GCB;FLOWTR_MM_FBRF_BSBIRDBOND*;TR_MM_FBRF_BSB
GCB;NON FLOWBAL_BPRI_RF_BSBIRDBOND*;BAL_BPRI_RF_BSB
GCB;NON FLOWBAL_BRL_CL2_BSBIRDBOND*;BAL_BRL_CL2_BSB
GCB;NON FLOWBAL_INF_LM_BSBIRDBOND*;BAL_INF_LM_BSB
ALCO;ALM_OSCORP_GFEZ_BSBIRDBOND*;CORP_GFEZ_BSB
GCB;PROPTR_PREP_LM_BSBIRDBOND*;TR_PREP_LM_BSB
GCB;FLOWMM_CASLB_LM_BSBIRDBOND*;MM_CASLB_LM_BSB
ALCO;ALM_OSCORP_NFEZ_BSBIRDBOND*;CORP_NFEZ_BSB
ALCO;ALM_OSCORP_NFEZ_BSBIRDBOND*;CORP_NFEZ_BSB
GCB;FLOWTR_MM_PAPSR_BSBIRDBOND*;TR_MM_PAPSR_BSB
GCB;NON FLOWBAL_DELTARF_BSBIRDBOND*;BAL_DELTARF_BSB
GCB;NON FLOWBAL_BRL_RF_BSBIRDBOND*;BAL_BRL_RF_BSB
GCB;FLOWTR_MM_RBOND_BSBIRDBOND*;TR_MM_RBOND_BSB
ALCO;ALM_OSCORP_LFTC_BSBIRDBOND*;CORP_LFTC_BSB
GCB;NON FLOWBAL_BRL_CL1_BSBIRDBOND*;BAL_BRL_CL1_BSB
GCB;FLOWMM_CASLB_RF_BSBIRDBOND*;MM_CASLB_RF_BSB
GCB;FLOWMM_IPCGT_RF_BSBIRDBOND*;MM_IPCGT_RF_BSB
GCB;FLOWTR_POS_LM_BSBIRDBOND*;TR_POS_LM_BSB
GCB;FLOWTD_VOLIR_RF_BSBIRDBOND*;TD_VOLIR_RF_BSB
GCB;PROPTR_IPCLB_RF_BSBIRDBOND*;TR_IPCLB_RF_BSB
GCB;FLOWMM_COMLB_LM_BSBIRDBOND*;MM_COMLB_LM_BSB
GCB;ACPMACPM_XVARF1_BSBIRDBOND*;ACPM_XVARF1_BSB
GCB;PROPTR_IPCLB_LM_BSBIRDBOND*;TR_IPCLB_LM_BSB
GCB;FLOWTR_MM_IPCRF_BSBIRDBOND*;TR_MM_IPCRF_BSB
GCB;NON FLOWBAL_BRL_CL1_BSBIRDBOND*;BAL_BRL_CL1_BSB
GCB;NON FLOWBAL_PSPRERF_BSBIRDBOND*;BAL_PSPRERF_BSB
GCB;NON FLOWBAL_BPRI_RF_BSBIRDBOND*;BAL_BPRI_RF_BSB
GCB;NON FLOWBAL_BRL_RF_BSBIRDBOND*;BAL_BRL_RF_BSB
ALCO;ALM_OSCORP_NFEZ_BSBIRDBOND*;CORP_NFEZ_BSB
GCB;FLOWTR_MM_REALM_BSBIRDBOND*;TR_MM_REALM_BSB
GCB;FLOWTR_MM_LBLM_BSBIRDBOND*;TR_MM_LBLM_BSB
GCB;PROPTR_BEIPC_RF_BSBIRDBOND*;TR_BEIPC_RF_BSB
EVIDENCE;ALM_OSFGB_CART_BSBIRDBOND*;FGB_CART_BSB
GCB;FLOWTR_MM_RBOND_BSBIRDBOND*;TR_MM_RBOND_BSB
GCB;NON FLOWBAL_PSPRELM_BSBIRDBOND*;BAL_PSPRELM_BSB
GCB;FLOWTD_SGC_INF2_BSBIRDBOND*;TD_SGC_INF2_BSB
GCB;FLOWTR_MM_IPCL_BSBIRDBOND*;TR_MM_IPCL_BSB
GCB;FLOWTR_MM_CASRF_BSBIRDBOND*;TR_MM_CASRF_BSB
GCB;FLOWTR_MM_IPCL_BSBIRDBOND*;TR_MM_IPCL_BSB
EVIDENCE;ALM_OSFGB_CART_BSBIRDBOND*;FGB_CART_BSB
GCB;NON FLOWBAL_TJLP_RF_BSBIRDBOND*;BAL_TJLP_RF_BSB
GCB;NON FLOWBAL_BRL_RF_BSBIRDBOND*;BAL_BRL_RF_BSB
GCB;FLOWTR_MM_PAPLM_BSBIRDBOND*;TR_MM_PAPLM_BSB
ALCO;MM_LIQUIDITYITGE_SAC_BSBIRDBOND*;ITGE_SAC_BSB
GCB;FLOWTR_MM_BCKP_BSBIRDBOND*;TR_MM_BCKP_BSB
GCB;NON FLOWBAL_SECA_RF_BSBIRDBOND*;BAL_SECA_RF_BSB
GCB;PROPTR_IPCA_LM_BSBIRDBOND*;TR_IPCA_LM_BSB
GCB;FLOWTR_MM_IPCRF_BSBIRDBOND*;TR_MM_IPCRF_BSB
GCB;PROPTRD_COMP1LM_BSBIRDBOND*;TRD_COMP1LM_BSB
GCB;NON FLOWBAL_BRL_RF_BSBIRDBOND*;BAL_BRL_RF_BSB
GCB;NON FLOWBAL_BRL_SR_BSBIRDBOND*;BAL_BRL_SR_BSB
GCB;FLOWTR_MM_IPCLM_BSBIRDBOND*;TR_MM_IPCLM_BSB
GCB;NON FLOWBAL_REAL_LM_BSBIRDBOND*;BAL_REAL_LM_BSB
GCB;FLOWMM_IPCLB_LM_BSBIRDBOND*;MM_IPCLB_LM_BSB
GCB;NON FLOWBAL_PSPRERF_BSBIRDBOND*;BAL_PSPRERF_BSB
GCB;NON FLOWBAL_LEIL_RF_BSBIRDBOND*;BAL_LEIL_RF_BSB
GCB;NON FLOWBAL_BRL_RF_BSBIRDBOND*;BAL_BRL_RF_BSB
GCB;NON FLOWBAL_INF_LM_BSBIRDBOND*;BAL_INF_LM_BSB
ALCO;ALM_OSCORP_GFEZ_BSBIRDBOND*;CORP_GFEZ_BSB
GCB;NON FLOWBAL_PSFX_RF_BSBIRDBOND*;BAL_PSFX_RF_BSB
GCB;FLOWTR_MM_IPCRF_BSBIRDBOND*;TR_MM_IPCRF_BSB
GCB;NON FLOWBAL_REAL_LM_BSBIRDBOND*;BAL_REAL_LM_BSB
GCB;NON FLOWBAL_PSFX_RF_BSBIRDBOND*;BAL_PSFX_RF_BSB
GCB;CREDITOBAL_DEBP_RF_BSBIRDBOND*;BAL_DEBP_RF_BSB
GCB;PROPTRD_COMP1RF_BSBIRDBOND*;TRD_COMP1RF_BSB
GCB;NON FLOWBAL_BPRI_RF_BSBIRDBOND*;BAL_BPRI_RF_BSB
GCB;FLOWMM_CASAR_LM_BSBIRDBOND*;MM_CASAR_LM_BSB
GCB;FLOWMM_COMLB_RF_BSBIRDBOND*;MM_COMLB_RF_BSB
GCB;FLOWTR_MM_REALM_BSBIRDBOND*;TR_MM_REALM_BSB
GCB;FLOWTR_MM_IPCRF_BSBIRDBOND*;TR_MM_IPCRF_BSB
GCB;FLOWMM_TIPGT_RF_BSBIRDBOND*;MM_TIPGT_RF_BSB
GCB;FLOWTD_ST3_RF_BSBIRDBOND*;TD_ST3_RF_BSB
GCB;NON FLOWBAL_BRL_RF_BSBIRDBOND*;BAL_BRL_RF_BSB
GCB;FLOWTR_MM_IPCRF_BSBIRDBOND*;TR_MM_IPCRF_BSB
GCB;NON FLOWBAL_BRL_SR_BSBIRDBOND*;BAL_BRL_SR_BSB
GCB;FLOWMM_IPCLB_LM_BSBIRDBOND*;MM_IPCLB_LM_BSB
GCB;NON FLOWBAL_BRL_RF_BSBIRDBOND*;BAL_BRL_RF_BSB
GCB;NON FLOWBAL_BRL_CL2_BSBIRDBOND*;BAL_BRL_CL2_BSB
GCB;NON FLOWBAL_BRL_RF_BSBIRDBOND*;BAL_BRL_RF_BSB
GCB;FLOWTR_MM_FBRF_BSBIRDBOND*;TR_MM_FBRF_BSB
GCB;ACPMACPM_XVA_RF_BSBIRDBOND*;ACPM_XVA_RF_BSB
GCB;FLOWMM_COMLB_LM_BSBIRDBOND*;MM_COMLB_LM_BSB
GCB;NON FLOWBAL_REAL_LM_BSBIRDBOND*;BAL_REAL_LM_BSB
GCB;FLOWMM_IPCAR_RF_BSBIRDBOND*;MM_IPCAR_RF_BSB
GCB;NON FLOWBAL_BRL_RF_BSBIRDBOND*;BAL_BRL_RF_BSB
GCB;NON FLOWBAL_PSFX_RF_BSBIRDBOND*;BAL_PSFX_RF_BSB
GCB;NON FLOWBAL_INF_LM_BSBIRDBOND*;BAL_INF_LM_BSB
GCB;FLOWMM_TIPGT_LM_BSBIRDBOND*;MM_TIPGT_LM_BSB
GCB;FLOWMM_IPCGT_LM_BSBIRDBOND*;MM_IPCGT_LM_BSB
GCB;NON FLOWBAL_SECA_SR_BSBIRDBOND*;BAL_SECA_SR_BSB
GCB;NON FLOWBAL_BRL_CL2_BSBIRDBOND*;BAL_BRL_CL2_BSB
GCB;NON FLOWBAL_BRL_RF_BSBIRDBOND*;BAL_BRL_RF_BSB
GCB;FLOWTR_MM_PAPRF_BSBIRDBOND*;TR_MM_PAPRF_BSB
GCB;NON FLOWBAL_BRL_CL2_BSBIRDBOND*;BAL_BRL_CL2_BSB
GCB;NON FLOWBAL_TJLP_RF_BSBIRDBOND*;BAL_TJLP_RF_BSB
GCB;FLOWMM_IPCAR_RF_BSBIRDBOND*;MM_IPCAR_RF_BSB
GCB;NON FLOWBAL_BRL_RF_BSBIRDBOND*;BAL_BRL_RF_BSB
GCB;FLOWMM_IPCLB_RF_BSBIRDBOND*;MM_IPCLB_RF_BSB
GCB;FLOWTR_MM_PAPSR_BSBIRDBOND*;TR_MM_PAPSR_BSB
GCB;FLOWMM_IPCLB_LM_BSBIRDBOND*;MM_IPCLB_LM_BSB
GCB;FLOWMM_PAPGT_RF_BSBIRDBOND*;MM_PAPGT_RF_BSB
GCB;NON FLOWBAL_PSFX_LM_BSBIRDBOND*;BAL_PSFX_LM_BSB
GCB;NON FLOWBAL_REAL_LM_BSBIRDBOND*;BAL_REAL_LM_BSB
GCB;NON FLOWBAL_BRL_CL1_BSBIRDBOND*;BAL_BRL_CL1_BSB
GCB;PROPTR_IPCA_RF_BSBIRDBOND*;TR_IPCA_RF_BSB
GCB;NON FLOWBAL_SECA_RF_BSBIRDBOND*;BAL_SECA_RF_BSB
GCB;FLOWMM_PAPGT_RF_BSBIRDBOND*;MM_PAPGT_RF_BSB
GCB;NON FLOWBAL_BRL_RF_BSBIRDBOND*;BAL_BRL_RF_BSB
GCB;NON FLOWBAL_BRL_RF_BSBIRDBOND*;BAL_BRL_RF_BSB
GCB;FLOWTR_MM_PAPRF_BSBIRDBOND*;TR_MM_PAPRF_BSB
GCB;CREDITOBAL_DEBP_RF_BSBIRDBOND*;BAL_DEBP_RF_BSB
GCB;NON FLOWBAL_BRL_SR_BSBIRDBOND*;BAL_BRL_SR_BSB
GCB;PROPTR_IPC_LM_BSBIRDBOND*;TR_IPC_LM_BSB
GCB;NON FLOWBAL_PSFX_LM_BSBIRDBOND*;BAL_PSFX_LM_BSB
GCB;FLOWTR_MM_FBSR_BSBIRDBOND*;TR_MM_FBSR_BSB
GCB;PROPTR_PREB_LM_BSBIRDBOND*;TR_PREB_LM_BSB
GCB;NON FLOWBAL_DELTARF_BSBIRDBOND*;BAL_DELTARF_BSB
GCB;PROPTRD_COMP2RF_BSBIRDBOND*;TRD_COMP2RF_BSB
GCB;FLOWTR_MM_LBLM_BSBIRDBOND*;TR_MM_LBLM_BSB
GCB;FLOWTR_MM_IPCRF_BSBIRDBOND*;TR_MM_IPCRF_BSB
GCB;FLOWMM_IPCAR_RF_BSBIRDBOND*;MM_IPCAR_RF_BSB
GCB;NON FLOWBAL_BRL_SR_BSBIRDBOND*;BAL_BRL_SR_BSB
GCB;FLOWTR_MM_IPCRF_BSBIRDBOND*;TR_MM_IPCRF_BSB
GCB;FLOWTR_MM_IPCSR_BSBIRDBOND*;TR_MM_IPCSR_BSB
GCB;NON FLOWBAL_PSPRERF_BSBIRDBOND*;BAL_PSPRERF_BSB
GCB;FLOWTR_MM_RB_LM_BSBIRDBOND*;TR_MM_RB_LM_BSB
GCB;FLOWTR_MM_FBLM_BSBIRDBOND*;TR_MM_FBLM_BSB
GCB;NON FLOWBAL_BRL_RF_BSBIRDBOND*;BAL_BRL_RF_BSB
GCB;FLOWTR_MM_FBLM_BSBIRDBOND*;TR_MM_FBLM_BSB
GCB;PROPTR_PREB_RF_BSBIRDBOND*;TR_PREB_RF_BSB
GCB;PROPTR_IPCA_SR_BSBIRDBOND*;TR_IPCA_SR_BSB
ALCO;ALM_OSCORP_AFGB_BSBIRDBOND*;CORP_AFGB_BSB
GCB;PROPTR_PAPDI_RF_BSBIRDBOND*;TR_PAPDI_RF_BSB
GCB;NON FLOWBAL_PSFX_RF_BSBIRDBOND*;BAL_PSFX_RF_BSB
GCB;PROPTR_IPCLB_RF_BSBIRDBOND*;TR_IPCLB_RF_BSB
GCB;FLOWTR_MM_RB_LM_BSBIRDBOND*;TR_MM_RB_LM_BSB
GCB;NON FLOWBAL_SECA_SR_BSBIRDBOND*;BAL_SECA_SR_BSB
ALCO;ALM_OSCORP_GFEZ_BSBIRDBOND*;CORP_GFEZ_BSB
GCB;FLOWTD_VOLIR_LM_BSBIRDBOND*;TD_VOLIR_LM_BSB
GCB;FLOWTR_MM_PAPRF_BSBIRDBOND*;TR_MM_PAPRF_BSB
GCB;NON FLOWBAL_BRL_RF_BSBIRDBOND*;BAL_BRL_RF_BSB
ALCO;ALM_OSCORP_LFTX_BSBIRDBOND*;CORP_LFTX_BSB
GCB;NON FLOWBAL_BRL_RF_BSBIRDBOND*;BAL_BRL_RF_BSB
GCB;FLOWMM_CASAR_LM_BSBIRDBOND*;MM_CASAR_LM_BSB
GCB;FLOWTD_VOLIR_LM_BSBIRDBOND*;TD_VOLIR_LM_BSB
GCB;NON FLOWBAL_PSPRERF_BSBIRDBOND*;BAL_PSPRERF_BSB
GCB;PROPTR_BEBRT_LM_BSBIRDBOND*;TR_BEBRT_LM_BSB
GCB;FLOWUS_CLIE_RF_BSBIRDBOND*;US_CLIE_RF_BSB
GCB;FLOWTR_MM_RBOND_BSBIRDBOND*;TR_MM_RBOND_BSB
GCB;PROPTR_PADI_LM_BSBIRDBOND*;TR_PADI_LM_BSB
GCB;FLOWTR_MM_REALM_BSBIRDBOND*;TR_MM_REALM_BSB
GCB;FLOWTD_VOLIR_LM_BSBIRDBOND*;TD_VOLIR_LM_BSB
GCB;FLOWTD_VOLIR_SR_BSBIRDBOND*;TD_VOLIR_SR_BSB
GCB;FLOWMM_CASAR_RF_BSBIRDBOND*;MM_CASAR_RF_BSB
GCB;FLOWTR_MM_RBOND_BSBIRDBOND*;TR_MM_RBOND_BSB
GCB;NON FLOWBAL_PSPRERF_BSBIRDBOND*;BAL_PSPRERF_BSB
GCB;FLOWMM_CASLB_LM_BSBIRDBOND*;MM_CASLB_LM_BSB
GCB;CREDITOBAL_DEBP_RF_BSBIRDBOND*;BAL_DEBP_RF_BSB
GCB;NON FLOWBAL_LEIL_RF_BSBIRDBOND*;BAL_LEIL_RF_BSB
GCB;FLOWTD_VOLIR_RF_BSBIRDBOND*;TD_VOLIR_RF_BSB
GCB;FLOWTR_MM_LBRF_BSBIRDBOND*;TR_MM_LBRF_BSB
GCB;FLOWMM_IPCLB_LM_BSBIRDBOND*;MM_IPCLB_LM_BSB
GCB;FLOWTR_MM_IPCLM_BSBIRDBOND*;TR_MM_IPCLM_BSB
GCB;FLOWTR_MM_PAPLM_BSBIRDBOND*;TR_MM_PAPLM_BSB
GCB;NON FLOWBAL_BRL_CL2_BSBIRDBOND*;BAL_BRL_CL2_BSB
GCB;NON FLOWBAL_PSPRERF_BSBIRDBOND*;BAL_PSPRERF_BSB
GCB;NON FLOWBAL_BRL_CL2_BSBIRDBOND*;BAL_BRL_CL2_BSB
ALCO;MM_LIQUIDITYITGE_SAC_BSBIRDBOND*;ITGE_SAC_BSB
GCB;FLOWTR_MM_RBOND_BSBIRDBOND*;TR_MM_RBOND_BSB
GCB;FLOWTR_MM_FBLM_BSBIRDBOND*;TR_MM_FBLM_BSB
GCB;PROPTR_IPC_LM_BSBIRDBOND*;TR_IPC_LM_BSB
GCB;PROPTR_PREP_RF_BSBIRDBOND*;TR_PREP_RF_BSB
GCB;ACPMACPM_XVARF1_BSBIRDBOND*;ACPM_XVARF1_BSB
GCB;FLOWTR_MM_CASRF_BSBIRDBOND*;TR_MM_CASRF_BSB
GCB;NON FLOWBAL_DELTARF_BSBIRDBOND*;BAL_DELTARF_BSB
GCB;FLOWTR_MM_CASLM_BSBIRDBOND*;TR_MM_CASLM_BSB
GCB;NON FLOWBAL_REAL_LM_BSBIRDBOND*;BAL_REAL_LM_BSB
GCB;NON FLOWBAL_PSPRELM_BSBIRDBOND*;BAL_PSPRELM_BSB
GCB;NON FLOWBAL_SECA_LM_BSBIRDBOND*;BAL_SECA_LM_BSB
GCB;NON FLOWBAL_BRL_RF_BSBIRDBOND*;BAL_BRL_RF_BSB
GCB;NON FLOWBAL_BPRI_RF_BSBIRDBOND*;BAL_BPRI_RF_BSB
GCB;FLOWTR_MM_REALM_BSBIRDBOND*;TR_MM_REALM_BSB
GCB;NON FLOWBAL_PSPRERF_BSBIRDBOND*;BAL_PSPRERF_BSB
GCB;NON FLOWBAL_TJLP_RF_BSBIRDBOND*;BAL_TJLP_RF_BSB
GCB;PROPTR_BEBRT_LM_BSBIRDBOND*;TR_BEBRT_LM_BSB
GCB;FLOWTR_MM_IPCLM_BSBIRDBOND*;TR_MM_IPCLM_BSB
GCB;PROPTR_PADI_LM_BSBIRDBOND*;TR_PADI_LM_BSB
GCB;PROPTR_IPCA_RF_BSBIRDBOND*;TR_IPCA_RF_BSB
GCB;FLOWTD_SGC_INF2_BSBIRDBOND*;TD_SGC_INF2_BSB
GCB;NON FLOWBAL_BRL_RF_BSBIRDBOND*;BAL_BRL_RF_BSB
GCB;PROPTR_BEIPC_RF_BSBIRDBOND*;TR_BEIPC_RF_BSB
GCB;FLOWTR_MM_FBLM_BSBIRDBOND*;TR_MM_FBLM_BSB
GCB;PROPTR_IPCA_RF_BSBIRDBOND*;TR_IPCA_RF_BSB
GCB;FLOWMM_TIPGT_RF_BSBIRDBOND*;MM_TIPGT_RF_BSB
ALCO;ALM_OSCORP_LFTC_BSBIRDBOND*;CORP_LFTC_BSB
GCB;FLOWTR_MM_BCKP_BSBIRDBOND*;TR_MM_BCKP_BSB
GCB;FLOWMM_CASLB_RF_BSBIRDBOND*;MM_CASLB_RF_BSB
GCB;FLOWTR_MM_CASLM_BSBIRDBOND*;TR_MM_CASLM_BSB
GCB;NON FLOWBAL_DELTALM_BSBIRDBOND*;BAL_DELTALM_BSB
GCB;NON FLOWBAL_PSPRELM_BSBIRDBOND*;BAL_PSPRELM_BSB
GCB;NON FLOWBAL_PSPRELM_BSBIRDBOND*;BAL_PSPRELM_BSB
GCB;NON FLOWBAL_BRL_RF_BSBIRDBOND*;BAL_BRL_RF_BSB
GCB;FLOWMM_CASAR_RF_BSBIRDBOND*;MM_CASAR_RF_BSB
GCB;NON FLOWBAL_BRL_RF_BSBIRDBOND*;BAL_BRL_RF_BSB
GCB;FLOWTR_MM_CASRF_BSBIRDBOND*;TR_MM_CASRF_BSB
GCB;FLOWTD_VOL_ST36_BSBIRDBOND*;TD_VOL_ST36_BSB
GCB;PROPTR_IPCLB_RF_BSBIRDBOND*;TR_IPCLB_RF_BSB
GCB;NON FLOWBAL_BRL_RF_BSBIRDBOND*;BAL_BRL_RF_BSB
GCB;NON FLOWBAL_BRL_RF_BSBIRDBOND*;BAL_BRL_RF_BSB
GCB;NON FLOWBAL_BRL_RF_BSBIRDBOND*;BAL_BRL_RF_BSB
GCB;FLOWTD_VOLIR_RF_BSBIRDBOND*;TD_VOLIR_RF_BSB
GCB;PROPTRD_COMP_LM_BSBIRDBOND*;TRD_COMP_LM_BSB
GCB;PROPTR_ABIGP_RF_BSBIRDBOND*;TR_ABIGP_RF_BSB
GCB;NON FLOWBAL_BRL_RF_BSBIRDBOND*;BAL_BRL_RF_BSB
GCB;NON FLOWBAL_BPRI_RF_BSBIRDBOND*;BAL_BPRI_RF_BSB
GCB;FLOWTD_VOLIR_RF_BSBIRDBOND*;TD_VOLIR_RF_BSB
GCB;FLOWTR_MM_IPCRF_BSBIRDBOND*;TR_MM_IPCRF_BSB
GCB;NON FLOWBAL_FVO_LM_BSBIRDBOND*;BAL_FVO_LM_BSB
GCB;FLOWTR_MM_LBRF_BSBIRDBOND*;TR_MM_LBRF_BSB
GCB;FLOWTR_MM_FBLM_BSBIRDBOND*;TR_MM_FBLM_BSB
GCB;NON FLOWBAL_SECA_RF_BSBIRDBOND*;BAL_SECA_RF_BSB
GCB;NON FLOWBAL_REAL_LM_BSBIRDBOND*;BAL_REAL_LM_BSB
GCB;FLOWMM_TIPGT_SR_BSBIRDBOND*;MM_TIPGT_SR_BSB
GCB;NON FLOWBAL_SECA_RF_BSBIRDBOND*;BAL_SECA_RF_BSB
GCB;FLOWMM_COMLB_LM_BSBIRDBOND*;MM_COMLB_LM_BSB
GCB;NON FLOWBAL_BRL_CL1_BSBIRDBOND*;BAL_BRL_CL1_BSB
GCB;CREDITOBAL_DEBFSA_BSBIRDBOND*;BAL_DEBFSA_BSB
GCB;PROPTR_BEBRT_LM_BSBIRDBOND*;TR_BEBRT_LM_BSB
GCB;FLOWMM_IPCAR_RF_BSBIRDBOND*;MM_IPCAR_RF_BSB
ALCO;ALM_OSCORP_GFEZ_BDPIRDBOND*;CORP_GFEZ_BDP
GCB;NON FLOWBAL_PSPRELM_BSBIRDBOND*;BAL_PSPRELM_BSB
GCB;NON FLOWBAL_BPRI_RF_BSBIRDBOND*;BAL_BPRI_RF_BSB
GCB;FLOWTR_MM_FBLM_BSBIRDBOND*;TR_MM_FBLM_BSB
GCB;NON FLOWBAL_BRL_RF_BSBIRDBOND*;BAL_BRL_RF_BSB
GCB;FLOWTR_MM_REALM_BSBIRDBOND*;TR_MM_REALM_BSB
GCB;CREDITOBAL_DEBP_RF_BSBIRDBOND*;BAL_DEBP_RF_BSB
GCB;NON FLOWBAL_SECA_LM_BSBIRDBOND*;BAL_SECA_LM_BSB
GCB;PROPTR_IPCLB_LM_BSBIRDBOND*;TR_IPCLB_LM_BSB
GCB;FLOWTR_MM_PAPDI_BSBIRDBOND*;TR_MM_PAPDI_BSB
GCB;FLOWTD_VOLIR_LM_BSBIRDBOND*;TD_VOLIR_LM_BSB
GCB;FLOWMM_TIPGT_RF_BSBIRDBOND*;MM_TIPGT_RF_BSB
GCB;NON FLOWBAL_BPRI_RF_BSBIRDBOND*;BAL_BPRI_RF_BSB
GCB;PROPTR_PDLB_LM_BSBIRDBOND*;TR_PDLB_LM_BSB
GCB;NON FLOWBAL_PSPRELM_BSBIRDBOND*;BAL_PSPRELM_BSB
GCB;FLOWMM_IPCLB_RF_BSBIRDBOND*;MM_IPCLB_RF_BSB
GCB;FLOWTR_MM_REALM_BSBIRDBOND*;TR_MM_REALM_BSB
GCB;FLOWTR_POS_RF_BSBIRDBOND*;TR_POS_RF_BSB
GCB;FLOWTR_MM_LBLM_BSBIRDBOND*;TR_MM_LBLM_BSB
GCB;NON FLOWBAL_BRL_RF_BSBIRDBOND*;BAL_BRL_RF_BSB
GCB;FLOWTR_MM_FBRF_BSBIRDBOND*;TR_MM_FBRF_BSB
GCB;NON FLOWBAL_DELTARF_BSBIRDBOND*;BAL_DELTARF_BSB
GCB;NON FLOWBAL_DELTALM_BSBIRDBOND*;BAL_DELTALM_BSB
GCB;NON FLOWBAL_BRL_CL2_BSBIRDBOND*;BAL_BRL_CL2_BSB
GCB;NON FLOWBAL_BPRI_RF_BSBIRDBOND*;BAL_BPRI_RF_BSB
GCB;NON FLOWBAL_BRL_CL1_BSBIRDBOND*;BAL_BRL_CL1_BSB
GCB;NON FLOWBAL_BRL_RF_BSBIRDBOND*;BAL_BRL_RF_BSB
GCB;FLOWMM_IPCGT_RF_BSBIRDBOND*;MM_IPCGT_RF_BSB
GCB;PROPTR_PAPDI_RF_BSBIRDBOND*;TR_PAPDI_RF_BSB
GCB;NON FLOWBAL_PSPRERF_BSBIRDBOND*;BAL_PSPRERF_BSB
GCB;FLOWTD_VOLIR_RF_BSBIRDBOND*;TD_VOLIR_RF_BSB
GCB;PROPTR_BEIPC_RF_BSBIRDBOND*;TR_BEIPC_RF_BSB
GCB;FLOWTR_MM_IPCLM_BSBIRDBOND*;TR_MM_IPCLM_BSB
GCB;NON FLOWBAL_REAL_LM_BSBIRDBOND*;BAL_REAL_LM_BSB
ALCO;ALM_OSALCO_USD_RF_BSBIRDBOND*;ALCO_USD_RF_BSB
GCB;NON FLOWBAL_BPRI_RF_BSBIRDBOND*;BAL_BPRI_RF_BSB
GCB;FLOWTR_MM_IPCL_BSBIRDBOND*;TR_MM_IPCL_BSB
GCB;NON FLOWBAL_FPRI_RF_BSBIRDBOND*;BAL_FPRI_RF_BSB
GCB;NON FLOWBAL_DELTALM_BSBIRDBOND*;BAL_DELTALM_BSB
GCB;NON FLOWBAL_LEIL_SR_BSBIRDBOND*;BAL_LEIL_SR_BSB
GCB;NON FLOWBAL_REAL_LM_BSBIRDBOND*;BAL_REAL_LM_BSB
GCB;FLOWTD_ST3_LM_BSBIRDBOND*;TD_ST3_LM_BSB
GCB;FLOWTR_MM_PAPSR_BSBIRDBOND*;TR_MM_PAPSR_BSB
GCB;NON FLOWBAL_BPRI_RF_BSBIRDBOND*;BAL_BPRI_RF_BSB
GCB;FLOWTR_MM_CASLM_BSBIRDBOND*;TR_MM_CASLM_BSB
GCB;NON FLOWBAL_PSPRERF_BSBIRDBOND*;BAL_PSPRERF_BSB
GCB;FLOWMM_PAPGT_RF_BSBIRDBOND*;MM_PAPGT_RF_BSB
GCB;NON FLOWBAL_BRL_RF_BSBIRDBOND*;BAL_BRL_RF_BSB
GCB;FLOWMM_COMLB_RF_BSBIRDBOND*;MM_COMLB_RF_BSB
GCB;NON FLOWBAL_REAL_LM_BSBIRDBOND*;BAL_REAL_LM_BSB
GCB;FLOWTR_MM_FBLM_BSBIRDBOND*;TR_MM_FBLM_BSB
GCB;NON FLOWBAL_DELTARF_BSBIRDBOND*;BAL_DELTARF_BSB
GCB;FLOWTR_MM_PAPRF_BSBIRDBOND*;TR_MM_PAPRF_BSB
GCB;NON FLOWBAL_BRL_RF_BSBIRDBOND*;BAL_BRL_RF_BSB
GCB;FLOWTR_MM_LBRF_BSBIRDBOND*;TR_MM_LBRF_BSB
GCB;NON FLOWBAL_BPRI_RF_BSBIRDBOND*;BAL_BPRI_RF_BSB
GCB;FLOWTR_MM_IPCL_BSBIRDBOND*;TR_MM_IPCL_BSB
GCB;PROPTR_BEBRT_LM_BSBIRDBOND*;TR_BEBRT_LM_BSB
GCB;FLOWTR_MM_PAPSR_BSBIRDBOND*;TR_MM_PAPSR_BSB
GCB;FLOWTR_MM_LBLM_BSBIRDBOND*;TR_MM_LBLM_BSB
GCB;FLOWMM_COMLB_RF_BSBIRDBOND*;MM_COMLB_RF_BSB
GCB;NON FLOWBAL_BRL_RF_BSBIRDBOND*;BAL_BRL_RF_BSB
GCB;NON FLOWBAL_PSFX_LM_BSBIRDBOND*;BAL_PSFX_LM_BSB
GCB;FLOWTD_VOLIR_RF_BSBIRDBOND*;TD_VOLIR_RF_BSB
GCB;FLOWTR_MM_REALM_BSBIRDBOND*;TR_MM_REALM_BSB
GCB;NON FLOWBAL_SECA_RF_BSBIRDBOND*;BAL_SECA_RF_BSB
GCB;NON FLOWBAL_BRL_RF_BSBIRDBOND*;BAL_BRL_RF_BSB
GCB;NON FLOWBAL_BRL_CL1_BSBIRDBOND*;BAL_BRL_CL1_BSB
GCB;PROPTR_IGPM_RF_BSBIRDBOND*;TR_IGPM_RF_BSB
GCB;PROPTR_IPCLB_LM_BSBIRDBOND*;TR_IPCLB_LM_BSB
GCB;NON FLOWBAL_PSFX_SR_BSBIRDBOND*;BAL_PSFX_SR_BSB
GCB;PROPTR_PDLB_RF_BSBIRDBOND*;TR_PDLB_RF_BSB
ALCO;ALM_OSCORP_LFTC_BSBIRDBOND*;CORP_LFTC_BSB
GCB;FLOWTR_MM_FBRF_BSBIRDBOND*;TR_MM_FBRF_BSB
GCB;PROPTR_PAPDI_LM_BSBIRDBOND*;TR_PAPDI_LM_BSB
GCB;NON FLOWBAL_BRL_RF_BSBIRDBOND*;BAL_BRL_RF_BSB
GCB;FLOWTR_MM_IPCSR_BSBIRDBOND*;TR_MM_IPCSR_BSB
GCB;FLOWTR_MM_CASSR_BSBIRDBOND*;TR_MM_CASSR_BSB
GCB;NON FLOWBAL_PSPRESR_BSBIRDBOND*;BAL_PSPRESR_BSB
ALCO;ALM_OSCORP_GFEZ_BSBIRDBOND*;CORP_GFEZ_BSB
GCB;FLOWTR_MM_PAPSR_BSBIRDBOND*;TR_MM_PAPSR_BSB
GCB;NON FLOWBAL_PSPRERF_BSBIRDBOND*;BAL_PSPRERF_BSB
GCB;FLOWMM_TIPGT_RF_BSBIRDBOND*;MM_TIPGT_RF_BSB
GCB;FLOWMM_PAPGT_LM_BSBIRDBOND*;MM_PAPGT_LM_BSB
GCB;FLOWTR_MM_RBOND_BSBIRDBOND*;TR_MM_RBOND_BSB
GCB;NON FLOWBAL_DELTARF_BSBIRDBOND*;BAL_DELTARF_BSB
GCB;FLOWMM_CASLB_LM_BSBIRDBOND*;MM_CASLB_LM_BSB
GCB;NON FLOWBAL_PSFX_RF_BSBIRDBOND*;BAL_PSFX_RF_BSB
GCB;NON FLOWBAL_PSPRERF_BSBIRDBOND*;BAL_PSPRERF_BSB
GCB;NON FLOWBAL_SECA_RF_BSBIRDBOND*;BAL_SECA_RF_BSB
GCB;FLOWTR_MM_REALM_BSBIRDBOND*;TR_MM_REALM_BSB
GCB;FLOWTR_MM_PAPSR_BSBIRDBOND*;TR_MM_PAPSR_BSB
GCB;FLOWTR_MM_PAPRF_BSBIRDBOND*;TR_MM_PAPRF_BSB
GCB;PROPTR_PDLB_RF_BSBIRDBOND*;TR_PDLB_RF_BSB
GCB;FLOWTR_MM_IPCLM_BSBIRDBOND*;TR_MM_IPCLM_BSB
GCB;FLOWTD_SGC_INF2_BSBIRDBOND*;TD_SGC_INF2_BSB
GCB;NON FLOWBAL_BRL_SR_BSBIRDBOND*;BAL_BRL_SR_BSB
GCB;NON FLOWBAL_BRL_CL2_BSBIRDBOND*;BAL_BRL_CL2_BSB
GCB;FLOWTR_MM_PAPRF_BSBIRDBOND*;TR_MM_PAPRF_BSB
ALCO;ALM_OSCORP_GFEZ_BSBIRDBOND*;CORP_GFEZ_BSB
GCB;FLOWTR_MM_IPCRF_BSBIRDBOND*;TR_MM_IPCRF_BSB
GCB;NON FLOWBAL_SECA_SR_BSBIRDBOND*;BAL_SECA_SR_BSB
GCB;FLOWTD_VOLIR_LM_BSBIRDBOND*;TD_VOLIR_LM_BSB
GCB;NON FLOWBAL_BRL_RF_BSBIRDBOND*;BAL_BRL_RF_BSB
GCB;FLOWMM_TIPGT_LM_BSBIRDBOND*;MM_TIPGT_LM_BSB
GCB;NON FLOWBAL_BRL_RF_BSBIRDBOND*;BAL_BRL_RF_BSB
GCB;NON FLOWBAL_INF_LM_BSBIRDBOND*;BAL_INF_LM_BSB
GCB;FLOWTR_MM_RB_LM_BSBIRDBOND*;TR_MM_RB_LM_BSB
GCB;NON FLOWBAL_BPRI_RF_BSBIRDBOND*;BAL_BPRI_RF_BSB
GCB;FLOWTR_MM_PAPSR_BSBIRDBOND*;TR_MM_PAPSR_BSB
GCB;NON FLOWBAL_INF_LM_BSBIRDBOND*;BAL_INF_LM_BSB
GCB;FLOWTR_MM_RB_SR_BSBIRDBOND*;TR_MM_RB_SR_BSB
GCB;FLOWMM_CASAR_RF_BSBIRDBOND*;MM_CASAR_RF_BSB
GCB;FLOWMM_COMLB_LM_BSBIRDBOND*;MM_COMLB_LM_BSB
GCB;FLOWMM_IPCAR_RF_BSBIRDBOND*;MM_IPCAR_RF_BSB
GCB;NON FLOWBAL_BRL_RF_BSBIRDBOND*;BAL_BRL_RF_BSB
GCB;ACPMACPM_XVARF1_BSBIRDBOND*;ACPM_XVARF1_BSB
GCB;PROPTR_BEBT_LM_BSBIRDBOND*;TR_BEBT_LM_BSB
GCB;PROPTR_IPC_LM_BSBIRDBOND*;TR_IPC_LM_BSB
GCB;NON FLOWBAL_REAL_LM_BSBIRDBOND*;BAL_REAL_LM_BSB
GCB;NON FLOWBAL_REAL_LM_BSBIRDBOND*;BAL_REAL_LM_BSB
GCB;NON FLOWBAL_BRL_CL1_BSBIRDBOND*;BAL_BRL_CL1_BSB
GCB;FLOWMM_IPCGT_RF_BSBIRDBOND*;MM_IPCGT_RF_BSB
GCB;NON FLOWBAL_BRL_RF_BSBIRDBOND*;BAL_BRL_RF_BSB
GCB;NON FLOWBAL_PSFX_RF_BSBIRDBOND*;BAL_PSFX_RF_BSB
GCB;FLOWTR_MM_RB_SR_BSBIRDBOND*;TR_MM_RB_SR_BSB
GCB;PROPTR_PREP_LM_BSBIRDBOND*;TR_PREP_LM_BSB
GCB;FLOWMM_CASLB_RF_BSBIRDBOND*;MM_CASLB_RF_BSB
GCB;NON FLOWBAL_FPRI_RF_BSBIRDBOND*;BAL_FPRI_RF_BSB
GCB;PROPTR_IPCA_RF_BSBIRDBOND*;TR_IPCA_RF_BSB
GCB;NON FLOWBAL_PSPRESR_BSBIRDBOND*;BAL_PSPRESR_BSB
GCB;NON FLOWBAL_BRL_RF_BSBIRDBOND*;BAL_BRL_RF_BSB
GCB;FLOWTR_MM_PAPRF_BSBIRDBOND*;TR_MM_PAPRF_BSB
GCB;PROPTR_IPCLB_LM_BSBIRDBOND*;TR_IPCLB_LM_BSB
GCB;NON FLOWBAL_BRL_RF_BSBIRDBOND*;BAL_BRL_RF_BSB
GCB;NON FLOWBAL_BRL_RF_BSBIRDBOND*;BAL_BRL_RF_BSB
GCB;NON FLOWBAL_BRL_RF_BSBIRDBOND*;BAL_BRL_RF_BSB
GCB;FLOWTR_MM_PAPSR_BSBIRDBOND*;TR_MM_PAPSR_BSB
GCB;NON FLOWBAL_DELTALM_BSBIRDBOND*;BAL_DELTALM_BSB
ALCO;ALM_OSCORP_ATU2_BSBIRDBOND*;CORP_ATU2_BSB
GCB;NON FLOWBAL_SECA_SR_BSBIRDBOND*;BAL_SECA_SR_BSB
GCB;NON FLOWBAL_BRL_CL2_BSBIRDBOND*;BAL_BRL_CL2_BSB
GCB;FLOWMM_COMLB_RF_BSBIRDBOND*;MM_COMLB_RF_BSB
GCB;FLOWTR_MM_RBOND_BSBIRDBOND*;TR_MM_RBOND_BSB
GCB;NON FLOWBAL_BRL_RF_BSBIRDBOND*;BAL_BRL_RF_BSB
GCB;NON FLOWBAL_BPRI_RF_BSBIRDBOND*;BAL_BPRI_RF_BSB
GCB;NON FLOWBAL_BPRI_RF_BSBIRDBOND*;BAL_BPRI_RF_BSB
ALCO;ALM_OSCORP_GFIZ_BSBIRDBOND*;CORP_GFIZ_BSB
GCB;NON FLOWBAL_PSFX_SR_BSBIRDBOND*;BAL_PSFX_SR_BSB
GCB;NON FLOWBAL_BRL_RF_BSBIRDBOND*;BAL_BRL_RF_BSB
GCB;FLOWTD_VOLIR_RF_BSBIRDBOND*;TD_VOLIR_RF_BSB
GCB;NON FLOWBAL_LEIL_RF_BSBIRDBOND*;BAL_LEIL_RF_BSB
GCB;FLOWTR_MM_RB_LM_BSBIRDBOND*;TR_MM_RB_LM_BSB
GCB;NON FLOWBAL_BRL_SR_BSBIRDBOND*;BAL_BRL_SR_BSB
GCB;FLOWMM_PAPGT_LM_BSBIRDBOND*;MM_PAPGT_LM_BSB
GCB;NON FLOWBAL_SECA_RF_BSBIRDBOND*;BAL_SECA_RF_BSB
GCB;FLOWMM_IPCLB_LM_BSBIRDBOND*;MM_IPCLB_LM_BSB
GCB;PROPTR_IPCA_LM_BSBIRDBOND*;TR_IPCA_LM_BSB
GCB;FLOWTR_MM_PAPRF_BSBIRDBOND*;TR_MM_PAPRF_BSB
GCB;FLOWTR_MM_IPCRF_BSBIRDBOND*;TR_MM_IPCRF_BSB
GCB;PROPTR_PREP_LM_BSBIRDBOND*;TR_PREP_LM_BSB
GCB;PROPTR_IPCA_RF_BSBIRDBOND*;TR_IPCA_RF_BSB
GCB;NON FLOWBAL_DELTARF_BSBIRDBOND*;BAL_DELTARF_BSB
GCB;PROPTR_IPCA_LM_BSBIRDBOND*;TR_IPCA_LM_BSB
GCB;NON FLOWBAL_BPRI_RF_BSBIRDBOND*;BAL_BPRI_RF_BSB
GCB;FLOWTR_MM_IPCSR_BSBIRDBOND*;TR_MM_IPCSR_BSB
GCB;PROPTR_IPCA_LM_BSBIRDBOND*;TR_IPCA_LM_BSB
GCB;IRTBAL_DBHRMRF_BSBIRDBOND*;BAL_DBHRMRF_BSB
GCB;NON FLOWBAL_PSFX_RF_BSBIRDBOND*;BAL_PSFX_RF_BSB
GCB;NON FLOWBAL_SECA_LM_BSBIRDBOND*;BAL_SECA_LM_BSB
GCB;FLOWTR_MM_REALM_BSBIRDBOND*;TR_MM_REALM_BSB
GCB;FLOWTR_MM_IPCLM_BSBIRDBOND*;TR_MM_IPCLM_BSB
GCB;FLOWTR_MM_FBRF_BSBIRDBOND*;TR_MM_FBRF_BSB
EVIDENCE;ALM_OSFGB_CART_BSBIRDBOND*;FGB_CART_BSB
GCB;FLOWTR_MM_RB_LM_BSBIRDBOND*;TR_MM_RB_LM_BSB
GCB;FLOWTR_MM_RB_LM_BSBIRDBOND*;TR_MM_RB_LM_BSB
ALCO;MM_LIQUIDITYITGE_SAC_BSBIRDBOND*;ITGE_SAC_BSB
GCB;FLOWTR_MM_PAPSR_BSBIRDBOND*;TR_MM_PAPSR_BSB
GCB;NON FLOWBAL_BRL_RF_BSBIRDBOND*;BAL_BRL_RF_BSB
GCB;FLOWMM_CASLB_LM_BSBIRDBOND*;MM_CASLB_LM_BSB
GCB;NON FLOWBAL_BRL_RF_BSBIRDBOND*;BAL_BRL_RF_BSB
GCB;NON FLOWBAL_BRL_CL1_BSBIRDBOND*;BAL_BRL_CL1_BSB
GCB;NON FLOWBAL_REAL_LM_BSBIRDBOND*;BAL_REAL_LM_BSB
GCB;FLOWTR_MM_REALM_BSBIRDBOND*;TR_MM_REALM_BSB
GCB;FLOWTR_MM_BCKP_BSBIRDBOND*;TR_MM_BCKP_BSB
GCB;NON FLOWBAL_BRL_RF_BSBIRDBOND*;BAL_BRL_RF_BSB
GCB;FLOWMM_COMLB_RF_BSBIRDBOND*;MM_COMLB_RF_BSB
GCB;ACPMACPM_XVARF1_BSBIRDBOND*;ACPM_XVARF1_BSB
GCB;FLOWTR_MM_PAPSR_BSBIRDBOND*;TR_MM_PAPSR_BSB
GCB;NON FLOWBAL_LEIL_RF_BSBIRDBOND*;BAL_LEIL_RF_BSB
GCB;NON FLOWBAL_PSPRERF_BSBIRDBOND*;BAL_PSPRERF_BSB
GCB;NON FLOWBAL_BRL_RF_BSBIRDBOND*;BAL_BRL_RF_BSB
GCB;FLOWTD_VOLIR_RF_BSBIRDBOND*;TD_VOLIR_RF_BSB
GCB;FLOWTR_MM_IPCSR_BSBIRDBOND*;TR_MM_IPCSR_BSB
GCB;NON FLOWBAL_REAL_LM_BSBIRDBOND*;BAL_REAL_LM_BSB
ALCO;MM_LIQUIDITYITGE_SAC_BSBIRDBOND*;ITGE_SAC_BSB
GCB;NON FLOWBAL_PSPRELM_BSBIRDBOND*;BAL_PSPRELM_BSB
GCB;FLOWMM_CASAR_SR_BSBIRDBOND*;MM_CASAR_SR_BSB
GCB;PROPTR_BEBRT_LM_BSBIRDBOND*;TR_BEBRT_LM_BSB
GCB;NON FLOWBAL_LEIL_RF_BSBIRDBOND*;BAL_LEIL_RF_BSB
GCB;FLOWTR_MM_IPCL_BSBIRDBOND*;TR_MM_IPCL_BSB
GCB;NON FLOWBAL_PSFX_RF_BSBIRDBOND*;BAL_PSFX_RF_BSB
GCB;FLOWMM_CASAR_RF_BSBIRDBOND*;MM_CASAR_RF_BSB
GCB;NON FLOWBAL_PSPRESR_BSBIRDBOND*;BAL_PSPRESR_BSB
GCB;NON FLOWBAL_BRL_CL2_BSBIRDBOND*;BAL_BRL_CL2_BSB
GCB;NON FLOWBAL_BPRI_RF_BSBIRDBOND*;BAL_BPRI_RF_BSB
GCB;NON FLOWBAL_BRL_RF_BSBIRDBOND*;BAL_BRL_RF_BSB
GCB;FLOWTR_MM_FBRF_BSBIRDBOND*;TR_MM_FBRF_BSB
GCB;FLOWTR_MM_LBLM_BSBIRDBOND*;TR_MM_LBLM_BSB
GCB;NON FLOWBAL_PSFX_LM_BSBIRDBOND*;BAL_PSFX_LM_BSB
GCB;NON FLOWBAL_BRL_CL2_BSBIRDBOND*;BAL_BRL_CL2_BSB
GCB;CREDITOMM_CX_GUAR_FDOIRDBOND*;MM_CX_GUAR_FDO
ALCO;MM_LIQUIDITYITGE_SAC_BSBIRDBOND*;ITGE_SAC_BSB
GCB;NON FLOWBAL_PSPRELM_BSBIRDBOND*;BAL_PSPRELM_BSB
GCB;NON FLOWBAL_BPRI_RF_BSBIRDBOND*;BAL_BPRI_RF_BSB
ALCO;GLOBALSTRCTB_SCGBL_STRCT_B_SCIRDBOND*;GBL_STRCT_B_SC
GCB;NON FLOWBAL_BPRI_RF_BSBIRDBOND*;BAL_BPRI_RF_BSB
GCB;FLOWMM_TIPGT_LM_BSBIRDBOND*;MM_TIPGT_LM_BSB
GCB;NON FLOWBAL_BRL_RF_BSBIRDBOND*;BAL_BRL_RF_BSB
GCB;NON FLOWBAL_REAL_LM_BSBIRDBOND*;BAL_REAL_LM_BSB
GCB;NON FLOWBAL_BRL_RF_BSBIRDBOND*;BAL_BRL_RF_BSB
GCB;PROPTR_IPC_LM_BSBIRDBOND*;TR_IPC_LM_BSB
GCB;FLOWTR_MM_CASRF_BSBIRDBOND*;TR_MM_CASRF_BSB
GCB;NON FLOWBAL_BPRI_RF_BSBIRDBOND*;BAL_BPRI_RF_BSB
GCB;NON FLOWBAL_BPRI_RF_BSBIRDBOND*;BAL_BPRI_RF_BSB
GCB;FLOWTR_MM_FBRF_BSBIRDBOND*;TR_MM_FBRF_BSB
GCB;FLOWTR_MM_IPCL_BSBIRDBOND*;TR_MM_IPCL_BSB
GCB;FLOWTR_MM_LBLM_BSBIRDBOND*;TR_MM_LBLM_BSB
GCB;FLOWTR_MM_PAPSR_BSBIRDBOND*;TR_MM_PAPSR_BSB
GCB;FLOWTR_MM_LBRF_BSBIRDBOND*;TR_MM_LBRF_BSB
GCB;FLOWTR_MM_LBRF_BSBIRDBOND*;TR_MM_LBRF_BSB
GCB;FLOWTR_MM_PAPRF_BSBIRDBOND*;TR_MM_PAPRF_BSB
GCB;FLOWTR_MM_PAPRF_BSBIRDBOND*;TR_MM_PAPRF_BSB
GCB;FLOWTR_MM_PAPSR_BSBIRDBOND*;TR_MM_PAPSR_BSB
GCB;FLOWTR_MM_LBRF_BSBIRDBOND*;TR_MM_LBRF_BSB
GCB;FLOWTR_MM_CASRF_BSBIRDBOND*;TR_MM_CASRF_BSB
GCB;NON FLOWBAL_BRL_RF_BSBIRDBOND*;BAL_BRL_RF_BSB
GCB;NON FLOWBAL_SECA_SR_BSBIRDBOND*;BAL_SECA_SR_BSB
GCB;NON FLOWBAL_BRL_RF_BSBIRDBOND*;BAL_BRL_RF_BSB
GCB;FLOWMM_COMLB_RF_BSBIRDBOND*;MM_COMLB_RF_BSB
GCB;FLOWTD_VOLIR_RF_BSBIRDBOND*;TD_VOLIR_RF_BSB
ALCO;ALM_OSCORP_LFT_BSBIRDBOND*;CORP_LFT_BSB
GCB;FLOWTR_MM_FBRF_BSBIRDBOND*;TR_MM_FBRF_BSB
GCB;PROPTR_IPCLB_RF_BSBIRDBOND*;TR_IPCLB_RF_BSB
GCB;NON FLOWBAL_PSFX_LM_BSBIRDBOND*;BAL_PSFX_LM_BSB
GCB;FLOWMM_IPCAR_LM_BSBIRDBOND*;MM_IPCAR_LM_BSB
GCB;FLOWMM_IPCAR_RF_BSBIRDBOND*;MM_IPCAR_RF_BSB
GCB;FLOWMM_TIPGT_LM_BSBIRDBOND*;MM_TIPGT_LM_BSB
GCB;NON FLOWBAL_SECA_RF_BSBIRDBOND*;BAL_SECA_RF_BSB
GCB;FLOWTR_MM_LBLM_BSBIRDBOND*;TR_MM_LBLM_BSB
GCB;NON FLOWBAL_BRL_CL1_BSBIRDBOND*;BAL_BRL_CL1_BSB
GCB;NON FLOWBAL_BRL_RF_BSBIRDBOND*;BAL_BRL_RF_BSB
GCB;FLOWTR_MM_LBRF_BSBIRDBOND*;TR_MM_LBRF_BSB
GCB;PROPTRD_COMP2RF_BSBIRDBOND*;TRD_COMP2RF_BSB
ALCO;ALM_OSCORP_ATU2_BSBIRDBOND*;CORP_ATU2_BSB
GCB;FLOWTR_MM_IPCRF_BSBIRDBOND*;TR_MM_IPCRF_BSB
GCB;FLOWMM_PAPGT_RF_BSBIRDBOND*;MM_PAPGT_RF_BSB
GCB;FLOWMM_COMLB_LM_BSBIRDBOND*;MM_COMLB_LM_BSB
GCB;FLOWTR_MM_PAPSR_BSBIRDBOND*;TR_MM_PAPSR_BSB
GCB;NON FLOWBAL_FPRI_RF_BSBIRDBOND*;BAL_FPRI_RF_BSB
GCB;ACPMACPM_XVARF2_BSBIRDBOND*;ACPM_XVARF2_BSB
GCB;NON FLOWBAL_BRL_RF_BSBIRDBOND*;BAL_BRL_RF_BSB
GCB;NON FLOWBAL_PSFX_SR_BSBIRDBOND*;BAL_PSFX_SR_BSB
GCB;FLOWTR_MM_CASRF_BSBIRDBOND*;TR_MM_CASRF_BSB
GCB;FLOWMM_COMLB_RF_BSBIRDBOND*;MM_COMLB_RF_BSB
GCB;FLOWTD_VOLIR_LM_BSBIRDBOND*;TD_VOLIR_LM_BSB
GCB;NON FLOWBAL_DELTARF_BSBIRDBOND*;BAL_DELTARF_BSB
GCB;FLOWMM_COMLB_RF_BSBIRDBOND*;MM_COMLB_RF_BSB
GCB;FLOWTR_MM_CASLM_BSBIRDBOND*;TR_MM_CASLM_BSB
GCB;NON FLOWBAL_BRL_RF_BSBIRDBOND*;BAL_BRL_RF_BSB
GCB;NON FLOWBAL_FPRI_RF_BSBIRDBOND*;BAL_FPRI_RF_BSB
GCB;NON FLOWBAL_REAL_LM_BSBIRDBOND*;BAL_REAL_LM_BSB
GCB;FLOWMM_COMLB_LM_BSBIRDBOND*;MM_COMLB_LM_BSB
GCB;FLOWMM_COMLB_LM_BSBIRDBOND*;MM_COMLB_LM_BSB
GCB;PROPTR_BEBRT_LM_BSBIRDBOND*;TR_BEBRT_LM_BSB
GCB;NON FLOWBAL_LEIL_RF_BSBIRDBOND*;BAL_LEIL_RF_BSB
GCB;NON FLOWBAL_BPRI_RF_BSBIRDBOND*;BAL_BPRI_RF_BSB
GCB;FLOWTR_MM_FBLM_BSBIRDBOND*;TR_MM_FBLM_BSB
GCB;FLOWTR_MM_IPCLM_BSBIRDBOND*;TR_MM_IPCLM_BSB
GCB;FLOWTR_MM_PAPRF_BSBIRDBOND*;TR_MM_PAPRF_BSB
GCB;NON FLOWBAL_BRL_RF_BSBIRDBOND*;BAL_BRL_RF_BSB
GCB;FLOWTR_MM_REALM_BSBIRDBOND*;TR_MM_REALM_BSB
GCB;FLOWTR_MM_RB_SR_BSBIRDBOND*;TR_MM_RB_SR_BSB
ALCO;ALM_OSCORP_AFGB_BSBIRDBOND*;CORP_AFGB_BSB
GCB;NON FLOWBAL_BRL_LM_BSBIRDBOND*;BAL_BRL_LM_BSB
GCB;PROPTR_BEBT_LM_BSBIRDBOND*;TR_BEBT_LM_BSB
GCB;PROPTR_PDLB_LM_BSBIRDBOND*;TR_PDLB_LM_BSB
GCB;FLOWTR_MM_FBLM_BSBIRDBOND*;TR_MM_FBLM_BSB
GCB;PROPTR_BEBRT_LM_BSBIRDBOND*;TR_BEBRT_LM_BSB
GCB;NON FLOWBAL_SECA_LM_BSBIRDBOND*;BAL_SECA_LM_BSB
GCB;NON FLOWBAL_PSFX_RF_BSBIRDBOND*;BAL_PSFX_RF_BSB
GCB;PROPTR_PREP_RF_BSBIRDBOND*;TR_PREP_RF_BSB
ALCO;ALM_OSCORP_GFEZ_BSBIRDBOND*;CORP_GFEZ_BSB
GCB;NON FLOWBAL_BRL_RF_BSBIRDBOND*;BAL_BRL_RF_BSB
GCB;FLOWMM_CASLB_RF_BSBIRDBOND*;MM_CASLB_RF_BSB
GCB;FLOWTD_ST3_RF_BSBIRDBOND*;TD_ST3_RF_BSB
GCB;NON FLOWBAL_BPRI_RF_BSBIRDBOND*;BAL_BPRI_RF_BSB
GCB;NON FLOWBAL_INF_LM_BSBIRDBOND*;BAL_INF_LM_BSB
GCB;NON FLOWBAL_PSFX_LM_BSBIRDBOND*;BAL_PSFX_LM_BSB
GCB;NON FLOWBAL_BRL_CL1_BSBIRDBOND*;BAL_BRL_CL1_BSB
GCB;FLOWTR_MM_REALM_BSBIRDBOND*;TR_MM_REALM_BSB
GCB;FLOWTR_MM_BCKP_BSBIRDBOND*;TR_MM_BCKP_BSB
GCB;FLOWTR_MM_PAPSR_BSBIRDBOND*;TR_MM_PAPSR_BSB
GCB;FLOWMM_COMLB_RF_BSBIRDBOND*;MM_COMLB_RF_BSB
GCB;NON FLOWBAL_BRL_CL1_BSBIRDBOND*;BAL_BRL_CL1_BSB
GCB;FLOWTR_MM_CASRF_BSBIRDBOND*;TR_MM_CASRF_BSB
GCB;NON FLOWBAL_INF_LM_BSBIRDBOND*;BAL_INF_LM_BSB
GCB;FLOWTR_MM_REALM_BSBIRDBOND*;TR_MM_REALM_BSB
GCB;FLOWTR_MM_FBSR_BSBIRDBOND*;TR_MM_FBSR_BSB
GCB;NON FLOWBAL_BPRI_RF_BSBIRDBOND*;BAL_BPRI_RF_BSB
GCB;NON FLOWBAL_SECA_RF_BSBIRDBOND*;BAL_SECA_RF_BSB
GCB;CREDITOBAL_DEBFSA_BSBIRDBOND*;BAL_DEBFSA_BSB
GCB;FLOWTR_MM_LBRF_BSBIRDBOND*;TR_MM_LBRF_BSB
GCB;NON FLOWBAL_LEIL_RF_BSBIRDBOND*;BAL_LEIL_RF_BSB
GCB;FLOWTR_MM_PAPRF_BSBIRDBOND*;TR_MM_PAPRF_BSB
GCB;FLOWTR_MM_FBSR_BSBIRDBOND*;TR_MM_FBSR_BSB
ALCO;ALM_OSCORP_NFEZ_BSBIRDBOND*;CORP_NFEZ_BSB
GCB;CREDITOBAL_DEBP_RF_BSBIRDBOND*;BAL_DEBP_RF_BSB
GCB;FLOWTR_MM_LBLM_BSBIRDBOND*;TR_MM_LBLM_BSB
GCB;NON FLOWBAL_BPRI_RF_BSBIRDBOND*;BAL_BPRI_RF_BSB
GCB;NON FLOWBAL_BPRI_RF_BSBIRDBOND*;BAL_BPRI_RF_BSB
GCB;PROPTR_PAPDI_RF_BSBIRDBOND*;TR_PAPDI_RF_BSB
GCB;FLOWMM_IPCAR_LM_BSBIRDBOND*;MM_IPCAR_LM_BSB
GCB;NON FLOWBAL_BRL_CL2_BSBIRDBOND*;BAL_BRL_CL2_BSB
GCB;NON FLOWBAL_BPRI_RF_BSBIRDBOND*;BAL_BPRI_RF_BSB
GCB;NON FLOWBAL_PSFX_LM_BSBIRDBOND*;BAL_PSFX_LM_BSB
GCB;NON FLOWBAL_PCPN_RF_BSBIRDBOND*;BAL_PCPN_RF_BSB
GCB;FLOWMM_TIPGT_LM_BSBIRDBOND*;MM_TIPGT_LM_BSB
GCB;FLOWMM_IPCLB_RF_BSBIRDBOND*;MM_IPCLB_RF_BSB
GCB;FLOWTR_MM_REALM_BSBIRDBOND*;TR_MM_REALM_BSB
GCB;NON FLOWBAL_LEIL_RF_BSBIRDBOND*;BAL_LEIL_RF_BSB
GCB;FLOWMM_TIPGT_RF_BSBIRDBOND*;MM_TIPGT_RF_BSB
GCB;FLOWTR_MM_FBLM_BSBIRDBOND*;TR_MM_FBLM_BSB
GCB;FLOWMM_TIPGT_RF_BSBIRDBOND*;MM_TIPGT_RF_BSB
GCB;NON FLOWBAL_BRL_CL2_BSBIRDBOND*;BAL_BRL_CL2_BSB
GCB;FLOWTD_VOLIR_LM_BSBIRDBOND*;TD_VOLIR_LM_BSB
GCB;FLOWTR_MM_IPCL_BSBIRDBOND*;TR_MM_IPCL_BSB
GCB;FLOWTR_MM_LBRF_BSBIRDBOND*;TR_MM_LBRF_BSB
GCB;FLOWTR_MM_RB_LM_BSBIRDBOND*;TR_MM_RB_LM_BSB
GCB;NON FLOWBAL_BRL_CL1_BSBIRDBOND*;BAL_BRL_CL1_BSB
GCB;FLOWTR_MM_REALM_BSBIRDBOND*;TR_MM_REALM_BSB
GCB;NON FLOWBAL_TJLP_RF_BSBIRDBOND*;BAL_TJLP_RF_BSB
GCB;FLOWTR_MM_IPCRF_BSBIRDBOND*;TR_MM_IPCRF_BSB
GCB;NON FLOWBAL_BPRI_RF_BSBIRDBOND*;BAL_BPRI_RF_BSB
GCB;NON FLOWBAL_PSPRERF_BSBIRDBOND*;BAL_PSPRERF_BSB
GCB;PROPTR_IPCA_RF_BSBIRDBOND*;TR_IPCA_RF_BSB
GCB;NON FLOWBAL_BPRI_RF_BSBIRDBOND*;BAL_BPRI_RF_BSB
GCB;NON FLOWBAL_BRL_CL2_BSBIRDBOND*;BAL_BRL_CL2_BSB
GCB;NON FLOWBAL_BRL_RF_BSBIRDBOND*;BAL_BRL_RF_BSB
GCB;NON FLOWBAL_SECA_LM_BSBIRDBOND*;BAL_SECA_LM_BSB
GCB;FLOWTR_MM_PAPRF_BSBIRDBOND*;TR_MM_PAPRF_BSB
GCB;NON FLOWBAL_BRL_CL1_BSBIRDBOND*;BAL_BRL_CL1_BSB
GCB;FLOWTD_VOLIR_SR_BSBIRDBOND*;TD_VOLIR_SR_BSB
GCB;FLOWMM_CASAR_RF_BSBIRDBOND*;MM_CASAR_RF_BSB
GCB;FLOWTR_MM_PAPRF_BSBIRDBOND*;TR_MM_PAPRF_BSB
GCB;FLOWTD_VOLIR_RF_BSBIRDBOND*;TD_VOLIR_RF_BSB
GCB;FLOWTR_MM_IPCRF_BSBIRDBOND*;TR_MM_IPCRF_BSB
GCB;FLOWTR_MM_CASRF_BSBIRDBOND*;TR_MM_CASRF_BSB
GCB;NON FLOWBAL_BRL_RF_BSBIRDBOND*;BAL_BRL_RF_BSB
GCB;NON FLOWBAL_SECA_LM_BSBIRDBOND*;BAL_SECA_LM_BSB
ALCO;ALM_OSDOBR_DBRZ_BSBIRDBOND*;DOBR_DBRZ_BSB
GCB;NON FLOWBAL_FPRI_RF_BSBIRDBOND*;BAL_FPRI_RF_BSB
GCB;NON FLOWBAL_PSFX_LM_BSBIRDBOND*;BAL_PSFX_LM_BSB
GCB;FLOWTR_MM_FBLM_BSBIRDBOND*;TR_MM_FBLM_BSB
GCB;NON FLOWBAL_BRL_RF_BSBIRDBOND*;BAL_BRL_RF_BSB
GCB;FLOWTR_MM_TESRF_BSBIRDBOND*;TR_MM_TESRF_BSB
GCB;FLOWTD_VOLIR_RF_BSBIRDBOND*;TD_VOLIR_RF_BSB
GCB;FLOWMM_IPCGT_RF_BSBIRDBOND*;MM_IPCGT_RF_BSB
GCB;NON FLOWBAL_BRL_RF_BSBIRDBOND*;BAL_BRL_RF_BSB
GCB;NON FLOWBAL_SECA_LM_BSBIRDBOND*;BAL_SECA_LM_BSB
GCB;NON FLOWBAL_SECA_RF_BSBIRDBOND*;BAL_SECA_RF_BSB
GCB;NON FLOWBAL_PSFX_LM_BSBIRDBOND*;BAL_PSFX_LM_BSB
GCB;FLOWTR_MM_PAPSR_BSBIRDBOND*;TR_MM_PAPSR_BSB
GCB;NON FLOWBAL_BPRI_RF_BSBIRDBOND*;BAL_BPRI_RF_BSB
GCB;FLOWTR_MM_PAPRF_BSBIRDBOND*;TR_MM_PAPRF_BSB
GCB;NON FLOWBAL_BPRI_RF_BSBIRDBOND*;BAL_BPRI_RF_BSB
GCB;FLOWMM_TIPGT_RF_BSBIRDBOND*;MM_TIPGT_RF_BSB
GCB;FLOWTR_MM_BCKP_BSBIRDBOND*;TR_MM_BCKP_BSB
GCB;FLOWMM_TIPGT_RF_BSBIRDBOND*;MM_TIPGT_RF_BSB
GCB;NON FLOWBAL_BRL_RF_BSBIRDBOND*;BAL_BRL_RF_BSB
GCB;FLOWTD_VOLIR_LM_BSBIRDBOND*;TD_VOLIR_LM_BSB
GCB;FLOWTR_MM_IPCRF_BSBIRDBOND*;TR_MM_IPCRF_BSB
GCB;FLOWMM_CASAR_LM_BSBIRDBOND*;MM_CASAR_LM_BSB
GCB;ACPMACPM_XVARF1_BSBIRDBOND*;ACPM_XVARF1_BSB
GCB;FLOWTR_MM_REALM_BSBIRDBOND*;TR_MM_REALM_BSB
GCB;FLOWTR_MM_IPCRF_BSBIRDBOND*;TR_MM_IPCRF_BSB
GCB;NON FLOWBAL_BPRI_RF_BSBIRDBOND*;BAL_BPRI_RF_BSB
GCB;FLOWMM_IPCAR_LM_BSBIRDBOND*;MM_IPCAR_LM_BSB
GCB;NON FLOWBAL_BPRI_RF_BSBIRDBOND*;BAL_BPRI_RF_BSB
GCB;FLOWTR_MM_RBOND_BSBIRDBOND*;TR_MM_RBOND_BSB
GCB;FLOWTR_MM_FBRF_BSBIRDBOND*;TR_MM_FBRF_BSB
GCB;NON FLOWBAL_BRL_RF_BSBIRDBOND*;BAL_BRL_RF_BSB
GCB;FLOWTR_MM_IPCRF_BSBIRDBOND*;TR_MM_IPCRF_BSB
ALCO;ALM_OSCORP_LFTX_BSBIRDBOND*;CORP_LFTX_BSB
GCB;FLOWTR_MM_FBRF_BSBIRDBOND*;TR_MM_FBRF_BSB
GCB;NON FLOWBAL_BRL_RF_BSBIRDBOND*;BAL_BRL_RF_BSB
GCB;NON FLOWBAL_BRL_CL2_BSBIRDBOND*;BAL_BRL_CL2_BSB
GCB;FLOWTR_MM_RBOND_BSBIRDBOND*;TR_MM_RBOND_BSB
GCB;NON FLOWBAL_DELTARF_BSBIRDBOND*;BAL_DELTARF_BSB
GCB;NON FLOWBAL_DELTARF_BSBIRDBOND*;BAL_DELTARF_BSB
GCB;NON FLOWBAL_BRL_AST_BSBIRDBOND*;BAL_BRL_AST_BSB
GCB;FLOWTR_MM_REALM_BSBIRDBOND*;TR_MM_REALM_BSB
GCB;NON FLOWBAL_BRL_CL1_BSBIRDBOND*;BAL_BRL_CL1_BSB
GCB;PROPTRD_COMP2RF_BSBIRDBOND*;TRD_COMP2RF_BSB
GCB;FLOWTD_VOLIR_RF_BSBIRDBOND*;TD_VOLIR_RF_BSB
GCB;FLOWTR_MM_RB_LM_BSBIRDBOND*;TR_MM_RB_LM_BSB
GCB;FLOWMM_CASLB_LM_BSBIRDBOND*;MM_CASLB_LM_BSB
GCB;FLOWTR_MM_LBRF_BSBIRDBOND*;TR_MM_LBRF_BSB
GCB;NON FLOWBAL_BRL_RF_BSBIRDBOND*;BAL_BRL_RF_BSB
ALCO;ALM_OSCORPM_BR87_RARIRDBOND*;CORPM_BR87_RAR
GCB;NON FLOWBAL_BRL_CL2_BSBIRDBOND*;BAL_BRL_CL2_BSB
GCB;FLOWTR_MM_LBLM_BSBIRDBOND*;TR_MM_LBLM_BSB
GCB;NON FLOWBAL_BRL_RF_BSBIRDBOND*;BAL_BRL_RF_BSB
GCB;NON FLOWBAL_BRL_RF_BSBIRDBOND*;BAL_BRL_RF_BSB
GCB;PROPTR_BEBRT_LM_BSBIRDBOND*;TR_BEBRT_LM_BSB
GCB;FLOWTR_MM_IPCL_BSBIRDBOND*;TR_MM_IPCL_BSB
GCB;FLOWTR_MM_FBRF_BSBIRDBOND*;TR_MM_FBRF_BSB
GCB;NON FLOWBAL_BRL_RF_BSBIRDBOND*;BAL_BRL_RF_BSB
GCB;NON FLOWBAL_BRL_CL1_BSBIRDBOND*;BAL_BRL_CL1_BSB
GCB;FLOWMM_PAPGT_LM_BSBIRDBOND*;MM_PAPGT_LM_BSB
GCB;FLOWTR_MM_BCKP_BSBIRDBOND*;TR_MM_BCKP_BSB
GCB;FLOWMM_COMLB_RF_BSBIRDBOND*;MM_COMLB_RF_BSB
GCB;FLOWTR_MM_RB_SR_BSBIRDBOND*;TR_MM_RB_SR_BSB
GCB;NON FLOWBAL_BRL_RF_BSBIRDBOND*;BAL_BRL_RF_BSB
GCB;NON FLOWBAL_PSPRERF_BSBIRDBOND*;BAL_PSPRERF_BSB
GCB;ACPMACPM_XVARF1_BSBIRDBOND*;ACPM_XVARF1_BSB
GCB;PROPTR_PDLB_RF_BSBIRDBOND*;TR_PDLB_RF_BSB
GCB;NON FLOWBAL_BRL_CL1_BSBIRDBOND*;BAL_BRL_CL1_BSB
GCB;PROPTR_IPCLB_LM_BSBIRDBOND*;TR_IPCLB_LM_BSB
GCB;NON FLOWBAL_SECA_LM_BSBIRDBOND*;BAL_SECA_LM_BSB
GCB;FLOWTR_MM_IPCL_BSBIRDBOND*;TR_MM_IPCL_BSB
GCB;FLOWTR_MM_RBOND_BSBIRDBOND*;TR_MM_RBOND_BSB
GCB;NON FLOWBAL_PSFX_LM_BSBIRDBOND*;BAL_PSFX_LM_BSB
GCB;PROPTR_PREBT_LM_BSBIRDBOND*;TR_PREBT_LM_BSB
GCB;NON FLOWBAL_BPRI_RF_BSBIRDBOND*;BAL_BPRI_RF_BSB
GCB;NON FLOWBAL_BRL_RF_BSBIRDBOND*;BAL_BRL_RF_BSB
GCB;FLOWTR_MM_IPCL_BSBIRDBOND*;TR_MM_IPCL_BSB
GCB;FLOWMM_IPCLB_RF_BSBIRDBOND*;MM_IPCLB_RF_BSB
GCB;FLOWTR_MM_RB_LM_BSBIRDBOND*;TR_MM_RB_LM_BSB
GCB;FLOWMM_IPCLB_LM_BSBIRDBOND*;MM_IPCLB_LM_BSB
GCB;PROPTR_IPCLB_RF_BSBIRDBOND*;TR_IPCLB_RF_BSB
GCB;NON FLOWBAL_SECA_RF_BSBIRDBOND*;BAL_SECA_RF_BSB
GCB;PROPTR_IPC_LM_BSBIRDBOND*;TR_IPC_LM_BSB
GCB;NON FLOWBAL_BPRI_RF_BSBIRDBOND*;BAL_BPRI_RF_BSB
GCB;NON FLOWBAL_BPRI_RF_BSBIRDBOND*;BAL_BPRI_RF_BSB
GCB;NON FLOWBAL_SECA_RF_BSBIRDBOND*;BAL_SECA_RF_BSB
GCB;NON FLOWBAL_BRL_RF_BSBIRDBOND*;BAL_BRL_RF_BSB
GCB;FLOWTR_MM_IPCSR_BSBIRDBOND*;TR_MM_IPCSR_BSB
GCB;NON FLOWBAL_FPRI_RF_BSBIRDBOND*;BAL_FPRI_RF_BSB
GCB;NON FLOWBAL_PSFX_RF_BSBIRDBOND*;BAL_PSFX_RF_BSB
GCB;FLOWTR_MM_LBSR_BSBIRDBOND*;TR_MM_LBSR_BSB
GCB;NON FLOWBAL_PSFX_RF_BSBIRDBOND*;BAL_PSFX_RF_BSB
GCB;FLOWTR_MM_IPCRF_BSBIRDBOND*;TR_MM_IPCRF_BSB
GCB;NON FLOWBAL_PSFX_RF_BSBIRDBOND*;BAL_PSFX_RF_BSB
GCB;NON FLOWBAL_DELTARF_BSBIRDBOND*;BAL_DELTARF_BSB
GCB;PROPTR_IGPM_RF_BSBIRDBOND*;TR_IGPM_RF_BSB
GCB;NON FLOWBAL_SECA_RF_BSBIRDBOND*;BAL_SECA_RF_BSB
GCB;FLOWTR_MM_REALM_BSBIRDBOND*;TR_MM_REALM_BSB
GCB;NON FLOWBAL_PSFX_RF_BSBIRDBOND*;BAL_PSFX_RF_BSB
GCB;NON FLOWBAL_BRL_RF_BSBIRDBOND*;BAL_BRL_RF_BSB
GCB;NON FLOWBAL_SECA_SR_BSBIRDBOND*;BAL_SECA_SR_BSB
GCB;FLOWTR_MM_FBLM_BSBIRDBOND*;TR_MM_FBLM_BSB
GCB;NON FLOWBAL_BRL_RF_BSBIRDBOND*;BAL_BRL_RF_BSB
GCB;NON FLOWBAL_PSFX_RF_BSBIRDBOND*;BAL_PSFX_RF_BSB
GCB;FLOWTR_MM_RBOND_BSBIRDBOND*;TR_MM_RBOND_BSB
GCB;PROPTR_PREBT_LM_BSBIRDBOND*;TR_PREBT_LM_BSB
GCB;FLOWMM_COMLB_LM_BSBIRDBOND*;MM_COMLB_LM_BSB
GCB;FLOWTR_MM_FBRF_BSBIRDBOND*;TR_MM_FBRF_BSB
GCB;FLOWTD_VOLIR_LM_BSBIRDBOND*;TD_VOLIR_LM_BSB
GCB;FLOWTD_VOLIR_RF_BSBIRDBOND*;TD_VOLIR_RF_BSB
GCB;FLOWMM_CASLB_RF_BSBIRDBOND*;MM_CASLB_RF_BSB
GCB;NON FLOWBAL_BRL_CL2_BSBIRDBOND*;BAL_BRL_CL2_BSB
GCB;NON FLOWBAL_SECA_RF_BSBIRDBOND*;BAL_SECA_RF_BSB
GCB;FLOWTR_MM_PAPSR_BSBIRDBOND*;TR_MM_PAPSR_BSB
GCB;FLOWTR_MM_PAPRF_BSBIRDBOND*;TR_MM_PAPRF_BSB
GCB;FLOWTR_MM_PAPRF_BSBIRDBOND*;TR_MM_PAPRF_BSB
GCB;NON FLOWBAL_BRL_CL2_BSBIRDBOND*;BAL_BRL_CL2_BSB
GCB;NON FLOWBAL_DELTARF_BSBIRDBOND*;BAL_DELTARF_BSB
GCB;NON FLOWBAL_BRL_CL2_BSBIRDBOND*;BAL_BRL_CL2_BSB
GCB;FLOWTR_MM_LBRF_BSBIRDBOND*;TR_MM_LBRF_BSB
GCB;FLOWMM_CASAR_RF_BSBIRDBOND*;MM_CASAR_RF_BSB
GCB;NON FLOWBAL_TJLP_RF_BSBIRDBOND*;BAL_TJLP_RF_BSB
GCB;NON FLOWBAL_SECA_RF_BSBIRDBOND*;BAL_SECA_RF_BSB
GCB;NON FLOWBAL_SECA_LM_BSBIRDBOND*;BAL_SECA_LM_BSB
GCB;NON FLOWBAL_BRL_RF_BSBIRDBOND*;BAL_BRL_RF_BSB
GCB;NON FLOWBAL_BPRI_RF_BSBIRDBOND*;BAL_BPRI_RF_BSB
GCB;FLOWTR_MM_REALM_BSBIRDBOND*;TR_MM_REALM_BSB
GCB;PROPTR_IPC_LM_BSBIRDBOND*;TR_IPC_LM_BSB
GCB;PROPTRD_COMP2RF_BSBIRDBOND*;TRD_COMP2RF_BSB
GCB;FLOWMM_IPCLB_RF_BSBIRDBOND*;MM_IPCLB_RF_BSB
GCB;FLOWTR_MM_CASRF_BSBIRDBOND*;TR_MM_CASRF_BSB
ALCO;ALM_OSCORP_GFEZ_BSBIRDBOND*;CORP_GFEZ_BSB
GCB;NON FLOWBAL_FVO_LM_BSBIRDBOND*;BAL_FVO_LM_BSB
GCB;NON FLOWBAL_BPRI_RF_BSBIRDBOND*;BAL_BPRI_RF_BSB
GCB;FLOWTR_MM_REALM_BSBIRDBOND*;TR_MM_REALM_BSB
GCB;NON FLOWBAL_BRL_RF_BSBIRDBOND*;BAL_BRL_RF_BSB
GCB;NON FLOWBAL_PSPRELM_BSBIRDBOND*;BAL_PSPRELM_BSB
GCB;FLOWMM_COMLB_RF_BSBIRDBOND*;MM_COMLB_RF_BSB
GCB;NON FLOWBAL_INF_LM_BSBIRDBOND*;BAL_INF_LM_BSB
GCB;FLOWMM_CASLB_RF_BSBIRDBOND*;MM_CASLB_RF_BSB
GCB;PROPTR_IPCLB_RF_BSBIRDBOND*;TR_IPCLB_RF_BSB
GCB;FLOWTR_MM_IPCRF_BSBIRDBOND*;TR_MM_IPCRF_BSB
GCB;NON FLOWBAL_BPRI_RF_BSBIRDBOND*;BAL_BPRI_RF_BSB
GCB;PROPTR_IPCA_LM_BSBIRDBOND*;TR_IPCA_LM_BSB
GCB;FLOWTD_VOLIR_RF_BSBIRDBOND*;TD_VOLIR_RF_BSB
GCB;NON FLOWBAL_FPRI_RF_BSBIRDBOND*;BAL_FPRI_RF_BSB
GCB;FLOWTR_MM_FBRF_BSBIRDBOND*;TR_MM_FBRF_BSB
GCB;NON FLOWBAL_PSFX_RF_BSBIRDBOND*;BAL_PSFX_RF_BSB
GCB;FLOWMM_TIPGT_RF_BSBIRDBOND*;MM_TIPGT_RF_BSB
GCB;NON FLOWBAL_BPRI_RF_BSBIRDBOND*;BAL_BPRI_RF_BSB
GCB;PROPTR_IPC_LM_BSBIRDBOND*;TR_IPC_LM_BSB
GCB;FLOWTD_SGC_INF2_BSBIRDBOND*;TD_SGC_INF2_BSB
GCB;NON FLOWBAL_PSFX_RF_BSBIRDBOND*;BAL_PSFX_RF_BSB
GCB;FLOWMM_CASAR_RF_BSBIRDBOND*;MM_CASAR_RF_BSB
GCB;FLOWMM_TIPGT_RF_BSBIRDBOND*;MM_TIPGT_RF_BSB
GCB;FLOWMM_COMLB_RF_BSBIRDBOND*;MM_COMLB_RF_BSB
GCB;NON FLOWBAL_PSPRESR_BSBIRDBOND*;BAL_PSPRESR_BSB
GCB;PROPTRD_COMP1RF_BSBIRDBOND*;TRD_COMP1RF_BSB
GCB;FLOWTD_VOLIR_RF_BSBIRDBOND*;TD_VOLIR_RF_BSB
GCB;NON FLOWBAL_PSFX_RF_BSBIRDBOND*;BAL_PSFX_RF_BSB
ALCO;ALM_OSCORP_LFTC_BSBIRDBOND*;CORP_LFTC_BSB
GCB;FLOWTR_MM_LBSR_BSBIRDBOND*;TR_MM_LBSR_BSB
GCB;NON FLOWBAL_BPRI_SR_BSBIRDBOND*;BAL_BPRI_SR_BSB
GCB;FLOWTR_MM_PAPRF_BSBIRDBOND*;TR_MM_PAPRF_BSB
GCB;FLOWMM_IPCGT_RF_BSBIRDBOND*;MM_IPCGT_RF_BSB
GCB;NON FLOWBAL_BRL_RF_BSBIRDBOND*;BAL_BRL_RF_BSB
GCB;PROPTR_BEBRT_LM_BSBIRDBOND*;TR_BEBRT_LM_BSB
GCB;PROPTR_PDLB_LM_BSBIRDBOND*;TR_PDLB_LM_BSB
GCB;PROPTR_IPCA_RF_BSBIRDBOND*;TR_IPCA_RF_BSB
GCB;NON FLOWBAL_BRL_RF_BSBIRDBOND*;BAL_BRL_RF_BSB
GCB;NON FLOWBAL_PSPRERF_BSBIRDBOND*;BAL_PSPRERF_BSB
GCB;NON FLOWBAL_BRL_LM_BSBIRDBOND*;BAL_BRL_LM_BSB
GCB;PROPTR_IPCLB_LM_BSBIRDBOND*;TR_IPCLB_LM_BSB
ALCO;MM_LIQUIDITYITGE_SAC_BSBIRDBOND*;ITGE_SAC_BSB
GCB;FLOWMM_TIPGT_LM_BSBIRDBOND*;MM_TIPGT_LM_BSB
GCB;NON FLOWBAL_DELTASR_BSBIRDBOND*;BAL_DELTASR_BSB
GCB;NON FLOWBAL_SECA_RF_BSBIRDBOND*;BAL_SECA_RF_BSB
GCB;FLOWMM_IPCAR_RF_BSBIRDBOND*;MM_IPCAR_RF_BSB
GCB;FLOWTR_MM_PAPSR_BSBIRDBOND*;TR_MM_PAPSR_BSB
GCB;FLOWTD_VOLIR_LM_BSBIRDBOND*;TD_VOLIR_LM_BSB
GCB;FLOWMM_IPCGT_RF_BSBIRDBOND*;MM_IPCGT_RF_BSB
GCB;PROPTR_IPCA_LM_BSBIRDBOND*;TR_IPCA_LM_BSB
GCB;FLOWMM_CASAR_RF_BSBIRDBOND*;MM_CASAR_RF_BSB
GCB;NON FLOWBAL_BPRI_RF_BSBIRDBOND*;BAL_BPRI_RF_BSB
GCB;FLOWTR_MM_FBRF_BSBIRDBOND*;TR_MM_FBRF_BSB
GCB;NON FLOWBAL_DELTARF_BSBIRDBOND*;BAL_DELTARF_BSB
GCB;FLOWTR_MM_FBLM_BSBIRDBOND*;TR_MM_FBLM_BSB
GCB;NON FLOWBAL_REAL_LM_BSBIRDBOND*;BAL_REAL_LM_BSB
GCB;FLOWTR_MM_PAPRF_BSBIRDBOND*;TR_MM_PAPRF_BSB
ALCO;ALM_OSCORP_GFEZ_BSBIRDBOND*;CORP_GFEZ_BSB
GCB;NON FLOWBAL_REAL_LM_BSBIRDBOND*;BAL_REAL_LM_BSB
GCB;FLOWMM_TIPGT_LM_BSBIRDBOND*;MM_TIPGT_LM_BSB
GCB;FLOWTR_MM_IPCL_BSBIRDBOND*;TR_MM_IPCL_BSB
GCB;FLOWTR_MM_IPCL_BSBIRDBOND*;TR_MM_IPCL_BSB
GCB;NON FLOWTD_VOL_TNRF_BSBIRDBOND*;TD_VOL_TNRF_BSB
GCB;NON FLOWBAL_BPRI_RF_BSBIRDBOND*;BAL_BPRI_RF_BSB
GCB;NON FLOWBAL_BRL_RF_BSBIRDBOND*;BAL_BRL_RF_BSB
GCB;FLOWTR_MM_TESLM_BSBIRDBOND*;TR_MM_TESLM_BSB
GCB;FLOWMM_IPCLB_RF_BSBIRDBOND*;MM_IPCLB_RF_BSB
GCB;PROPTR_PREBT_LM_BSBIRDBOND*;TR_PREBT_LM_BSB
GCB;NON FLOWBAL_BPRI_RF_BSBIRDBOND*;BAL_BPRI_RF_BSB
GCB;PROPTR_PDLB_RF_BSBIRDBOND*;TR_PDLB_RF_BSB
GCB;FLOWMM_IPCLB_LM_BSBIRDBOND*;MM_IPCLB_LM_BSB
GCB;FLOWTR_MM_FBRF_BSBIRDBOND*;TR_MM_FBRF_BSB
GCB;CREDITOBAL_DEBP_RF_BSBIRDBOND*;BAL_DEBP_RF_BSB
GCB;FLOWMM_IPCGT_LM_BSBIRDBOND*;MM_IPCGT_LM_BSB
GCB;FLOWTR_MM_CASRF_BSBIRDBOND*;TR_MM_CASRF_BSB
GCB;NON FLOWBAL_BRL_RF_BSBIRDBOND*;BAL_BRL_RF_BSB
GCB;FLOWUS_CLIE_RF_BSBIRDBOND*;US_CLIE_RF_BSB
GCB;ACPMACPM_XVARF1_BSBIRDBOND*;ACPM_XVARF1_BSB
GCB;NON FLOWBAL_LEIL_RF_BSBIRDBOND*;BAL_LEIL_RF_BSB
GCB;PROPTR_PAPDI_RF_BSBIRDBOND*;TR_PAPDI_RF_BSB
GCB;FLOWTR_MM_PAPSR_BSBIRDBOND*;TR_MM_PAPSR_BSB
GCB;NON FLOWBAL_FVO_LM_BSBIRDBOND*;BAL_FVO_LM_BSB
GCB;PROPTR_PREP_LM_BSBIRDBOND*;TR_PREP_LM_BSB
GCB;PROPTR_IPCLB_RF_BSBIRDBOND*;TR_IPCLB_RF_BSB
GCB;FLOWTR_MM_IPCL_BSBIRDBOND*;TR_MM_IPCL_BSB
ALCO;ALM_OSCORP_NFEZ_BSBIRDBOND*;CORP_NFEZ_BSB
GCB;NON FLOWBAL_DELTASR_BSBIRDBOND*;BAL_DELTASR_BSB
GCB;PROPTR_PAPDI_RF_BSBIRDBOND*;TR_PAPDI_RF_BSB
GCB;FLOWTR_MM_PAPSR_BSBIRDBOND*;TR_MM_PAPSR_BSB
GCB;NON FLOWBAL_BRL_SR_BSBIRDBOND*;BAL_BRL_SR_BSB
GCB;NON FLOWBAL_PSFX_RF_BSBIRDBOND*;BAL_PSFX_RF_BSB
GCB;NON FLOWBAL_PSPRERF_BSBIRDBOND*;BAL_PSPRERF_BSB
GCB;FLOWTR_MM_LBRF_BSBIRDBOND*;TR_MM_LBRF_BSB
GCB;FLOWTR_MM_IPCRF_BSBIRDBOND*;TR_MM_IPCRF_BSB
GCB;NON FLOWBAL_PSPRERF_BSBIRDBOND*;BAL_PSPRERF_BSB
GCB;FLOWMM_IPCLB_RF_BSBIRDBOND*;MM_IPCLB_RF_BSB
ALCO;MM_LIQUIDITYITGE_SAC_BSBIRDBOND*;ITGE_SAC_BSB
GCB;FLOWTR_MM_REALM_BSBIRDBOND*;TR_MM_REALM_BSB
GCB;NON FLOWBAL_FPRI_RF_BSBIRDBOND*;BAL_FPRI_RF_BSB
GCB;FLOWMM_IPCLB_LM_BSBIRDBOND*;MM_IPCLB_LM_BSB
GCB;FLOWTR_MM_IPCSR_BSBIRDBOND*;TR_MM_IPCSR_BSB
GCB;NON FLOWBAL_BRL_RF_BSBIRDBOND*;BAL_BRL_RF_BSB
ALCO;ALM_OSCORP_GFIZ_BSBIRDBOND*;CORP_GFIZ_BSB
GCB;NON FLOWBAL_BRL_RF_BSBIRDBOND*;BAL_BRL_RF_BSB
GCB;NON FLOWBAL_BRL_RF_BSBIRDBOND*;BAL_BRL_RF_BSB
GCB;NON FLOWBAL_BRL_RF_BSBIRDBOND*;BAL_BRL_RF_BSB
GCB;NON FLOWBAL_SECA_RF_BSBIRDBOND*;BAL_SECA_RF_BSB
GCB;FLOWTR_MM_PAPRF_BSBIRDBOND*;TR_MM_PAPRF_BSB
GCB;NON FLOWBAL_FPRI_RF_BSBIRDBOND*;BAL_FPRI_RF_BSB
GCB;NON FLOWBAL_BRL_RF_BSBIRDBOND*;BAL_BRL_RF_BSB
GCB;FLOWTR_MM_IPCSR_BSBIRDBOND*;TR_MM_IPCSR_BSB
GCB;CREDITOMM_CX_GUAR_FDOIRDBOND*;MM_CX_GUAR_FDO
GCB;FLOWMM_IPCAR_LM_BSBIRDBOND*;MM_IPCAR_LM_BSB
GCB;NON FLOWBAL_BPRI_RF_BSBIRDBOND*;BAL_BPRI_RF_BSB
GCB;NON FLOWBAL_BPRI_RF_BSBIRDBOND*;BAL_BPRI_RF_BSB
GCB;NON FLOWBAL_DELTASR_BSBIRDBOND*;BAL_DELTASR_BSB
GCB;NON FLOWBAL_BRL_RF_BSBIRDBOND*;BAL_BRL_RF_BSB
GCB;FLOWTR_MM_REALM_BSBIRDBOND*;TR_MM_REALM_BSB
GCB;FLOWMM_IPCLB_LM_BSBIRDBOND*;MM_IPCLB_LM_BSB
GCB;FLOWTR_MM_FBLM_BSBIRDBOND*;TR_MM_FBLM_BSB
GCB;FLOWMM_TIPGT_LM_BSBIRDBOND*;MM_TIPGT_LM_BSB
GCB;NON FLOWBAL_BRL_CL1_BSBIRDBOND*;BAL_BRL_CL1_BSB
GCB;NON FLOWBAL_SECA_LM_BSBIRDBOND*;BAL_SECA_LM_BSB
GCB;NON FLOWBAL_DELTALM_BSBIRDBOND*;BAL_DELTALM_BSB
GCB;FLOWTR_MM_IPCRF_BSBIRDBOND*;TR_MM_IPCRF_BSB
GCB;FLOWMM_TIPGT_LM_BSBIRDBOND*;MM_TIPGT_LM_BSB
GCB;FLOWTD_VOLIR_RF_BSBIRDBOND*;TD_VOLIR_RF_BSB
GCB;NON FLOWBAL_BRL_RF_BSBIRDBOND*;BAL_BRL_RF_BSB
GCB;NON FLOWBAL_BPRI_RF_BSBIRDBOND*;BAL_BPRI_RF_BSB
GCB;PROPTR_PDLB_RF_BSBIRDBOND*;TR_PDLB_RF_BSB
GCB;NON FLOWBAL_DELTARF_BSBIRDBOND*;BAL_DELTARF_BSB
ALCO;ALM_OSCORP_GFIZ_BSBIRDBOND*;CORP_GFIZ_BSB
GCB;NON FLOWBAL_INF_LM_BSBIRDBOND*;BAL_INF_LM_BSB
GCB;NON FLOWBAL_BPRI_RF_BSBIRDBOND*;BAL_BPRI_RF_BSB
GCB;NON FLOWBAL_PSPRELM_BSBIRDBOND*;BAL_PSPRELM_BSB
GCB;NON FLOWBAL_BRL_RF_BSBIRDBOND*;BAL_BRL_RF_BSB
GCB;NON FLOWBAL_BRL_CL2_BSBIRDBOND*;BAL_BRL_CL2_BSB
GCB;FLOWTD_VOLIR_LM_BSBIRDBOND*;TD_VOLIR_LM_BSB
GCB;FLOWTR_MM_LBRF_BSBIRDBOND*;TR_MM_LBRF_BSB
GCB;NON FLOWBAL_BRL_RF_BSBIRDBOND*;BAL_BRL_RF_BSB
GCB;FLOWMM_IPCLB_RF_BSBIRDBOND*;MM_IPCLB_RF_BSB
GCB;NON FLOWBAL_BRL_CL1_BSBIRDBOND*;BAL_BRL_CL1_BSB
GCB;FLOWTR_MM_PAPRF_BSBIRDBOND*;TR_MM_PAPRF_BSB
GCB;NON FLOWBAL_BRL_AST_BSBIRDBOND*;BAL_BRL_AST_BSB
GCB;FLOWTR_MM_IPCL_BSBIRDBOND*;TR_MM_IPCL_BSB
GCB;FLOWMM_IPCLB_LM_BSBIRDBOND*;MM_IPCLB_LM_BSB
GCB;NON FLOWBAL_SECA_LM_BSBIRDBOND*;BAL_SECA_LM_BSB
GCB;PROPTR_IPCLB_LM_BSBIRDBOND*;TR_IPCLB_LM_BSB
GCB;FLOWMM_IPCLB_RF_BSBIRDBOND*;MM_IPCLB_RF_BSB
GCB;ACPMACPM_XVARF1_BSBIRDBOND*;ACPM_XVARF1_BSB
GCB;FLOWMM_IPCAR_RF_BSBIRDBOND*;MM_IPCAR_RF_BSB
GCB;NON FLOWBAL_REAL_LM_BSBIRDBOND*;BAL_REAL_LM_BSB
GCB;NON FLOWBAL_BPRI_RF_BSBIRDBOND*;BAL_BPRI_RF_BSB
GCB;PROPTR_IPCLB_RF_BSBIRDBOND*;TR_IPCLB_RF_BSB
GCB;NON FLOWBAL_FPRI_RF_BSBIRDBOND*;BAL_FPRI_RF_BSB
GCB;FLOWMM_CASLB_RF_BSBIRDBOND*;MM_CASLB_RF_BSB
GCB;NON FLOWBAL_PSPRERF_BSBIRDBOND*;BAL_PSPRERF_BSB
GCB;NON FLOWBAL_PSPRELM_BSBIRDBOND*;BAL_PSPRELM_BSB
ALCO;ALM_OSCORP_ATU2_BSBIRDBOND*;CORP_ATU2_BSB
GCB;FLOWTD_VOLIR_RF_BSBIRDBOND*;TD_VOLIR_RF_BSB
GCB;NON FLOWBAL_BRL_RF_BSBIRDBOND*;BAL_BRL_RF_BSB
GCB;FLOWTD_ST3_RF_BSBIRDBOND*;TD_ST3_RF_BSB
GCB;FLOWTR_MM_CASRF_BSBIRDBOND*;TR_MM_CASRF_BSB
GCB;FLOWMM_PAPGT_RF_BSBIRDBOND*;MM_PAPGT_RF_BSB
GCB;FLOWMM_COMLB_LM_BSBIRDBOND*;MM_COMLB_LM_BSB
GCB;FLOWMM_IPCLB_RF_BSBIRDBOND*;MM_IPCLB_RF_BSB
GCB;NON FLOWBAL_REAL_LM_BSBIRDBOND*;BAL_REAL_LM_BSB
GCB;FLOWTR_MM_IPCL_BSBIRDBOND*;TR_MM_IPCL_BSB
GCB;FLOWTR_MM_IPCL_BSBIRDBOND*;TR_MM_IPCL_BSB
GCB;PROPTR_IPCA_SR_BSBIRDBOND*;TR_IPCA_SR_BSB
GCB;PROPTR_BEBRT_LM_BSBIRDBOND*;TR_BEBRT_LM_BSB
GCB;NON FLOWBAL_SECA_RF_BSBIRDBOND*;BAL_SECA_RF_BSB
GCB;NON FLOWBAL_BRL_RF_BSBIRDBOND*;BAL_BRL_RF_BSB
GCB;NON FLOWBAL_BPRI_RF_BSBIRDBOND*;BAL_BPRI_RF_BSB
GCB;NON FLOWBAL_DELTARF_BSBIRDBOND*;BAL_DELTARF_BSB
GCB;NON FLOWBAL_PCPN_RF_BSBIRDBOND*;BAL_PCPN_RF_BSB
GCB;NON FLOWBAL_REAL_LM_BSBIRDBOND*;BAL_REAL_LM_BSB
GCB;NON FLOWBAL_BRL_RF_BSBIRDBOND*;BAL_BRL_RF_BSB
GCB;FLOWTR_MM_LBRF_BSBIRDBOND*;TR_MM_LBRF_BSB
GCB;PROPTR_BEIPC_RF_BSBIRDBOND*;TR_BEIPC_RF_BSB
GCB;NON FLOWBAL_DELTARF_BSBIRDBOND*;BAL_DELTARF_BSB
GCB;FLOWTR_MM_CASRF_BSBIRDBOND*;TR_MM_CASRF_BSB
GCB;FLOWTR_MM_RB_SR_BSBIRDBOND*;TR_MM_RB_SR_BSB
GCB;FLOWTR_MM_PAPRF_BSBIRDBOND*;TR_MM_PAPRF_BSB
GCB;PROPTRD_COMP2RF_BSBIRDBOND*;TRD_COMP2RF_BSB
GCB;FLOWTR_MM_REALM_BSBIRDBOND*;TR_MM_REALM_BSB
GCB;NON FLOWBAL_BPRI_RF_BSBIRDBOND*;BAL_BPRI_RF_BSB
GCB;IRTBAL_DBHRMRF_BSBIRDBOND*;BAL_DBHRMRF_BSB
GCB;FLOWMM_COMLB_RF_BSBIRDBOND*;MM_COMLB_RF_BSB
GCB;FLOWMM_IPCAR_RF_BSBIRDBOND*;MM_IPCAR_RF_BSB
GCB;FLOWTD_VOLIR_LM_BSBIRDBOND*;TD_VOLIR_LM_BSB
GCB;PROPTR_IPCLB_LM_BSBIRDBOND*;TR_IPCLB_LM_BSB
GCB;NON FLOWBAL_INF_LM_BSBIRDBOND*;BAL_INF_LM_BSB
GCB;FLOWMM_CASAR_RF_BSBIRDBOND*;MM_CASAR_RF_BSB
GCB;FLOWTR_MM_LBLM_BSBIRDBOND*;TR_MM_LBLM_BSB
GCB;ACPMACPM_XVARF1_BSBIRDBOND*;ACPM_XVARF1_BSB
GCB;PROPTR_PDLB_LM_BSBIRDBOND*;TR_PDLB_LM_BSB
GCB;PROPTR_PREP_RF_BSBIRDBOND*;TR_PREP_RF_BSB
GCB;NON FLOWBAL_SECA_SR_BSBIRDBOND*;BAL_SECA_SR_BSB
GCB;NON FLOWBAL_BRL_CL1_BSBIRDBOND*;BAL_BRL_CL1_BSB
GCB;NON FLOWBAL_BPRI_RF_BSBIRDBOND*;BAL_BPRI_RF_BSB
GCB;NON FLOWBAL_BRL_AST_BSBIRDBOND*;BAL_BRL_AST_BSB
ALCO;ALM_OSCORP_GFEZ_BSBIRDBOND*;CORP_GFEZ_BSB
GCB;FLOWMM_PAPGT_RF_BSBIRDBOND*;MM_PAPGT_RF_BSB
GCB;NON FLOWBAL_BRL_RF_BSBIRDBOND*;BAL_BRL_RF_BSB
GCB;FLOWTR_MM_LBRF_BSBIRDBOND*;TR_MM_LBRF_BSB
GCB;PROPTR_BEBT_LM_BSBIRDBOND*;TR_BEBT_LM_BSB
GCB;FLOWMM_PAPGT_LM_BSBIRDBOND*;MM_PAPGT_LM_BSB
GCB;FLOWMM_TIPGT_LM_BSBIRDBOND*;MM_TIPGT_LM_BSB
GCB;NON FLOWBAL_BRL_RF_BSBIRDBOND*;BAL_BRL_RF_BSB
GCB;PROPTR_IPCA_LM_BSBIRDBOND*;TR_IPCA_LM_BSB
GCB;NON FLOWBAL_BPRI_RF_BSBIRDBOND*;BAL_BPRI_RF_BSB
GCB;NON FLOWBAL_SECA_RF_BSBIRDBOND*;BAL_SECA_RF_BSB
GCB;NON FLOWBAL_BPRI_RF_BSBIRDBOND*;BAL_BPRI_RF_BSB
GCB;FLOWMM_IPCAR_RF_BSBIRDBOND*;MM_IPCAR_RF_BSB
GCB;PROPTR_PAPDI_RF_BSBIRDBOND*;TR_PAPDI_RF_BSB
GCB;PROPTR_PDLB_RF_BSBIRDBOND*;TR_PDLB_RF_BSB
GCB;NON FLOWBAL_BRL_RF_BSBIRDBOND*;BAL_BRL_RF_BSB
GCB;PROPTR_PREP_LM_BSBIRDBOND*;TR_PREP_LM_BSB
GCB;NON FLOWBAL_PSPRERF_BSBIRDBOND*;BAL_PSPRERF_BSB
GCB;FLOWTR_MM_PAPRF_BSBIRDBOND*;TR_MM_PAPRF_BSB
GCB;NON FLOWBAL_DELTASR_BSBIRDBOND*;BAL_DELTASR_BSB
GCB;FLOWMM_COMLB_LM_BSBIRDBOND*;MM_COMLB_LM_BSB
GCB;FLOWTR_MM_IPCRF_BSBIRDBOND*;TR_MM_IPCRF_BSB
GCB;PROPUS_NTNFO_RF_BSBIRDBOND*;US_NTNFO_RF_BSB
GCB;FLOWTR_MM_PAPRF_BSBIRDBOND*;TR_MM_PAPRF_BSB
GCB;NON FLOWBAL_BRL_RF_BSBIRDBOND*;BAL_BRL_RF_BSB
GCB;PROPTR_PREB_RF_BSBIRDBOND*;TR_PREB_RF_BSB
GCB;IRTBAL_DBHRMRF_BSBIRDBOND*;BAL_DBHRMRF_BSB
GCB;FLOWMM_COMLB_LM_BSBIRDBOND*;MM_COMLB_LM_BSB
GCB;FLOWTR_MM_FBRF_BSBIRDBOND*;TR_MM_FBRF_BSB
GCB;FLOWTR_MM_FBLM_BSBIRDBOND*;TR_MM_FBLM_BSB
GCB;FLOWTR_MM_REALM_BSBIRDBOND*;TR_MM_REALM_BSB
GCB;NON FLOWBAL_DELTARF_BSBIRDBOND*;BAL_DELTARF_BSB
GCB;PROPTRD_COMP2RF_BSBIRDBOND*;TRD_COMP2RF_BSB
GCB;FLOWMM_IPCGT_LM_BSBIRDBOND*;MM_IPCGT_LM_BSB
GCB;PROPTR_PADI_LM_BSBIRDBOND*;TR_PADI_LM_BSB
GCB;FLOWMM_TIPGT_LM_BSBIRDBOND*;MM_TIPGT_LM_BSB
GCB;NON FLOWBAL_PSFX_RF_BSBIRDBOND*;BAL_PSFX_RF_BSB
GCB;NON FLOWBAL_BRL_RF_BSBIRDBOND*;BAL_BRL_RF_BSB
GCB;NON FLOWBAL_PSPRELM_BSBIRDBOND*;BAL_PSPRELM_BSB
GCB;FLOWTR_MM_REALM_BSBIRDBOND*;TR_MM_REALM_BSB
ALCO;MM_LIQUIDITYITGE_SAC_BSBIRDBOND*;ITGE_SAC_BSB
GCB;PROPTR_IPCA_LM_BSBIRDBOND*;TR_IPCA_LM_BSB
GCB;FLOWMM_PAPGT_RF_BSBIRDBOND*;MM_PAPGT_RF_BSB
GCB;FLOWMM_COMLB_RF_BSBIRDBOND*;MM_COMLB_RF_BSB
ALCO;ALM_OSCORPM_BR87_RARIRDBOND*;CORPM_BR87_RAR
GCB;NON FLOWBAL_BRL_RF_BSBIRDBOND*;BAL_BRL_RF_BSB
GCB;FLOWMM_COMLB_LM_BSBIRDBOND*;MM_COMLB_LM_BSB
GCB;FLOWTR_MM_LBRF_BSBIRDBOND*;TR_MM_LBRF_BSB
GCB;FLOWMM_CASLB_LM_BSBIRDBOND*;MM_CASLB_LM_BSB
GCB;NON FLOWBAL_BRL_RF_BSBIRDBOND*;BAL_BRL_RF_BSB
GCB;FLOWMM_PAPGT_SR_BSBIRDBOND*;MM_PAPGT_SR_BSB
ALCO;MM_LIQUIDITYITGE_SAC_BSBIRDBOND*;ITGE_SAC_BSB
GCB;NON FLOWBAL_PSPRELM_BSBIRDBOND*;BAL_PSPRELM_BSB
GCB;FLOWTR_MM_FBLM_BSBIRDBOND*;TR_MM_FBLM_BSB
ALCO;ALM_OSCORP_GFEZ_BSBIRDBOND*;CORP_GFEZ_BSB
GCB;NON FLOWBAL_BPRI_RF_BSBIRDBOND*;BAL_BPRI_RF_BSB
GCB;NON FLOWBAL_BRL_RF_BSBIRDBOND*;BAL_BRL_RF_BSB
GCB;FLOWTR_MM_IPCSR_BSBIRDBOND*;TR_MM_IPCSR_BSB
GCB;FLOWTR_MM_DAPRF_BSBIRDBOND*;TR_MM_DAPRF_BSB
GCB;FLOWMM_COMLB_RF_BSBIRDBOND*;MM_COMLB_RF_BSB
GCB;FLOWTR_MM_FBRF_BSBIRDBOND*;TR_MM_FBRF_BSB
GCB;FLOWTR_MM_REALM_BSBIRDBOND*;TR_MM_REALM_BSB
GCB;FLOWTR_MM_IPCSR_BSBIRDBOND*;TR_MM_IPCSR_BSB
GCB;NON FLOWBAL_REAL_LM_BSBIRDBOND*;BAL_REAL_LM_BSB
GCB;FLOWTR_MM_IPCSR_BSBIRDBOND*;TR_MM_IPCSR_BSB
GCB;NON FLOWBAL_PSPRERF_BSBIRDBOND*;BAL_PSPRERF_BSB
GCB;NON FLOWBAL_INF_LM_BSBIRDBOND*;BAL_INF_LM_BSB
GCB;FLOWTR_MM_LBLM_BSBIRDBOND*;TR_MM_LBLM_BSB
GCB;FLOWTR_MM_FBRF_BSBIRDBOND*;TR_MM_FBRF_BSB
GCB;NON FLOWBAL_FPRI_RF_BSBIRDBOND*;BAL_FPRI_RF_BSB
GCB;NON FLOWBAL_BRL_CL1_BSBIRDBOND*;BAL_BRL_CL1_BSB
GCB;PROPTR_PREP_RF_BSBIRDBOND*;TR_PREP_RF_BSB
GCB;NON FLOWBAL_PSPRELM_BSBIRDBOND*;BAL_PSPRELM_BSB
GCB;NON FLOWBAL_PSFX_RF_BSBIRDBOND*;BAL_PSFX_RF_BSB
GCB;NON FLOWBAL_BRL_RF_BSBIRDBOND*;BAL_BRL_RF_BSB
GCB;NON FLOWBAL_TJLP_RF_BSBIRDBOND*;BAL_TJLP_RF_BSB
GCB;FLOWMM_IPCAR_SR_BSBIRDBOND*;MM_IPCAR_SR_BSB
GCB;ACPMACPM_XVARF1_BSBIRDBOND*;ACPM_XVARF1_BSB
GCB;FLOWMM_CASLB_RF_BSBIRDBOND*;MM_CASLB_RF_BSB
GCB;PROPTRD_COMP1RF_BSBIRDBOND*;TRD_COMP1RF_BSB
GCB;NON FLOWBAL_BRL_CL2_BSBIRDBOND*;BAL_BRL_CL2_BSB
GCB;NON FLOWBAL_BRL_RF_BSBIRDBOND*;BAL_BRL_RF_BSB
GCB;NON FLOWBAL_LEIL_RF_BSBIRDBOND*;BAL_LEIL_RF_BSB
GCB;FLOWTR_MM_REALM_BSBIRDBOND*;TR_MM_REALM_BSB
GCB;FLOWTR_MM_BCKP_BSBIRDBOND*;TR_MM_BCKP_BSB
GCB;NON FLOWBAL_PSFX_SR_BSBIRDBOND*;BAL_PSFX_SR_BSB
GCB;NON FLOWBAL_BPRI_RF_BSBIRDBOND*;BAL_BPRI_RF_BSB
GCB;PROPTR_IPCLB_RF_BSBIRDBOND*;TR_IPCLB_RF_BSB
GCB;PROPTR_IPCA_LM_BSBIRDBOND*;TR_IPCA_LM_BSB
GCB;NON FLOWBAL_BRL_RF_BSBIRDBOND*;BAL_BRL_RF_BSB
GCB;FLOWMM_IPCGT_RF_BSBIRDBOND*;MM_IPCGT_RF_BSB
GCB;NON FLOWBAL_BRL_LM_BSBIRDBOND*;BAL_BRL_LM_BSB
GCB;FLOWTD_VOLIR_LM_BSBIRDBOND*;TD_VOLIR_LM_BSB
GCB;FLOWTR_MM_PAPRF_BSBIRDBOND*;TR_MM_PAPRF_BSB
GCB;FLOWTR_MM_LBLM_BSBIRDBOND*;TR_MM_LBLM_BSB
GCB;NON FLOWBAL_SECA_LM_BSBIRDBOND*;BAL_SECA_LM_BSB
GCB;FLOWMM_CASAR_RF_BSBIRDBOND*;MM_CASAR_RF_BSB
GCB;FLOWTR_MM_PAPRF_BSBIRDBOND*;TR_MM_PAPRF_BSB
GCB;NON FLOWBAL_BPRI_RF_BSBIRDBOND*;BAL_BPRI_RF_BSB
GCB;NON FLOWBAL_BRL_AST_BSBIRDBOND*;BAL_BRL_AST_BSB
GCB;FLOWMM_COMLB_RF_BSBIRDBOND*;MM_COMLB_RF_BSB
GCB;NON FLOWBAL_SECA_RF_BSBIRDBOND*;BAL_SECA_RF_BSB
GCB;NON FLOWBAL_BRL_CL2_BSBIRDBOND*;BAL_BRL_CL2_BSB
GCB;NON FLOWBAL_BRL_RF_BSBIRDBOND*;BAL_BRL_RF_BSB
GCB;FLOWTR_MM_PAPRF_BSBIRDBOND*;TR_MM_PAPRF_BSB
GCB;NON FLOWBAL_DELTARF_BSBIRDBOND*;BAL_DELTARF_BSB
GCB;NON FLOWBAL_PSPRERF_BSBIRDBOND*;BAL_PSPRERF_BSB
GCB;NON FLOWBAL_BRL_RF_BSBIRDBOND*;BAL_BRL_RF_BSB
GCB;FLOWTR_MM_FBRF_BSBIRDBOND*;TR_MM_FBRF_BSB
GCB;FLOWTR_MM_LBRF_BSBIRDBOND*;TR_MM_LBRF_BSB
GCB;NON FLOWBAL_REAL_LM_BSBIRDBOND*;BAL_REAL_LM_BSB
GCB;PROPTR_PREB_RF_BSBIRDBOND*;TR_PREB_RF_BSB
GCB;NON FLOWBAL_PSPRELM_BSBIRDBOND*;BAL_PSPRELM_BSB
GCB;NON FLOWBAL_BRL_CL1_BSBIRDBOND*;BAL_BRL_CL1_BSB
GCB;FLOWTR_MM_IPCSR_BSBIRDBOND*;TR_MM_IPCSR_BSB
GCB;CREDITOBAL_DEBP_RF_BSBIRDBOND*;BAL_DEBP_RF_BSB
GCB;FLOWMM_IPCGT_LM_BSBIRDBOND*;MM_IPCGT_LM_BSB
GCB;FLOWTR_MM_FBRF_BSBIRDBOND*;TR_MM_FBRF_BSB
GCB;FLOWTR_MM_PAPSR_BSBIRDBOND*;TR_MM_PAPSR_BSB
GCB;FLOWMM_IPCLB_RF_BSBIRDBOND*;MM_IPCLB_RF_BSB
GCB;NON FLOWBAL_PSPRESR_BSBIRDBOND*;BAL_PSPRESR_BSB
GCB;PROPTR_BEBRT_LM_BSBIRDBOND*;TR_BEBRT_LM_BSB
GCB;FLOWTR_MM_FBLM_BSBIRDBOND*;TR_MM_FBLM_BSB
GCB;PROPTR_PDLB_LM_BSBIRDBOND*;TR_PDLB_LM_BSB
GCB;PROPTR_BEBT_LM_BSBIRDBOND*;TR_BEBT_LM_BSB
GCB;NON FLOWBAL_SECA_RF_BSBIRDBOND*;BAL_SECA_RF_BSB
GCB;NON FLOWBAL_DELTALM_BSBIRDBOND*;BAL_DELTALM_BSB
GCB;NON FLOWBAL_FPRI_RF_BSBIRDBOND*;BAL_FPRI_RF_BSB
GCB;FLOWTR_MM_LBLM_BSBIRDBOND*;TR_MM_LBLM_BSB
GCB;NON FLOWBAL_SECA_RF_BSBIRDBOND*;BAL_SECA_RF_BSB
GCB;PROPTR_PDLB_LM_BSBIRDBOND*;TR_PDLB_LM_BSB
GCB;PROPTR_IPCLB_RF_BSBIRDBOND*;TR_IPCLB_RF_BSB
GCB;PROPTR_PDLB_RF_BSBIRDBOND*;TR_PDLB_RF_BSB
GCB;FLOWTR_MM_IPCRF_BSBIRDBOND*;TR_MM_IPCRF_BSB
GCB;NON FLOWBAL_PSFX_SR_BSBIRDBOND*;BAL_PSFX_SR_BSB
GCB;FLOWMM_IPCAR_LM_BSBIRDBOND*;MM_IPCAR_LM_BSB
ALCO;ALM_OSCORP_ATU2_BSBIRDBOND*;CORP_ATU2_BSB
GCB;FLOWMM_IPCAR_LM_BSBIRDBOND*;MM_IPCAR_LM_BSB
GCB;NON FLOWBAL_BRL_RF_BSBIRDBOND*;BAL_BRL_RF_BSB
GCB;FLOWTR_MM_REALM_BSBIRDBOND*;TR_MM_REALM_BSB
GCB;FLOWTR_MM_RBOND_BSBIRDBOND*;TR_MM_RBOND_BSB
GCB;PROPTRD_COMP1RF_BSBIRDBOND*;TRD_COMP1RF_BSB
GCB;PROPTR_BEBRT_LM_BSBIRDBOND*;TR_BEBRT_LM_BSB
GCB;FLOWTR_MM_PAPSR_BSBIRDBOND*;TR_MM_PAPSR_BSB
GCB;NON FLOWBAL_LEIL_RF_BSBIRDBOND*;BAL_LEIL_RF_BSB
ALCO;ALM_OSCORP_ATU2_BSBIRDBOND*;CORP_ATU2_BSB
GCB;PROPTR_BEBT_LM_BSBIRDBOND*;TR_BEBT_LM_BSB
GCB;FLOWMM_IPCAR_LM_BSBIRDBOND*;MM_IPCAR_LM_BSB
GCB;NON FLOWBAL_PSPRERF_BSBIRDBOND*;BAL_PSPRERF_BSB
GCB;FLOWMM_TIPGT_RF_BSBIRDBOND*;MM_TIPGT_RF_BSB
GCB;CREDITOBAL_DEBP_RF_BSBIRDBOND*;BAL_DEBP_RF_BSB
EVIDENCE;ALM_OSFGB_CART_BSBIRDBOND*;FGB_CART_BSB
GCB;FLOWTD_SGC_INF2_BSBIRDBOND*;TD_SGC_INF2_BSB
GCB;FLOWTR_MM_PAPLM_BSBIRDBOND*;TR_MM_PAPLM_BSB
GCB;ACPMACPM_XVA_RF_BSBIRDBOND*;ACPM_XVA_RF_BSB
GCB;NON FLOWBAL_INF_LM_BSBIRDBOND*;BAL_INF_LM_BSB
GCB;NON FLOWBAL_BRL_RF_BSBIRDBOND*;BAL_BRL_RF_BSB
GCB;NON FLOWBAL_REAL_LM_BSBIRDBOND*;BAL_REAL_LM_BSB
GCB;NON FLOWBAL_PSFX_LM_BSBIRDBOND*;BAL_PSFX_LM_BSB
GCB;NON FLOWBAL_BPRI_RF_BSBIRDBOND*;BAL_BPRI_RF_BSB
GCB;NON FLOWBAL_BRL_CL2_BSBIRDBOND*;BAL_BRL_CL2_BSB
ALCO;ALM_OSCORP_GFEZ_BSBIRDBOND*;CORP_GFEZ_BSB
GCB;FLOWMM_CASLB_RF_BSBIRDBOND*;MM_CASLB_RF_BSB
GCB;FLOWTR_MM_RBOND_BSBIRDBOND*;TR_MM_RBOND_BSB
GCB;FLOWTR_MM_RB_LM_BSBIRDBOND*;TR_MM_RB_LM_BSB
GCB;NON FLOWBAL_PSPRERF_BSBIRDBOND*;BAL_PSPRERF_BSB
GCB;NON FLOWBAL_INF_LM_BSBIRDBOND*;BAL_INF_LM_BSB
GCB;FLOWTR_MM_CASRF_BSBIRDBOND*;TR_MM_CASRF_BSB
GCB;FLOWTR_MM_FBRF_BSBIRDBOND*;TR_MM_FBRF_BSB
GCB;FLOWTR_MM_RBOND_BSBIRDBOND*;TR_MM_RBOND_BSB
GCB;FLOWTR_MM_FBSR_BSBIRDBOND*;TR_MM_FBSR_BSB
GCB;NON FLOWBAL_BRL_RF_BSBIRDBOND*;BAL_BRL_RF_BSB
GCB;FLOWMM_TIPGT_RF_BSBIRDBOND*;MM_TIPGT_RF_BSB
GCB;NON FLOWBAL_PSPRERF_BSBIRDBOND*;BAL_PSPRERF_BSB
GCB;NON FLOWBAL_DELTARF_BSBIRDBOND*;BAL_DELTARF_BSB
GCB;FLOWTD_ST3_RF_BSBIRDBOND*;TD_ST3_RF_BSB
GCB;NON FLOWBAL_BPRI_RF_BSBIRDBOND*;BAL_BPRI_RF_BSB
GCB;FLOWTR_MM_PAPDI_BSBIRDBOND*;TR_MM_PAPDI_BSB
GCB;NON FLOWBAL_BRL_RF_BSBIRDBOND*;BAL_BRL_RF_BSB
GCB;PROPTR_PREB_RF_BSBIRDBOND*;TR_PREB_RF_BSB
GCB;NON FLOWBAL_PSPRESR_BSBIRDBOND*;BAL_PSPRESR_BSB
GCB;PROPTR_PREB_RF_BSBIRDBOND*;TR_PREB_RF_BSB
GCB;FLOWMM_IPCGT_RF_BSBIRDBOND*;MM_IPCGT_RF_BSB
GCB;NON FLOWBAL_BPRI_RF_BSBIRDBOND*;BAL_BPRI_RF_BSB
GCB;PROPTR_PDLB_RF_BSBIRDBOND*;TR_PDLB_RF_BSB
GCB;FLOWMM_CASAR_RF_BSBIRDBOND*;MM_CASAR_RF_BSB
GCB;FLOWMM_IPCAR_LM_BSBIRDBOND*;MM_IPCAR_LM_BSB
GCB;FLOWTR_MM_RBOND_BSBIRDBOND*;TR_MM_RBOND_BSB
GCB;NON FLOWBAL_SECA_RF_BSBIRDBOND*;BAL_SECA_RF_BSB
GCB;NON FLOWBAL_SECA_LM_BSBIRDBOND*;BAL_SECA_LM_BSB
GCB;NON FLOWBAL_PSPRESR_BSBIRDBOND*;BAL_PSPRESR_BSB
GCB;NON FLOWBAL_BRL_CL2_BSBIRDBOND*;BAL_BRL_CL2_BSB
GCB;FLOWTR_MM_REALM_BSBIRDBOND*;TR_MM_REALM_BSB
GCB;FLOWTR_MM_IPCRF_BSBIRDBOND*;TR_MM_IPCRF_BSB
GCB;FLOWTR_MM_FBRF_BSBIRDBOND*;TR_MM_FBRF_BSB
GCB;FLOWTR_MM_IPCRF_BSBIRDBOND*;TR_MM_IPCRF_BSB
GCB;PROPTR_PREP_RF_BSBIRDBOND*;TR_PREP_RF_BSB
GCB;FLOWMM_PAPGT_RF_BSBIRDBOND*;MM_PAPGT_RF_BSB
GCB;NON FLOWBAL_BRL_CL2_BSBIRDBOND*;BAL_BRL_CL2_BSB
GCB;FLOWTR_MM_IPCL_BSBIRDBOND*;TR_MM_IPCL_BSB
GCB;NON FLOWBAL_BPRI_RF_BSBIRDBOND*;BAL_BPRI_RF_BSB
GCB;FLOWMM_COMLB_RF_BSBIRDBOND*;MM_COMLB_RF_BSB
GCB;NON FLOWBAL_BPRI_RF_BSBIRDBOND*;BAL_BPRI_RF_BSB
GCB;FLOWTR_MM_TESRF_BSBIRDBOND*;TR_MM_TESRF_BSB
GCB;NON FLOWBAL_LEIL_RF_BSBIRDBOND*;BAL_LEIL_RF_BSB
GCB;FLOWMM_IPCAR_LM_BSBIRDBOND*;MM_IPCAR_LM_BSB
GCB;FLOWMM_COMLB_LM_BSBIRDBOND*;MM_COMLB_LM_BSB
GCB;NON FLOWBAL_PSPRERF_BSBIRDBOND*;BAL_PSPRERF_BSB
GCB;ACPMACPM_XVA_RF_BSBIRDBOND*;ACPM_XVA_RF_BSB
GCB;PROPTR_IGPM_RF_BSBIRDBOND*;TR_IGPM_RF_BSB
GCB;FLOWTR_MM_LBRF_BSBIRDBOND*;TR_MM_LBRF_BSB
GCB;FLOWTR_MM_IPCRF_BSBIRDBOND*;TR_MM_IPCRF_BSB
ALCO;ALM_OSCORP_AFGB_BSBIRDBOND*;CORP_AFGB_BSB
GCB;FLOWMM_IPCAR_RF_BSBIRDBOND*;MM_IPCAR_RF_BSB
GCB;NON FLOWBAL_BRL_CL1_BSBIRDBOND*;BAL_BRL_CL1_BSB
GCB;FLOWTD_VOLIR_LM_BSBIRDBOND*;TD_VOLIR_LM_BSB
GCB;NON FLOWBAL_PSPRELM_BSBIRDBOND*;BAL_PSPRELM_BSB
GCB;FLOWMM_IPCAR_LM_BSBIRDBOND*;MM_IPCAR_LM_BSB
GCB;FLOWTR_MM_RB_LM_BSBIRDBOND*;TR_MM_RB_LM_BSB
GCB;FLOWMM_PAPGT_LM_BSBIRDBOND*;MM_PAPGT_LM_BSB
GCB;NON FLOWBAL_BRL_CL2_BSBIRDBOND*;BAL_BRL_CL2_BSB
GCB;FLOWTR_MM_PAPRF_BSBIRDBOND*;TR_MM_PAPRF_BSB
ALCO;MM_LIQUIDITYITGE_SAC_BSBIRDBOND*;ITGE_SAC_BSB
GCB;PROPTR_IPCA_SR_BSBIRDBOND*;TR_IPCA_SR_BSB
GCB;FLOWTR_MM_IPCL_BSBIRDBOND*;TR_MM_IPCL_BSB
GCB;NON FLOWBAL_BRL_CL2_BSBIRDBOND*;BAL_BRL_CL2_BSB
GCB;FLOWTR_MM_PAPSR_BSBIRDBOND*;TR_MM_PAPSR_BSB
GCB;NON FLOWBAL_BPRI_RF_BSBIRDBOND*;BAL_BPRI_RF_BSB
GCB;NON FLOWBAL_DELTASR_BSBIRDBOND*;BAL_DELTASR_BSB
GCB;FLOWTR_MM_IPCL_BSBIRDBOND*;TR_MM_IPCL_BSB
GCB;NON FLOWBAL_BRL_RF_BSBIRDBOND*;BAL_BRL_RF_BSB
GCB;FLOWMM_IPCGT_RF_BSBIRDBOND*;MM_IPCGT_RF_BSB
GCB;FLOWTR_MM_PAPLM_BSBIRDBOND*;TR_MM_PAPLM_BSB
GCB;FLOWTD_SGC_INF2_BSBIRDBOND*;TD_SGC_INF2_BSB
GCB;NON FLOWBAL_REAL_LM_BSBIRDBOND*;BAL_REAL_LM_BSB
GCB;NON FLOWBAL_LEIL_RF_BSBIRDBOND*;BAL_LEIL_RF_BSB
GCB;NON FLOWBAL_BRL_RF_BSBIRDBOND*;BAL_BRL_RF_BSB
GCB;NON FLOWBAL_BRL_RF_BSBIRDBOND*;BAL_BRL_RF_BSB
GCB;NON FLOWBAL_PSPRERF_BSBIRDBOND*;BAL_PSPRERF_BSB
GCB;FLOWTR_MM_RB_LM_BSBIRDBOND*;TR_MM_RB_LM_BSB
EVIDENCE;ALM_OSFGB_CART_BSBIRDBOND*;FGB_CART_BSB
GCB;NON FLOWBAL_SEC2_RF_BSBIRDBOND*;BAL_SEC2_RF_BSB
GCB;FLOWTR_MM_BCKP_BSBIRDBOND*;TR_MM_BCKP_BSB
ALCO;MM_LIQUIDITYITGE_SAC_BSBIRDBOND*;ITGE_SAC_BSB
GCB;NON FLOWBAL_DELTARF_BSBIRDBOND*;BAL_DELTARF_BSB
GCB;FLOWTD_ST3_RF_BSBIRDBOND*;TD_ST3_RF_BSB
GCB;FLOWTR_MM_LBLM_BSBIRDBOND*;TR_MM_LBLM_BSB
GCB;FLOWTR_MM_LBLM_BSBIRDBOND*;TR_MM_LBLM_BSB
GCB;PROPTR_IPCA_SR_BSBIRDBOND*;TR_IPCA_SR_BSB
GCB;PROPTR_IPCA_SR_BSBIRDBOND*;TR_IPCA_SR_BSB
GCB;FLOWTR_MM_IPCLM_BSBIRDBOND*;TR_MM_IPCLM_BSB
GCB;FLOWTR_MM_PAPRF_BSBIRDBOND*;TR_MM_PAPRF_BSB
GCB;FLOWTR_MM_IPCL_BSBIRDBOND*;TR_MM_IPCL_BSB
GCB;FLOWTR_MM_LBLM_BSBIRDBOND*;TR_MM_LBLM_BSB
GCB;NON FLOWBAL_BRL_CL1_BSBIRDBOND*;BAL_BRL_CL1_BSB
GCB;NON FLOWBAL_BPRI_RF_BSBIRDBOND*;BAL_BPRI_RF_BSB
GCB;NON FLOWBAL_SECA_LM_BSBIRDBOND*;BAL_SECA_LM_BSB
GCB;NON FLOWBAL_PSFX_RF_BSBIRDBOND*;BAL_PSFX_RF_BSB
GCB;ACPMACPM_XVA_RF_BSBIRDBOND*;ACPM_XVA_RF_BSB
GCB;NON FLOWBAL_PSPRELM_BSBIRDBOND*;BAL_PSPRELM_BSB
GCB;FLOWTR_MM_IPCRF_BSBIRDBOND*;TR_MM_IPCRF_BSB
GCB;FLOWMM_IPCLB_LM_BSBIRDBOND*;MM_IPCLB_LM_BSB
GCB;FLOWTR_MM_LBLM_BSBIRDBOND*;TR_MM_LBLM_BSB
GCB;FLOWTR_MM_PAPSR_BSBIRDBOND*;TR_MM_PAPSR_BSB
GCB;NON FLOWBAL_BRL_RF_BSBIRDBOND*;BAL_BRL_RF_BSB
GCB;NON FLOWBAL_PSPRESR_BSBIRDBOND*;BAL_PSPRESR_BSB
GCB;PROPTR_BEBT_LM_BSBIRDBOND*;TR_BEBT_LM_BSB
GCB;FLOWMM_CASAR_LM_BSBIRDBOND*;MM_CASAR_LM_BSB
GCB;NON FLOWBAL_TJLP_RF_BSBIRDBOND*;BAL_TJLP_RF_BSB
GCB;NON FLOWBAL_BRL_RF_BSBIRDBOND*;BAL_BRL_RF_BSB
GCB;FLOWTR_MM_FBLM_BSBIRDBOND*;TR_MM_FBLM_BSB
GCB;FLOWTR_MM_PAPRF_BSBIRDBOND*;TR_MM_PAPRF_BSB
GCB;FLOWTR_MM_FBLM_BSBIRDBOND*;TR_MM_FBLM_BSB
GCB;FLOWTR_MM_IPCL_BSBIRDBOND*;TR_MM_IPCL_BSB
GCB;NON FLOWBAL_DELTARF_BSBIRDBOND*;BAL_DELTARF_BSB
GCB;NON FLOWBAL_BPRI_RF_BSBIRDBOND*;BAL_BPRI_RF_BSB
GCB;FLOWTR_MM_IPCL_BSBIRDBOND*;TR_MM_IPCL_BSB
GCB;NON FLOWBAL_PSPRERF_BSBIRDBOND*;BAL_PSPRERF_BSB
GCB;FLOWMM_IPCAR_LM_BSBIRDBOND*;MM_IPCAR_LM_BSB
GCB;PROPTR_PADI_LM_BSBIRDBOND*;TR_PADI_LM_BSB
ALCO;ALM_OSCORP_LFT_BSBIRDBOND*;CORP_LFT_BSB
GCB;NON FLOWBAL_PSPRELM_BSBIRDBOND*;BAL_PSPRELM_BSB
GCB;FLOWTR_MM_PAPRF_BSBIRDBOND*;TR_MM_PAPRF_BSB
GCB;PROPTR_IPCA_RF_BSBIRDBOND*;TR_IPCA_RF_BSB
GCB;FLOWTR_MM_IPCRF_BSBIRDBOND*;TR_MM_IPCRF_BSB
GCB;ACPMACPM_XVARF1_BSBIRDBOND*;ACPM_XVARF1_BSB
GCB;FLOWMM_IPCAR_LM_BSBIRDBOND*;MM_IPCAR_LM_BSB
GCB;FLOWMM_IPCAR_RF_BSBIRDBOND*;MM_IPCAR_RF_BSB
GCB;NON FLOWBAL_BRL_CL2_BSBIRDBOND*;BAL_BRL_CL2_BSB
GCB;FLOWTD_VOLIR_RF_BSBIRDBOND*;TD_VOLIR_RF_BSB
GCB;FLOWTR_MM_FBLM_BSBIRDBOND*;TR_MM_FBLM_BSB
GCB;NON FLOWBAL_PSFX_RF_BSBIRDBOND*;BAL_PSFX_RF_BSB
GCB;FLOWTR_MM_IPCRF_BSBIRDBOND*;TR_MM_IPCRF_BSB
GCB;NON FLOWBAL_BRL_CLI_BSBIRDBOND*;BAL_BRL_CLI_BSB
GCB;FLOWTR_MM_PAPRF_BSBIRDBOND*;TR_MM_PAPRF_BSB
GCB;PROPTR_IPCA_SR_BSBIRDBOND*;TR_IPCA_SR_BSB
GCB;FLOWTR_MM_IPCRF_BSBIRDBOND*;TR_MM_IPCRF_BSB
GCB;PROPTRD_COMP2RF_BSBIRDBOND*;TRD_COMP2RF_BSB
GCB;FLOWTR_MM_LBLM_BSBIRDBOND*;TR_MM_LBLM_BSB
GCB;FLOWTR_MM_FBRF_BSBIRDBOND*;TR_MM_FBRF_BSB
GCB;NON FLOWBAL_PSPRERF_BSBIRDBOND*;BAL_PSPRERF_BSB
GCB;NON FLOWBAL_BRL_RF_BSBIRDBOND*;BAL_BRL_RF_BSB
GCB;FLOWTR_MM_PAPSR_BSBIRDBOND*;TR_MM_PAPSR_BSB
GCB;NON FLOWBAL_PSFX_RF_BSBIRDBOND*;BAL_PSFX_RF_BSB
GCB;FLOWTR_MM_LBRF_BSBIRDBOND*;TR_MM_LBRF_BSB
GCB;NON FLOWBAL_BPRI_RF_BSBIRDBOND*;BAL_BPRI_RF_BSB
